{
    "test_acc": [
        [
            0,
            0.375
        ],
        [
            1,
            0.5
        ],
        [
            11,
            0.625
        ],
        [
            21,
            0.5
        ],
        [
            31,
            0.625
        ],
        [
            41,
            0.75
        ],
        [
            51,
            0.75
        ],
        [
            61,
            1.0
        ],
        [
            71,
            1.0
        ],
        [
            81,
            0.375
        ]
    ],
    "test_loss": [
        [
            0,
            0.860333540343005
        ],
        [
            1,
            1.1058809056956207
        ],
        [
            11,
            0.16924261947757024
        ],
        [
            21,
            0.150988769924965
        ],
        [
            31,
            0.18846085787858805
        ],
        [
            41,
            0.11539047234828033
        ],
        [
            51,
            0.10358660031436465
        ],
        [
            61,
            0.06573756346180265
        ],
        [
            71,
            0.06993537424795476
        ],
        [
            81,
            753.020863085764
        ]
    ],
    "train_loss": [
        [
            0,
            2.3849813545985405
        ],
        [
            1,
            3.1837601941012594
        ],
        [
            2,
            0.6418825627918467
        ],
        [
            3,
            0.09099988661864039
        ],
        [
            4,
            0.07407273409961947
        ],
        [
            5,
            0.07437381709031173
        ],
        [
            6,
            0.06725984292974944
        ],
        [
            7,
            0.061056598744900735
        ],
        [
            8,
            0.06031353606610614
        ],
        [
            9,
            0.0551698201125399
        ],
        [
            10,
            0.048111184255239
        ],
        [
            11,
            0.06815050541322638
        ],
        [
            12,
            0.04415213196121421
        ],
        [
            13,
            0.042352133231526
        ],
        [
            14,
            0.03723824554442127
        ],
        [
            15,
            0.03958820294212161
        ],
        [
            16,
            0.0347944210735388
        ],
        [
            17,
            0.03708161152530858
        ],
        [
            18,
            0.03297319677559832
        ],
        [
            19,
            0.02754007317230835
        ],
        [
            20,
            0.03223374035837059
        ],
        [
            21,
            0.10576177922195863
        ],
        [
            22,
            0.03002883723703953
        ],
        [
            23,
            0.029690244850334207
        ],
        [
            24,
            0.020105598915893162
        ],
        [
            25,
            0.02440858374902434
        ],
        [
            26,
            0.0248963672620867
        ],
        [
            27,
            0.022506718239710427
        ],
        [
            28,
            0.02110646884276759
        ],
        [
            29,
            0.02134996983929761
        ],
        [
            30,
            0.017307218470765218
        ],
        [
            31,
            0.8274313186348152
        ],
        [
            32,
            0.010759458890494825
        ],
        [
            33,
            0.013424337814187844
        ],
        [
            34,
            0.01193201490870543
        ],
        [
            35,
            0.009418794289885716
        ],
        [
            36,
            0.008261062677443186
        ],
        [
            37,
            0.008119133169153255
        ],
        [
            38,
            0.010847002442567727
        ],
        [
            39,
            0.006655476322877087
        ],
        [
            40,
            0.009734646206497494
        ],
        [
            41,
            1.9623331777677322
        ],
        [
            42,
            0.003653235666694963
        ],
        [
            43,
            0.004587482666819291
        ],
        [
            44,
            0.003450927218405402
        ],
        [
            45,
            0.0035723912903678615
        ],
        [
            46,
            0.0035946023307497957
        ],
        [
            47,
            0.0034660641085755943
        ],
        [
            48,
            0.0019268346550488779
        ],
        [
            49,
            0.002211791740682642
        ],
        [
            50,
            0.0020702197844696636
        ],
        [
            51,
            20.933525263854435
        ],
        [
            52,
            18.810173460081675
        ],
        [
            53,
            16.641651770087336
        ],
        [
            54,
            13.545696195878207
        ],
        [
            55,
            7.123574625082292
        ],
        [
            56,
            0.001744804974352818
        ],
        [
            57,
            0.0011483466161934693
        ],
        [
            58,
            0.0011864709863056702
        ],
        [
            59,
            0.0007758943830242299
        ],
        [
            60,
            0.0008179923429881535
        ],
        [
            61,
            27.563578985101103
        ],
        [
            62,
            6.2266972995244005
        ],
        [
            63,
            0.0012449587190781013
        ],
        [
            64,
            0.0014795945065703873
        ],
        [
            65,
            0.001423892134589379
        ],
        [
            66,
            0.0008808871120455235
        ],
        [
            67,
            0.0010321786547454362
        ],
        [
            68,
            0.0012448240755162994
        ],
        [
            69,
            0.0007278699158449636
        ],
        [
            70,
            0.0007694295642422683
        ],
        [
            71,
            218.40513810651169
        ],
        [
            72,
            309.70660609098144
        ],
        [
            73,
            377.7916116182662
        ],
        [
            74,
            442.4249839776018
        ],
        [
            75,
            502.86046607437805
        ],
        [
            76,
            561.0260454620957
        ],
        [
            77,
            611.2736602169019
        ],
        [
            78,
            652.3658703633727
        ],
        [
            79,
            690.2669520948175
        ],
        [
            80,
            726.6217440253007
        ]
    ],
    "epochs_completed": 80
}