{
    "test_acc": [
        [
            0,
            0.5
        ],
        [
            1,
            0.25
        ],
        [
            11,
            0.5
        ],
        [
            21,
            0.625
        ],
        [
            31,
            0.625
        ],
        [
            41,
            0.75
        ],
        [
            51,
            0.75
        ],
        [
            61,
            0.5
        ],
        [
            71,
            0.625
        ],
        [
            81,
            0.5
        ],
        [
            91,
            0.625
        ],
        [
            101,
            0.625
        ],
        [
            111,
            0.5
        ],
        [
            121,
            0.625
        ],
        [
            131,
            0.625
        ],
        [
            141,
            0.75
        ],
        [
            151,
            0.625
        ],
        [
            161,
            0.75
        ],
        [
            171,
            0.625
        ],
        [
            181,
            0.625
        ],
        [
            191,
            0.875
        ],
        [
            201,
            0.75
        ]
    ],
    "test_loss": [
        [
            0,
            0.7555001294407757
        ],
        [
            1,
            0.2861421528162197
        ],
        [
            11,
            0.2156501955642411
        ],
        [
            21,
            0.18154997754269775
        ],
        [
            31,
            0.163975658096074
        ],
        [
            41,
            0.1615499911334211
        ],
        [
            51,
            0.16433727820815736
        ],
        [
            61,
            0.15978937036511726
        ],
        [
            71,
            0.16239465726061114
        ],
        [
            81,
            0.15833606898171226
        ],
        [
            91,
            0.16498598259599767
        ],
        [
            101,
            0.17699062893292028
        ],
        [
            111,
            0.15512931534420882
        ],
        [
            121,
            0.1723645497884323
        ],
        [
            131,
            0.1646222289527281
        ],
        [
            141,
            0.16955492487359536
        ],
        [
            151,
            0.19300974867641263
        ],
        [
            161,
            0.1975486772652275
        ],
        [
            171,
            0.19277918153413368
        ],
        [
            181,
            0.16605634899204177
        ],
        [
            191,
            0.16112236159341556
        ],
        [
            201,
            0.1643602845501469
        ]
    ],
    "train_loss": [
        [
            0,
            0.9960741912312807
        ],
        [
            1,
            0.2513909316361539
        ],
        [
            2,
            0.08606178523520958
        ],
        [
            3,
            0.0870358155007784
        ],
        [
            4,
            0.08388884434308404
        ],
        [
            5,
            0.07965418437873971
        ],
        [
            6,
            0.07559634253538867
        ],
        [
            7,
            0.07104020261620701
        ],
        [
            8,
            0.0726068523397529
        ],
        [
            9,
            0.07178886029340738
        ],
        [
            10,
            0.06773108029910728
        ],
        [
            11,
            0.07049430196329079
        ],
        [
            12,
            0.056631419739775375
        ],
        [
            13,
            0.05630969811634842
        ],
        [
            14,
            0.05670145150946221
        ],
        [
            15,
            0.05695190983965759
        ],
        [
            16,
            0.05138213825122143
        ],
        [
            17,
            0.053462913689814325
        ],
        [
            18,
            0.05401519494364204
        ],
        [
            19,
            0.05374895516973164
        ],
        [
            20,
            0.04989554022038234
        ],
        [
            21,
            0.07803809638562524
        ],
        [
            22,
            0.05380180013973784
        ],
        [
            23,
            0.05224112624366453
        ],
        [
            24,
            0.05157325198716648
        ],
        [
            25,
            0.04924203536009913
        ],
        [
            26,
            0.0465288704498491
        ],
        [
            27,
            0.04480380294255823
        ],
        [
            28,
            0.04997631825543253
        ],
        [
            29,
            0.04917673613199594
        ],
        [
            30,
            0.04706276189788016
        ],
        [
            31,
            0.07330531172170826
        ],
        [
            32,
            0.050542013292758724
        ],
        [
            33,
            0.046853981715878824
        ],
        [
            34,
            0.0408829195147847
        ],
        [
            35,
            0.046708980309500436
        ],
        [
            36,
            0.04422825457103785
        ],
        [
            37,
            0.0443064771868664
        ],
        [
            38,
            0.045380708779095856
        ],
        [
            39,
            0.04516554430233627
        ],
        [
            40,
            0.04573821828521044
        ],
        [
            41,
            0.067325322868735
        ],
        [
            42,
            0.04670573374697057
        ],
        [
            43,
            0.04704509143706106
        ],
        [
            44,
            0.047537843854651075
        ],
        [
            45,
            0.04555382607450322
        ],
        [
            46,
            0.046446662844553475
        ],
        [
            47,
            0.04536214646691464
        ],
        [
            48,
            0.04492889394703068
        ],
        [
            49,
            0.04286828888665917
        ],
        [
            50,
            0.04207443776188197
        ],
        [
            51,
            0.0674037276315048
        ],
        [
            52,
            0.046908011445056165
        ],
        [
            53,
            0.04322847159617532
        ],
        [
            54,
            0.04432727648724019
        ],
        [
            55,
            0.04438749071390121
        ],
        [
            56,
            0.04278700403438335
        ],
        [
            57,
            0.04140072245942893
        ],
        [
            58,
            0.03968253062274769
        ],
        [
            59,
            0.04414785888898711
        ],
        [
            60,
            0.04213527381847485
        ],
        [
            61,
            0.05632674889807742
        ],
        [
            62,
            0.039182663397842245
        ],
        [
            63,
            0.03904067470376977
        ],
        [
            64,
            0.0396714968957271
        ],
        [
            65,
            0.039449414389023864
        ],
        [
            66,
            0.0321096801420526
        ],
        [
            67,
            0.040204179631297556
        ],
        [
            68,
            0.03832458389984729
        ],
        [
            69,
            0.03772102225369565
        ],
        [
            70,
            0.03824625557846093
        ],
        [
            71,
            0.05590785843325524
        ],
        [
            72,
            0.03502904617547065
        ],
        [
            73,
            0.03374806088824929
        ],
        [
            74,
            0.03347337601072816
        ],
        [
            75,
