{
    "test_acc": [
        [
            0,
            0.5
        ],
        [
            1,
            0.25
        ]
    ],
    "test_loss": [
        [
            0,
            0.7555001294407757
        ],
        [
            1,
            0.2861421528162197
        ]
    ],
    "train_loss": [
        [
            0,
            0.9960741912312807
        ]
    ],
    "epochs_completed": 0
}