{
    "test_acc": [
        [
            0,
            0.25
        ],
        [
            1,
            0.0
        ],
        [
            11,
            0.625
        ],
        [
            21,
            0.875
        ],
        [
            31,
            0.625
        ],
        [
            41,
            0.875
        ],
        [
            51,
            0.625
        ],
        [
            61,
            1.0
        ],
        [
            71,
            1.0
        ],
        [
            81,
            1.0
        ],
        [
            91,
            1.0
        ],
        [
            101,
            1.0
        ],
        [
            111,
            1.0
        ],
        [
            121,
            1.0
        ],
        [
            131,
            1.0
        ],
        [
            141,
            1.0
        ],
        [
            151,
            1.0
        ],
        [
            161,
            1.0
        ],
        [
            171,
            1.0
        ],
        [
            181,
            1.0
        ],
        [
            191,
            1.0
        ],
        [
            201,
            1.0
        ]
    ],
    "test_loss": [
        [
            0,
            5.31733663254172
        ],
        [
            1,
            1.752270863141411
        ],
        [
            11,
            0.2644851527376338
        ],
        [
            21,
            0.16009686193938333
        ],
        [
            31,
            0.15009639537247352
        ],
        [
            41,
            0.1176923099546456
        ],
        [
            51,
            0.12252406170353321
        ],
        [
            61,
            0.0999236091654153
        ],
        [
            71,
            0.09055926440453474
        ],
        [
            81,
            0.08217670322580178
        ],
        [
            91,
            0.07384707346675703
        ],
        [
            101,
            0.06509277692371218
        ],
        [
            111,
            0.058045552866388024
        ],
        [
            121,
            0.05315305872505316
        ],
        [
            131,
            0.04991379752050823
        ],
        [
            141,
            0.04812560107872574
        ],
        [
            151,
            0.04611413962745241
        ],
        [
            161,
            0.04492802941639841
        ],
        [
            171,
            0.04459151257232827
        ],
        [
            181,
            0.044056781464146225
        ],
        [
            191,
            0.04367294048750237
        ],
        [
            201,
            0.04342150314237516
        ]
    ],
    "train_loss": [
        [
            0,
            2.7345353979622318
        ],
        [
            1,
            0.4873973795956257
        ],
        [
            2,
            0.15861253645027004
        ],
        [
            3,
            0.15985045912876072
        ],
        [
            4,
            0.14921187981567552
        ],
        [
            5,
            0.13579437184952312
        ],
        [
            6,
            0.13041703570779448
        ],
        [
            7,
            0.12370166383938859
        ],
        [
            8,
            0.11974222804886499
        ],
        [
            9,
            0.11213630526496317
        ],
        [
            10,
            0.10102049776970738
        ],
        [
            11,
            0.09446654271718093
        ],
        [
            12,
            0.09423836217329591
        ],
        [
            13,
            0.08681918185963801
        ],
        [
            14,
            0.07820223010533096
        ],
        [
            15,
            0.07294481968896153
        ],
        [
            16,
            0.062316473451876214
        ],
        [
            17,
            0.05740736986367956
        ],
        [
            18,
            0.0434836883932585
        ],
        [
            19,
            0.050467275255216104
        ],
        [
            20,
            0.04390334586676931
        ],
        [
            21,
            0.039297191842281844
        ],
        [
            22,
            0.03821866601386116
        ],
        [
            23,
            0.039234020586414516
        ],
        [
            24,
            0.03821764177295469
        ],
        [
            25,
            0.03609743129460138
        ],
        [
            26,
            0.03438436079891591
        ],
        [
            27,
            0.031258564446953456
        ],
        [
            28,
            0.031425722929172124
        ],
        [
            29,
            0.02910955484928703
        ],
        [
            30,
            0.028418624676075144
        ],
        [
            31,
            0.032403511557146845
        ],
        [
            32,
            0.031366208057027646
        ],
        [
            33,
            0.029473326394023724
        ],
        [
            34,
            0.028409457345126555
        ],
        [
            35,
            0.027071340954129063
        ],
        [
            36,
            0.02633889527981077
        ],
        [
            37,
            0.029685643502594426
        ],
        [
            38,
            0.024481332250644233
        ],
        [
            39,
            0.027847504223961386
        ],
        [
            40,
            0.02755763001786089
        ],
        [
            41,
            0.026110084679696995
        ],
        [
            42,
            0.02557973573429892
        ],
        [
            43,
            0.025622199964075238
        ],
        [
            44,
            0.02507567838314222
        ],
        [
            45,
            0.024354131166068636
        ],
        [
            46,
            0.024819206247139625
        ],
        [
            47,
            0.02455815093880537
        ],
        [
            48,
            0.02353959724938327
        ],
        [
            49,
            0.02375564186840795
        ],
        [
            50,
            0.022818499082647353
        ],
        [
            51,
            0.02054674021085559
        ],
        [
            52,
            0.021397606273046637
        ],
        [
            53,
            0.022758322634022898
        ],
        [
            54,
            0.02032500806612941
        ],
        [
            55,
            0.017765159028811598
        ],
        [
            56,
            0.021691082959112467
        ],
        [
            57,
            0.019639887041301735
        ],
        [
            58,
            0.019165058815664677
        ],
        [
            59,
            0.019999695205184798
        ],
        [
            60,
            0.01837194481388386
        ],
        [
            61,
            0.016915911091168908
        ],
        [
            62,
            0.018225944570429902
        ],
        [
            63,
            0.01558827542517465
        ],
        [
            64,
            0.015672232442020352
        ],
        [
            65,
            0.014343744803142308
        ],
        [
            66,
            0.01657975762217004
        ],
        [
            67,
            0.01577542370271671
        ],
        [
            68,
            0.014555868047310122
        ],
        [
            69,
            0.012891309153774372
        ],
        [
            70,
            0.013774288893168432
        ],
        [
            71,
            0.013713218614076502
        ],
        [
            72,
            0.012591587591291304
        ],
        [
            73,
            0.013240116202825995
        ],
        [
            74,
            0.010753651824838695
        ],
        [
