{
    "test_acc": [
        [
            0,
            0.375
        ],
        [
            1,
            0.5
        ]
    ],
    "test_loss": [
        [
            0,
            0.4856586193270993
        ],
        [
            1,
            0.30810445668509506
        ]
    ],
    "train_loss": [
        [
            0,
            0.20548223308097432
        ]
    ],
    "epochs_completed": 0
}