{
    "test_acc": [
        [
            0,
            0.25
        ],
        [
            1,
            0.375
        ]
    ],
    "test_loss": [
        [
            0,
            4.169537971601348
        ],
        [
            1,
            0.2654108096369048
        ]
    ],
    "train_loss": [
        [
            0,
            2.795316725090013
        ],
        [
            0,
            1.7301413816212117
        ],
        [
            0,
            0.9422636466440851
        ],
        [
            0,
            1.2468341356181456
        ],
        [
            0,
            0.8341767875021754
        ],
        [
            0,
            0.18005524206805065
        ],
        [
            0,
            0.5314567199934469
        ],
        [
            0,
            0.4789713003145659
        ],
        [
            0,
            0.14591324844182343
        ],
        [
            0,
            0.28678877420711957
        ],
        [
            0,
            0.16130532893960553
        ],
        [
            0,
            0.0648783638700537
        ],
        [
            0,
            0.07898326122689779
        ],
        [
            0,
            0.11357562707351383
        ],
        [
            0,
            0.23947301865817563
        ],
        [
            0,
            0.14874795754954476
        ],
        [
            0,
            0.16941188673544616
        ],
        [
            0,
            0.08263211027321755
        ],
        [
            0,
            0.19505592007079817
        ],
        [
            0,
            0.11270319890115839
        ],
        [
            0,
            0.14759656543054342
        ],
        [
            0,
            0.14020853505172706
        ],
        [
            0,
            0.09330310544593834
        ],
        [
            0,
            0.16973968187441524
        ]
    ],
    "epochs_completed": 0
}