{
    "test_acc": [
        [
            0,
            0.25
        ],
        [
            1,
            0.25
        ]
    ],
    "test_loss": [
        [
            0,
            1.2559040732563096
        ],
        [
            1,
            0.3545275172386394
        ]
    ],
    "train_loss": [
        [
            0,
            0.6851445550937836
        ],
        [
            0,
            0.129710462283966
        ],
        [
            0,
            0.14296064210022533
        ],
        [
            0,
            0.2626682401844946
        ],
        [
            0,
            0.26578113160514033
        ],
        [
            0,
            0.14637351324884898
        ],
        [
            0,
            0.14130103291872972
        ],
        [
            0,
            0.05259499612376484
        ],
        [
            0,
            0.015839415824061353
        ],
        [
            0,
            0.16494197293880455
        ],
        [
            0,
            0.07723441291830802
        ],
        [
            0,
            0.09048135057991669
        ],
        [
            0,
            0.18970592824249
        ],
        [
            0,
            0.032777119454874645
        ],
        [
            0,
            0.07417604123930992
        ],
        [
            0,
            0.05707831264947424
        ],
        [
            0,
            0.30303972740260016
        ],
        [
            0,
            0.1960783796755008
        ],
        [
            0,
            0.12980247736219575
        ],
        [
            0,
            0.07816574984025533
        ],
        [
            0,
            0.18136029815468566
        ],
        [
            0,
            0.12493660879130242
        ],
        [
            0,
            0.07668852707528374
        ],
        [
            0,
            0.0412427563427904
        ]
    ],
    "epochs_completed": 0
}