{
    "test_acc": [
        [
            0,
            0.25
        ],
        [
            1,
            0.375
        ]
    ],
    "test_loss": [
        [
            0,
            0.35382807055308607
        ],
        [
            1,
            0.3278126951715429
        ]
    ],
    "train_loss": [
        [
            0,
            0.3218219924632419
        ]
    ],
    "epochs_completed": 0
}