{
    "test_acc": [
        [
            0,
            0.375
        ],
        [
            1,
            0.375
        ],
        [
            11,
            0.375
        ],
        [
            21,
            0.375
        ],
        [
            31,
            0.625
        ],
        [
            41,
            0.625
        ],
        [
            51,
            0.75
        ],
        [
            61,
            0.625
        ],
        [
            71,
            0.625
        ],
        [
            81,
            0.625
        ],
        [
            91,
            0.625
        ],
        [
            101,
            0.75
        ],
        [
            111,
            0.625
        ],
        [
            121,
            0.75
        ],
        [
            131,
            0.875
        ],
        [
            141,
            1.0
        ],
        [
            151,
            0.875
        ],
        [
            161,
            0.875
        ],
        [
            171,
            1.0
        ],
        [
            181,
            1.0
        ],
        [
            191,
            0.5
        ],
        [
            201,
            0.75
        ]
    ],
    "test_loss": [
        [
            0,
            0.2917527439440597
        ],
        [
            1,
            0.294346081336176
        ],
        [
            11,
            0.26407913414463235
        ],
        [
            21,
            0.25519093189384756
        ],
        [
            31,
            0.2476430860159133
        ],
        [
            41,
            0.2544929364968671
        ],
        [
            51,
            0.24085824231278463
        ],
        [
            61,
            0.2356726897582205
        ],
        [
            71,
            0.24356746512847208
        ],
        [
            81,
            0.24067707628517476
        ],
        [
            91,
            0.2499087250209051
        ],
        [
            101,
            0.23953635870113785
        ],
        [
            111,
            0.2299589628383359
        ],
        [
            121,
            0.23280615018807765
        ],
        [
            131,
            0.21681323255807247
        ],
        [
            141,
            0.21762087082578868
        ],
        [
            151,
            0.21918765109178223
        ],
        [
            161,
            0.20472621572153302
        ],
        [
            171,
            0.19127023851023983
        ],
        [
            181,
            0.22383736720151415
        ],
        [
            191,
            0.23774852701156318
        ],
        [
            201,
            0.21745174084834562
        ]
    ],
    "train_loss": [
        [
            0,
            0.31134349582123316
        ],
        [
            1,
            0.30678024784221886
        ],
        [
            2,
            0.20000490104166713
        ],
        [
            3,
            0.1960663872445365
        ],
        [
            4,
            0.18925599334776033
        ],
        [
            5,
            0.19458581777063447
        ],
        [
            6,
            0.196229677127605
        ],
        [
            7,
            0.19139488529628226
        ],
        [
            8,
            0.1834549808188257
        ],
        [
            9,
            0.17398480418794296
        ],
        [
            10,
            0.18134404943670282
        ],
        [
            11,
            0.1757204966288105
        ],
        [
            12,
            0.1756324980402916
        ],
        [
            13,
            0.17153728405474525
        ],
        [
            14,
            0.16599015127470537
        ],
        [
            15,
            0.16405138184293208
        ],
        [
            16,
            0.16822445554098944
        ],
        [
            17,
            0.15732586942076296
        ],
        [
            18,
            0.14960185692640313
        ],
        [
            19,
            0.16718267586608096
        ],
        [
            20,
            0.15917858035365431
        ],
        [
            21,
            0.2705965761808371
        ],
        [
            22,
            0.15680230083474156
        ],
        [
            23,
            0.14299507172661757
        ],
        [
            24,
            0.15456476150621998
        ],
        [
            25,
            0.1536337519539603
        ],
        [
            26,
            0.15915501996501236
        ],
        [
            27,
            0.16304543005216754
        ],
        [
            28,
            0.15947496238818382
        ],
        [
            29,
            0.15498452516671193
        ],
        [
            30,
            0.1625257360027186
        ],
        [
            31,
            0.49333811466195227
        ],
        [
            32,
            0.16105754406219
        ],
        [
            33,
            0.16777306951105056
        ],
        [
            34,
            0.1481555274692723
        ],
        [
            35,
            0.15774238504021076
        ],
        [
            36,
            0.1672333562704211
        ],
        [
            37,
            0.15804954107160704
        ],
        [
            38,
            0.15081377577385915
        ],
        [
            39,
            0.15885531939836148
        ],
        [
            40,
            0.1463958599315419
        ],
        [
            41,
            0.22233727031908798
        ],
        [
            42,
            0.16475774345816777
        ],
        [
            43,
            0.1610582399333102
        ],
        [
            44,
            0.15884777180484883
        ],
        [
            45,
            0.1566102196132152
        ],
        [
            46,
            0.14482622798770323
        ],
        [
            47,
            0.16248300860851075
        ],
        [
            48,
            0.15815210463840151
        ],
        [
            49,
            0.1449557340080421
        ],
        [
            50,
            0.1458929035364076
        ],
        [
            51,
            0.20234534063652185
        ],
        [
            52,
            0.1700548501414291
        ],
        [
            53,
            0.1482581618344457
        ],
        [
            54,
            0.16077800414519036
        ],
        [
            55,
            0.15783060707200247
        ],
        [
            56,
            0.1554600776004228
        ],
        [
            57,
            0.16895953565764565
        ],
        [
            58,
            0.1571948330821423
        ],
        [
            59,
            0.1688748971875608
        ],
        [
            60,
            0.15755984403595943
        ],
        [
            61,
            0.2290479594847327
        ],
        [
            62,
            0.16403774980754585
        ],
        [
            63,
            0.15339066114768898
        ],
        [
            64,
            0.1610306721014448
        ],
        [
            65,
            0.15825588674089933
        ],
        [
            66,
            0.14912120535393594
        ],
        [
            67,
            0.14060999370967456
        ],
        [
            68,
            0.15272184740832506
        ],
        [
            69,
            0.15786406456997046
        ],
        [
            70,
            0.15334375844202505
        ],
        [
            71,
            0.2425091222981094
        ],
        [
            72,
            0.1676317928240304
        ],
        [
            73,
            0.15781977680378792
        ],
        [
            74,
            0.14766363593372736
        ],
        [
            75,
            0.15394640881048377
