{
    "test_acc": [
        [
            0,
            0.375
        ],
        [
            1,
            0.375
        ]
    ],
    "test_loss": [
        [
            0,
            0.2917527439440597
        ],
        [
            1,
            0.294346081336176
        ]
    ],
    "train_loss": [
        [
            0,
            0.31134349582123316
        ]
    ],
    "epochs_completed": 0
}