{
    "test_acc": [
        [
            0,
            0.25
        ],
        [
            1,
            0.25
        ]
    ],
    "test_loss": [
        [
            0,
            0.3060025916068125
        ],
        [
            1,
            0.3329581508473543
        ]
    ],
    "train_loss": [
        [
            0,
            0.3229296291237414
        ]
    ],
    "epochs_completed": 0
}