{
    "test_acc": [
        [
            0,
            0.25
        ],
        [
            1,
            0.625
        ],
        [
            11,
            0.625
        ],
        [
            21,
            0.5
        ],
        [
            31,
            0.625
        ],
        [
            41,
            0.625
        ],
        [
            51,
            1.0
        ],
        [
            61,
            1.0
        ],
        [
            71,
            1.0
        ],
        [
            81,
            1.0
        ],
        [
            91,
            0.375
        ]
    ],
    "test_loss": [
        [
            0,
            1.8543070144841594
        ],
        [
            1,
            0.20033378242931613
        ],
        [
            11,
            0.17467346156888608
        ],
        [
            21,
            0.15899829937475302
        ],
        [
            31,
            0.1528444769030246
        ],
        [
            41,
            0.1425644669782622
        ],
        [
            51,
            0.07865972286814502
        ],
        [
            61,
            0.04825286427004391
        ],
        [
            71,
            0.05422242075625626
        ],
        [
            81,
            0.10196018030810045
        ],
        [
            91,
            642.3223142714387
        ]
    ],
    "train_loss": [
        [
            0,
            0.11712255609616166
        ],
        [
            1,
            0.10200719420596371
        ],
        [
            2,
            0.07885278721038752
        ],
        [
            3,
            0.07259098356107073
        ],
        [
            4,
            0.07231057526076066
        ],
        [
            5,
            0.06935866186234728
        ],
        [
            6,
            0.07109751049947378
        ],
        [
            7,
            0.06849873779023125
        ],
        [
            8,
            0.06389870815523137
        ],
        [
            9,
            0.06571355008684142
        ],
        [
            10,
            0.06490624226217544
        ],
        [
            11,
            0.10260507686224252
        ],
        [
            12,
            0.0637844535745584
        ],
        [
            13,
            0.05682609091439358
        ],
        [
            14,
            0.06309693818572588
        ],
        [
            15,
            0.05691528592843959
        ],
        [
            16,
            0.05694458079187283
        ],
        [
            17,
            0.055770711645322414
        ],
        [
            18,
            0.05455414061533128
        ],
        [
            19,
            0.05143659040428552
        ],
        [
            20,
            0.051961499251680275
        ],
        [
            21,
            0.10892733211340296
        ],
        [
            22,
            0.0622247190440387
        ],
        [
            23,
            0.058448180006546224
        ],
        [
            24,
            0.04482599189817469
        ],
        [
            25,
            0.05318677377391653
        ],
        [
            26,
            0.04825029355183291
        ],
        [
            27,
            0.05031150538843474
        ],
        [
            28,
            0.04477448555410751
        ],
        [
            29,
            0.04485763320145391
        ],
        [
            30,
            0.04727332774257328
        ],
        [
            31,
            0.0817276995185839
        ],
        [
            32,
            0.029220611692017156
        ],
        [
            33,
            0.028722495904939416
        ],
        [
            34,
            0.03221018970637423
        ],
        [
            35,
            0.031209704271519756
        ],
        [
            36,
            0.021278724100748613
        ],
        [
            37,
            0.02351884304687156
        ],
        [
            38,
            0.023172324217419594
        ],
        [
            39,
            0.020468904887091764
        ],
        [
            40,
            0.020632793947396266
        ],
        [
            41,
            0.4089310653193136
        ],
        [
            42,
            0.010585881116127308
        ],
        [
            43,
            0.009609956941546677
        ],
        [
            44,
            0.008267970625998268
        ],
        [
            45,
            0.006977315403575268
        ],
        [
            46,
            0.005461732019106914
        ],
        [
            47,
            0.00588303218429296
        ],
        [
            48,
            0.006931065480527206
        ],
        [
            49,
            0.005251375680687479
        ],
        [
            50,
            0.006052993523488256
        ],
        [
            51,
            1.1588005661943563
        ],
        [
            52,
            0.0029204458230461645
        ],
        [
            53,
            0.0018462386994678674
        ],
        [
            54,
            0.0015962819234995212
        ],
        [
            55,
            0.0012821075910237826
        ],
        [
            56,
            0.0007121436961771008
        ],
        [
            57,
            0.0008456111639642106
        ],
        [
            58,
            0.0005326899805646831
        ],
        [
            59,
            0.0005209066556830827
        ],
        [
            60,
            0.0004145309581035543
        ],
        [
            61,
            3.7382201221320073
        ],
        [
            62,
            0.0074124185228392385
        ],
        [
            63,
            0.006350222627630207
        ],
        [
            64,
            0.004267233559141512
        ],
        [
            65,
            0.004480775506026155
        ],
        [
            66,
            0.0028011093790565058
        ],
        [
            67,
            0.0044153425611696325
        ],
        [
            68,
            0.0032591370167638647
        ],
        [
            69,
            0.0028102502513024058
        ],
        [
            70,
            0.0018033214063248922
        ],
        [
            71,
            38.004169492763474
        ],
        [
            72,
            27.553951287863608
        ],
        [
            73,
            18.390437064335146
        ],
        [
            74,
            14.14848808749291
        ],
        [
            75,
            5.290518615407205
        ],
        [
            76,
            0.004912346602755053
        ],
        [
            77,
            0.004959563589249881
        ],
        [
            78,
            0.0032719685574044235
        ],
        [
            79,
            0.0036486747039919543
        ],
        [
            80,
            0.0029201414176255685
        ],
        [
            81,
            145.30261458130892
        ],
        [
            82,
            179.45842170037062
        ],
        [
            83,
            269.8359444934897
        ],
        [
            84,
            355.7485855645923
        ],
        [
            85,
            414.7746184889176
        ],
        [
            86,
            468.44539165115856
        ],
        [
            87,
            512.9203591670567
        ],
        [
            88,
            554.2744656802587
        ],
        [
            89,
            593.6679314801239
        ],
        [
            90,
            632.6815371148134
        ]
    ],
    "epochs_completed": 90
}