{
    "test_acc": [
        [
            0,
            0.25
        ],
        [
            1,
            0.625
        ]
    ],
    "test_loss": [
        [
            0,
            1.8543070144841594
        ],
        [
            1,
            0.20033378242931613
        ]
    ],
    "train_loss": [
        [
            0,
            0.11712255609616166
        ]
    ],
    "epochs_completed": 0
}