{
    "test_acc": [
        [
            0,
            0.375
        ],
        [
            1,
            0.25
        ],
        [
            11,
            0.375
        ]
    ],
    "test_loss": [
        [
            0,
            0.662394412667069
        ],
        [
            1,
            0.2893499605095592
        ],
        [
            11,
            0.25621194282693277
        ]
    ],
    "train_loss": [
        [
            0,
            0.2427012143874625
        ],
        [
            1,
            0.15815454668902637
        ],
        [
            2,
            0.13976727511050333
        ],
        [
            3,
            0.1451735053108949
        ],
        [
            4,
            0.1351487932414923
        ],
        [
            5,
            0.13072855218373508
        ],
        [
            6,
            0.12626627955484257
        ],
        [
            7,
            0.11221907364564926
        ],
        [
            8,
            0.10978567318128159
        ],
        [
            9,
            0.12009526030912211
        ],
        [
            10,
            0.1003473845763168
        ]
    ],
    "apical_error": [],
    "intn_error": [],
    "ff_error": [],
    "fb_error": [],
    "epochs_completed": 10
}