{
    "test_acc": [
        [
            0,
            0.375
        ],
        [
            1,
            0.375
        ]
    ],
    "test_loss": [
        [
            0,
            1.9285260897757417
        ],
        [
            1,
            5.439397862924767
        ]
    ],
    "train_loss": [
        [
            0,
            8.800918426988764
        ]
    ],
    "epochs_completed": 0
}