{
    "test_acc": [
        [
            0,
            0.375
        ],
        [
            1,
            0.375
        ],
        [
            11,
            0.375
        ],
        [
            21,
            0.375
        ],
        [
            31,
            0.625
        ],
        [
            41,
            0.625
        ],
        [
            51,
            0.625
        ],
        [
            61,
            0.625
        ],
        [
            71,
            0.625
        ],
        [
            81,
            0.5
        ],
        [
            91,
            0.625
        ],
        [
            101,
            0.625
        ],
        [
            111,
            0.625
        ],
        [
            121,
            0.5
        ],
        [
            131,
            0.625
        ],
        [
            141,
            0.625
        ],
        [
            151,
            0.625
        ],
        [
            161,
            0.625
        ],
        [
            171,
            0.625
        ],
        [
            181,
            0.625
        ],
        [
            191,
            0.625
        ],
        [
            201,
            0.625
        ]
    ],
    "test_loss": [
        [
            0,
            1.9285260897757417
        ],
        [
            1,
            5.439397862924767
        ],
        [
            11,
            0.4954019004085962
        ],
        [
            21,
            0.23563904756526668
        ],
        [
            31,
            0.19643875780577041
        ],
        [
            41,
            0.17349548915198762
        ],
        [
            51,
            0.17192270270454774
        ],
        [
            61,
            0.17617117589620873
        ],
        [
            71,
            0.17798119924957229
        ],
        [
            81,
            0.1737591687219866
        ],
        [
            91,
            0.17287365318716846
        ],
        [
            101,
            0.17117228047264454
        ],
        [
            111,
            0.19025478346196792
        ],
        [
            121,
            0.18988881489352
        ],
        [
            131,
            0.19455776067702232
        ],
        [
            141,
            0.18993334880522028
        ],
        [
            151,
            0.1998723384068716
        ],
        [
            161,
            0.2429465441563245
        ],
        [
            171,
            0.20764814601505305
        ],
        [
            181,
            0.19106505263929208
        ],
        [
            191,
            0.18253803499711257
        ],
        [
            201,
            0.1857496526609078
        ]
    ],
    "train_loss": [
        [
            0,
            8.800918426988764
        ],
        [
            1,
            22.052301569350305
        ],
        [
            2,
            19.971997110524747
        ],
        [
            3,
            18.050916689120545
        ],
        [
            4,
            16.083368331947884
        ],
        [
            5,
            13.95619422499962
        ],
        [
            6,
            11.918175446764252
        ],
        [
            7,
            9.704439026092244
        ],
        [
            8,
            7.39083713376604
        ],
        [
            9,
            4.72637385120777
        ],
        [
            10,
            1.6253302415470714
        ],
        [
            11,
            0.2582362489596103
        ],
        [
            12,
            0.09843612494112758
        ],
        [
            13,
            0.08863290306030196
        ],
        [
            14,
            0.09053441969799585
        ],
        [
            15,
            0.09188708604763536
        ],
        [
            16,
            0.09380672021983992
        ],
        [
            17,
            0.09032398008240498
        ],
        [
            18,
            0.08451822691531095
        ],
        [
            19,
            0.08537309623687273
        ],
        [
            20,
            0.08378122320490548
        ],
        [
            21,
            0.07525397612426381
        ],
        [
            22,
            0.07143584420640776
        ],
        [
            23,
            0.07193989950502046
        ],
        [
            24,
            0.06697582136847939
        ],
        [
            25,
            0.06970203396319241
        ],
        [
            26,
            0.06489040573682156
        ],
        [
            27,
            0.06637510128392221
        ],
        [
            28,
            0.06528863417849474
        ],
        [
            29,
            0.060440904466295436
        ],
        [
            30,
            0.06428412584140493
        ],
        [
            31,
            0.07683929114157018
        ],
        [
            32,
            0.04523029562427209
        ],
        [
            33,
            0.05620229417704111
        ],
        [
            34,
            0.05808180446529054
        ],
        [
            35,
            0.057875646064876905
        ],
        [
            36,
            0.05675618245825411
        ],
        [
            37,
            0.05342686901999779
        ],
        [
            38,
            0.05433210969421224
        ],
        [
            39,
            0.059900867827064
        ],
        [
            40,
            0.05648904833596852
        ],
        [
            41,
            0.07178757323961793
        ],
        [
            42,
            0.054001947431669715
        ],
        [
            43,
            0.0543718450130804
        ],
        [
            44,
            0.054056589959460936
        ],
        [
            45,
            0.05451882888173048
        ],
        [
            46,
            0.05466772821316651
        ],
        [
            47,
            0.053819109450019886
        ],
        [
            48,
            0.05290665385075231
        ],
        [
            49,
            0.050946645993282795
        ],
        [
            50,
            0.05045811950800683
        ],
        [
            51,
            0.0725396343669562
        ],
        [
            52,
            0.051681551028690785
        ],
        [
            53,
            0.049681365679681865
        ],
        [
            54,
            0.05414054857949463
        ],
        [
            55,
            0.05259076473817461
        ],
        [
            56,
            0.045425612733475514
        ],
        [
            57,
            0.051345346268817205
        ],
        [
            58,
            0.048722470556688414
        ],
        [
            59,
            0.05020178545646503
        ],
        [
            60,
            0.05304892993469389
        ],
        [
            61,
            0.0672894136801608
        ],
        [
            62,
            0.05048464885972809
        ],
        [
            63,
            0.050262241337069226
        ],
        [
            64,
            0.04940557161688228
        ],
        [
            65,
            0.05129794184190737
        ],
        [
            66,
            0.04680561404116009
        ],
        [
            67,
            0.04860346446967758
        ],
        [
            68,
            0.05104434467969259
        ],
        [
            69,
            0.05078085623333093
        ],
        [
            70,
            0.05089067758673919
        ],
        [
            71,
            0.06411851853986182
        ],
        [
            72,
            0.04341257092233841
        ],
        [
            73,
            0.052663297107283735
        ],
        [
            74,
            0.044628501940718046
        ],
        [
            75,
