{
    "test_acc": [
        [
            0,
            0.375
        ],
        [
            1,
            0.25
        ]
    ],
    "test_loss": [
        [
            0,
            0.662394412667069
        ],
        [
            1,
            0.2893499605095592
        ]
    ],
    "train_loss": [
        [
            0,
            0.2427012143874625
        ]
    ],
    "apical_error": [],
    "intn_error": [],
    "ff_error": [],
    "fb_error": [],
    "epochs_completed": 0
}