{
    "test_acc": [
        [
            0,
            0.375
        ],
        [
            1,
            0.125
        ]
    ],
    "test_loss": [
        [
            0,
            1.435473778826439
        ],
        [
            1,
            0.3345969730786109
        ]
    ],
    "train_loss": [
        [
            0,
            0.21333295149520626
        ]
    ],
    "epochs_completed": 0
}