{
    "test_acc": [
        [
            0,
            0.25
        ],
        [
            1,
            0.625
        ]
    ],
    "test_loss": [
        [
            0,
            0.33267734752419664
        ],
        [
            1,
            0.3330793130024966
        ]
    ],
    "train_loss": [
        [
            0,
            0.3197406068297841
        ]
    ],
    "epochs_completed": 0
}