{
    "test_acc": [
        [
            0,
            0.25
        ],
        [
            1,
            0.625
        ],
        [
            11,
            0.5
        ],
        [
            21,
            0.25
        ],
        [
            31,
            0.375
        ],
        [
            41,
            0.375
        ],
        [
            51,
            0.25
        ],
        [
            61,
            0.5
        ],
        [
            71,
            0.25
        ],
        [
            81,
            0.25
        ],
        [
            91,
            0.5
        ],
        [
            101,
            0.125
        ],
        [
            111,
            0.25
        ],
        [
            121,
            0.125
        ],
        [
            131,
            0.5
        ],
        [
            141,
            0.5
        ],
        [
            151,
            0.75
        ],
        [
            161,
            0.375
        ],
        [
            171,
            0.0
        ],
        [
            181,
            0.375
        ],
        [
            191,
            0.5
        ],
        [
            201,
            0.25
        ]
    ],
    "test_loss": [
        [
            0,
            0.33267734752419664
        ],
        [
            1,
            0.3330793130024966
        ],
        [
            11,
            0.3334047499268532
        ],
        [
            21,
            0.3332964161373043
        ],
        [
            31,
            0.3330421209661266
        ],
        [
            41,
            0.3332252135645574
        ],
        [
            51,
            0.3332712676039582
        ],
        [
            61,
            0.3331008157838269
        ],
        [
            71,
            0.33307386604807687
        ],
        [
            81,
            0.33331945889221176
        ],
        [
            91,
            0.3329440307584213
        ],
        [
            101,
            0.3334276970396344
        ],
        [
            111,
            0.33336197582521276
        ],
        [
            121,
            0.3333407075341396
        ],
        [
            131,
            0.3331719211963647
        ],
        [
            141,
            0.3330406625638152
        ],
        [
            151,
            0.33303593781979757
        ],
        [
            161,
            0.33302938518892977
        ],
        [
            171,
            0.3333549849050273
        ],
        [
            181,
            0.3333061849586862
        ],
        [
            191,
            0.3331381663104047
        ],
        [
            201,
            0.33324336323761067
        ]
    ],
    "train_loss": [
        [
            0,
            0.3197406068297841
        ],
        [
            1,
            0.3197961700524465
        ],
        [
            2,
            0.3197716099668499
        ],
        [
            3,
            0.3197713705054601
        ],
        [
            4,
            0.31974319897867237
        ],
        [
            5,
            0.31964902629529846
        ],
        [
            6,
            0.3197396899232133
        ],
        [
            7,
            0.3197842855852635
        ],
        [
            8,
            0.31985456917123384
        ],
        [
            9,
            0.31974040072517496
        ],
        [
            10,
            0.3197439882972681
        ],
        [
            11,
            0.31970708464344094
        ],
        [
            12,
            0.31982422647598857
        ],
        [
            13,
            0.31951738916632116
        ],
        [
            14,
            0.31960940447147823
        ],
        [
            15,
            0.3199213917670325
        ],
        [
            16,
            0.31980891633558095
        ],
        [
            17,
            0.3197751103041328
        ],
        [
            18,
            0.31970668760085147
        ],
        [
            19,
            0.31984029217942395
        ],
        [
            20,
            0.3196052429292352
        ],
        [
            21,
            0.3198303460368947
        ],
        [
            22,
            0.31984738170935095
        ],
        [
            23,
            0.3198499811135626
        ],
        [
            24,
            0.31972136363030523
        ],
        [
            25,
            0.3196434314662487
        ],
        [
            26,
            0.31974401811848313
        ],
        [
            27,
            0.31965978088741803
        ],
        [
            28,
            0.3195169491389353
        ],
        [
            29,
            0.3198569138492712
        ],
        [
            30,
            0.3197292280057259
        ],
        [
            31,
            0.3199013051236032
        ],
        [
            32,
            0.3197231667277654
        ],
        [
            33,
            0.31985396848035935
        ],
        [
            34,
            0.3197672676519515
        ],
        [
            35,
            0.3197515710933152
        ],
        [
            36,
            0.31973359959599734
        ],
        [
            37,
            0.31983641793443746
        ],
        [
            38,
            0.3198698109550773
        ],
        [
            39,
            0.3197962994332153
        ],
        [
            40,
            0.3197609096850544
        ],
        [
            41,
            0.3199487486808206
        ],
        [
            42,
            0.31977539661980986
        ],
        [
            43,
            0.3197093737384626
        ],
        [
            44,
            0.31989455171517533
        ],
        [
            45,
            0.3196473394924931
        ],
        [
            46,
            0.31965649199165697
        ],
        [
            47,
            0.3197861942429274
        ],
        [
            48,
            0.3197174347210064
        ],
        [
            49,
            0.3196895815113377
        ],
        [
            50,
            0.3195281977929208
        ],
        [
            51,
            0.3199171705698635
        ],
        [
            52,
            0.31971465016929296
        ],
        [
            53,
            0.319848785722011
        ],
        [
            54,
            0.3196467605023004
        ],
        [
            55,
            0.3198164264554118
        ],
        [
            56,
            0.31981676026094136
        ],
        [
            57,
            0.3197312984230543
        ],
        [
            58,
            0.31967267561358975
        ],
        [
            59,
            0.3195450801963479
        ],
        [
            60,
            0.31989281925988344
        ],
        [
            61,
            0.31991078349224644
        ],
        [
            62,
            0.3198297324863174
        ],
        [
            63,
            0.319813280839337
        ],
        [
            64,
            0.3196988880048013
        ],
        [
            65,
            0.31972741705061253
        ],
        [
            66,
            0.31981094593746245
        ],
        [
            67,
            0.31970668874694647
        ],
        [
            68,
            0.3196433804727872
        ],
        [
            69,
            0.31976488889403026
        ],
        [
            70,
            0.31968078106353287
        ],
        [
            71,
            0.3197707836914268
        ],
        [
            72,
            0.31983382821918077
        ],
        [
            73,
            0.3197767579456496
        ],
        [
            74,
            0.3198226266940185
        ],
        [
            75,
            0.319581463637402
        ],
        [
            76,
