{
    "test_acc": [
        [
            0,
            0.375
        ],
        [
            1,
            0.25
        ],
        [
            11,
            0.375
        ],
        [
            21,
            0.375
        ],
        [
            31,
            0.375
        ],
        [
            41,
            0.375
        ],
        [
            51,
            0.375
        ],
        [
            61,
            0.5
        ],
        [
            71,
            0.5
        ],
        [
            81,
            0.375
        ],
        [
            91,
            0.625
        ],
        [
            101,
            0.375
        ],
        [
            111,
            0.625
        ],
        [
            121,
            0.5
        ],
        [
            131,
            0.5
        ],
        [
            141,
            0.5
        ],
        [
            151,
            0.375
        ],
        [
            161,
            0.375
        ],
        [
            171,
            0.625
        ],
        [
            181,
            0.375
        ],
        [
            191,
            0.375
        ],
        [
            201,
            0.375
        ]
    ],
    "test_loss": [
        [
            0,
            0.37042116095016103
        ],
        [
            1,
            0.3192631321480918
        ],
        [
            11,
            0.314912687045666
        ],
        [
            21,
            0.3135600667330817
        ],
        [
            31,
            0.3143521592286597
        ],
        [
            41,
            0.31267984752458855
        ],
        [
            51,
            0.3130445455497821
        ],
        [
            61,
            0.31048688297135424
        ],
        [
            71,
            0.31258058112072984
        ],
        [
            81,
            0.3132388848946832
        ],
        [
            91,
            0.3123498820455126
        ],
        [
            101,
            0.31206280192300045
        ],
        [
            111,
            0.31374804386995714
        ],
        [
            121,
            0.31276103765519214
        ],
        [
            131,
            0.3105484209758599
        ],
        [
            141,
            0.3100717633020903
        ],
        [
            151,
            0.3143351466120903
        ],
        [
            161,
            0.31311882921362744
        ],
        [
            171,
            0.31314197538260824
        ],
        [
            181,
            0.31177147817977213
        ],
        [
            191,
            0.31300257982460566
        ],
        [
            201,
            0.31244882788271117
        ]
    ],
    "train_loss": [
        [
            0,
            0.315946809552887
        ],
        [
            1,
            0.2963009078781472
        ],
        [
            2,
            0.2969609675231692
        ],
        [
            3,
            0.29655686107298174
        ],
        [
            4,
            0.2956125905833089
        ],
        [
            5,
            0.29297039657789703
        ],
        [
            6,
            0.2936250033169181
        ],
        [
            7,
            0.2920233713222488
        ],
        [
            8,
            0.2895913021012086
        ],
        [
            9,
            0.2914761600297681
        ],
        [
            10,
            0.2918233233303942
        ],
        [
            11,
            0.2891395832410965
        ],
        [
            12,
            0.2918824122920005
        ],
        [
            13,
            0.2899306864853632
        ],
        [
            14,
            0.2909842969727938
        ],
        [
            15,
            0.2911529334766274
        ],
        [
            16,
            0.2905386857480507
        ],
        [
            17,
            0.29112917469270977
        ],
        [
            18,
            0.29117082429070273
        ],
        [
            19,
            0.28924680464989216
        ],
        [
            20,
            0.28961137058431735
        ],
        [
            21,
            0.28996933638356825
        ],
        [
            22,
            0.2875435095468755
        ],
        [
            23,
            0.2886528126770462
        ],
        [
            24,
            0.28914851195679714
        ],
        [
            25,
            0.2876859211132394
        ],
        [
            26,
            0.2874012546219918
        ],
        [
            27,
            0.2876865332867509
        ],
        [
            28,
            0.28632138585131867
        ],
        [
            29,
            0.28691548635737285
        ],
        [
            30,
            0.2878180732330658
        ],
        [
            31,
            0.28724614534449855
        ],
        [
            32,
            0.28734602173419843
        ],
        [
            33,
            0.28523838064716783
        ],
        [
            34,
            0.2886231782107757
        ],
        [
            35,
            0.2846823001534731
        ],
        [
            36,
            0.2863782435482857
        ],
        [
            37,
            0.28667081831941016
        ],
        [
            38,
            0.2863697472675193
        ],
        [
            39,
            0.28690837422847887
        ],
        [
            40,
            0.284954706212811
        ],
        [
            41,
            0.2878091817350449
        ],
        [
            42,
            0.2863789332469031
        ],
        [
            43,
            0.2876147673008475
        ],
        [
            44,
            0.28604914377022483
        ],
        [
            45,
            0.28607314301428605
        ],
        [
            46,
            0.28498313696304184
        ],
        [
            47,
            0.2844018130501694
        ],
        [
            48,
            0.28768931026824135
        ],
        [
            49,
            0.28646252512638
        ],
        [
            50,
            0.2863903980857252
        ],
        [
            51,
            0.28757616626903737
        ],
        [
            52,
            0.2865737250509966
        ],
        [
            53,
            0.2850748142578254
        ],
        [
            54,
            0.28544821276017845
        ],
        [
            55,
            0.28506863129289145
        ],
        [
            56,
            0.2867215925643549
        ],
        [
            57,
            0.2851372124601211
        ],
        [
            58,
            0.2850621566334622
        ],
        [
            59,
            0.28753395634860573
        ],
        [
            60,
            0.2842085510678018
        ],
        [
            61,
            0.28601169102215884
        ],
        [
            62,
            0.28629739652627045
        ],
        [
            63,
            0.28402778940744844
        ],
        [
            64,
            0.28489311623450314
        ],
        [
            65,
            0.28754274878719843
        ],
        [
            66,
            0.2867500651776493
        ],
        [
            67,
            0.28718422110260006
        ],
        [
            68,
            0.2849798261237358
        ],
        [
            69,
            0.2858471860612916
        ],
        [
            70,
            0.2867523561467809
        ],
        [
            71,
            0.28477105682474463
        ],
        [
            72,
            0.2858470088434648
        ],
        [
            73,
            0.28775092656634843
        ],
        [
            74,
            0.2859368801354195
        ],
        [
            75,
            0.2863506953387156
        ],
        [
