{
    "test_acc": [
        [
            0,
            0.375
        ],
        [
            1,
            0.25
        ]
    ],
    "test_loss": [
        [
            0,
            0.37042116095016103
        ],
        [
            1,
            0.3192631321480918
        ]
    ],
    "train_loss": [
        [
            0,
            0.315946809552887
        ]
    ],
    "epochs_completed": 0
}