{
    "test_acc": [
        [
            0,
            0.5
        ],
        [
            1,
            0.5
        ]
    ],
    "test_loss": [
        [
            0,
            0.46214771925717657
        ],
        [
            1,
            0.329718698974345
        ]
    ],
    "train_loss": [
        [
            0,
            0.34676387406358494
        ],
        [
            0,
            0.3355449149110942
        ],
        [
            0,
            0.29707071146596775
        ],
        [
            0,
            0.28300427961777425
        ],
        [
            0,
            0.2871029865485597
        ],
        [
            0,
            0.2526490008547243
        ],
        [
            0,
            0.26946424990070533
        ],
        [
            0,
            0.27572661967379936
        ],
        [
            0,
            0.27482395249945474
        ],
        [
            0,
            0.27341613524352937
        ],
        [
            0,
            0.2701506499461446
        ],
        [
            0,
            0.26783936951070275
        ],
        [
            0,
            0.28155592725221085
        ],
        [
            0,
            0.2801271759615815
        ],
        [
            0,
            0.27926325972734284
        ],
        [
            0,
            0.25644619855950496
        ],
        [
            0,
            0.2580419796887581
        ],
        [
            0,
            0.26421444309643144
        ],
        [
            0,
            0.26691613100493833
        ],
        [
            0,
            0.2647960199741792
        ],
        [
            0,
            0.25924625678282126
        ],
        [
            0,
            0.26178145192559293
        ],
        [
            0,
            0.2695682026127879
        ],
        [
            0,
            0.2607016655504431
        ]
    ],
    "epochs_completed": 0
}