{
    "test_acc": [
        [
            0,
            0.375
        ],
        [
            1,
            0.375
        ]
    ],
    "test_loss": [
        [
            0,
            0.5556621607647276
        ],
        [
            1,
            0.2699751785141602
        ]
    ],
    "train_loss": [
        [
            0,
            0.16068048406759036
        ]
    ],
    "epochs_completed": 0
}