{
    "test_acc": [
        [
            0,
            0.5
        ],
        [
            1,
            0.25
        ]
    ],
    "test_loss": [
        [
            0,
            1.8469694492006368
        ],
        [
            1,
            0.2993733323043964
        ]
    ],
    "train_loss": [
        [
            0,
            0.4968024023501505
        ]
    ],
    "epochs_completed": 0
}