{
    "n_repetitions": 5,
    "n_samples": 10,
    "global_params": {
        "threads": 8
    },
    "configs": {
        "snest_30": {
            "dims": [
                9,
                30,
                3
            ],
            "network_type": "snest"
        },
        "rnest_30": {
            "dims": [
                9,
                30,
                3
            ],
            "network_type": "rnest"
        },
        "numpy_30": {
            "dims": [
                9,
                30,
                3
            ],
            "network_type": "numpy"
        },
        "snest_100": {
            "dims": [
                9,
                100,
                3
            ],
            "network_type": "snest"
        },
        "rnest_100": {
            "dims": [
                9,
                100,
                3
            ],
            "network_type": "rnest"
        },
        "numpy_100": {
            "dims": [
                9,
                100,
                3
            ],
            "network_type": "numpy"
        },
        "snest_250": {
            "dims": [
                9,
                250,
                3
            ],
            "network_type": "snest"
        },
        "rnest_250": {
            "dims": [
                9,
                250,
                3
            ],
            "network_type": "rnest"
        },
        "numpy_250": {
            "dims": [
                9,
                250,
                3
            ],
            "network_type": "numpy"
        }
    },
    "results": {
        "snest_30": {
            "times": [
                4.005040407180786,
                3.913867712020874,
                3.9135870933532715,
                4.002084016799927,
                4.018895626068115
            ],
            "t_mean": 3.970694971084595,
            "std": 0.04685900422345345
        },
        "rnest_30": {
            "times": [
                3.9435975551605225,
                3.905374526977539,
                4.026839256286621,
                3.946009397506714,
                3.9789857864379883
            ],
            "t_mean": 3.960161304473877,
            "std": 0.04068546578255166
        },
        "numpy_30": {
            "times": [
                13.025800228118896,
                13.117127418518066,
                13.003196477890015,
                13.007202386856079,
                13.073894262313843
            ],
            "t_mean": 13.04544415473938,
            "std": 0.04377460859914762
        },
        "snest_100": {
            "times": [
                7.339965105056763,
                7.157100677490234,
                7.199432849884033,
                7.297143936157227,
                7.297593832015991
            ],
            "t_mean": 7.25824728012085,
            "std": 0.06845243069008251
        },
        "rnest_100": {
            "times": [
                7.107701539993286,
                7.295138359069824,
                7.118459224700928,
                7.368138790130615,
                7.26949143409729
            ],
            "t_mean": 7.231785869598388,
            "std": 0.10224208111275884
        },
        "numpy_100": {
            "times": [
                13.479698896408081,
                13.443891763687134,
                13.39973521232605,
                13.447407722473145,
                13.417102575302124
            ],
            "t_mean": 13.437567234039307,
            "std": 0.027429823134613264
        },
        "snest_250": {
            "times": [
                14.328212261199951,
                14.48083782196045,
                14.395707607269287,
                14.344859600067139,
                14.300681352615356
            ],
            "t_mean": 14.370059728622437,
            "std": 0.06344953224248122
        },
        "rnest_250": {
            "times": [
                14.349879264831543,
                14.269274234771729,
                14.664905786514282,
                15.876320600509644,
                14.258501291275024
            ],
            "t_mean": 14.683776235580444,
            "std": 0.6142761643065837
        },
        "numpy_250": {
            "times": [
                14.15922999382019,
                14.164143562316895,
                14.238280057907104,
                14.180005311965942,
                14.13633918762207
            ],
            "t_mean": 14.175599622726441,
            "std": 0.03431860978341766
        }
    }
}