{
    "n_repetitions": 5,
    "n_samples": 5,
    "global_params": {
        "t_pres": 10,
        "latent_equilibrium": true,
        "mode": "mnist",
        "dims": [
            784,
            300,
            100,
            10
        ],
        "wmin_init": -0.1,
        "wmax_init": 0.1,
        "Wmin": -0.5,
        "Wmax": 0.5,
        "n_classes": 10,
        "init_self_pred": false,
        "weight_scale": 250
    },
    "configs": {
        "rnest_plast": {
            "network_type": "rnest",
            "eta": {
                "ip": [
                    4.294967296e-39,
                    4.294967296e-39,
                    0.0
                ],
                "pi": [
                    1.0485759999999999e-26,
                    1.0485759999999999e-26,
                    0.0
                ],
                "up": [
                    1.0737418240000001e-38,
                    1.0737418240000001e-38,
                    3.2212254720000006e-39
                ],
                "down": [
                    0.0,
                    0.0,
                    0.0
                ]
            }
        },
        "snest_plast": {
            "network_type": "snest",
            "eta": {
                "ip": [
                    4.294967296e-39,
                    4.294967296e-39,
                    0.0
                ],
                "pi": [
                    1.0485759999999999e-26,
                    1.0485759999999999e-26,
                    0.0
                ],
                "up": [
                    1.0737418240000001e-38,
                    1.0737418240000001e-38,
                    3.2212254720000006e-39
                ],
                "down": [
                    0.0,
                    0.0,
                    0.0
                ]
            }
        },
        "snest_static": {
            "network_type": "snest",
            "eta": {
                "ip": [
                    0.0,
                    0.0,
                    0.0
                ],
                "pi": [
                    0.0,
                    0.0,
                    0.0
                ],
                "up": [
                    0.0,
                    0.0,
                    0.0
                ],
                "down": [
                    0.0,
                    0.0,
                    0.0
                ]
            }
        },
        "rnest_static": {
            "network_type": "rnest",
            "eta": {
                "ip": [
                    0.0,
                    0.0,
                    0.0
                ],
                "pi": [
                    0.0,
                    0.0,
                    0.0
                ],
                "up": [
                    0.0,
                    0.0,
                    0.0
                ],
                "down": [
                    0.0,
                    0.0,
                    0.0
                ]
            }
        }
    },
    "results": {
        "rnest_plast": {
            "times": [
                14.85240626335144,
                16.51079750061035,
                16.34300136566162,
                16.118481397628784,
                16.76958727836609
            ],
            "t_mean": 16.118854761123657,
            "std": 0.6680128078515724
        },
        "snest_plast": {
            "times": [
                15.440516710281372,
                15.608856678009033,
                15.279198408126831,
                16.47962212562561,
                15.928458452224731
            ],
            "t_mean": 15.747330474853516,
            "std": 0.4246211762073017
        },
        "snest_static": {
            "times": [
                7.76896333694458,
                7.76731276512146,
                7.678262710571289,
                8.01220154762268,
                7.73482084274292
            ],
            "t_mean": 7.792312240600586,
            "std": 0.11474668495983475
        },
        "rnest_static": {
            "times": [
                8.306623220443726,
                7.682926893234253,
                8.163706064224243,
                7.5527942180633545,
                7.904119968414307
            ],
            "t_mean": 7.922034072875976,
            "std": 0.2828941118885488
        }
    }
}