{
    "n_repetitions": 5,
    "n_samples": 10,
    "global_params": {
        "threads": 32,
        "t_pres": 50,
        "latent_equilibrium": true,
        "mode": "mnist",
        "in_size": 28,
        "dims": [
            784,
            300,
            100,
            10
        ],
        "wmin_init": -0.1,
        "wmax_init": 0.1,
        "Wmin": -0.5,
        "Wmax": 0.5,
        "n_classes": 10,
        "init_self_pred": false,
        "eta": {
            "ip": [
                0.0,
                0.0,
                0.0
            ],
            "pi": [
                0.0,
                0.0,
                0.0
            ],
            "up": [
                0.0,
                0.0,
                0.0
            ],
            "down": [
                0.0,
                0.0,
                0.0
            ]
        },
        "network_type": "snest",
        "spiking": true
    },
    "configs": {
        "psi_1": {
            "psi": 1
        },
        "psi_10": {
            "psi": 10
        },
        "psi_100": {
            "psi": 100
        }
    },
    "results": {
        "psi_1": {
            "times": [
                7.610919952392578,
                7.454651594161987,
                9.079488754272461,
                8.667121410369873,
                10.180902242660522
            ],
            "t_mean": 8.598616790771484,
            "std": 1.0023731236465585
        },
        "psi_10": {
            "times": [
                9.492820739746094,
                12.098313808441162,
                9.65609359741211,
                9.049860000610352,
                10.060279130935669
            ],
            "t_mean": 10.071473455429077,
            "std": 1.0638872658678793
        },
        "psi_100": {
            "times": [
                13.967070579528809,
                16.871518850326538,
                16.105738401412964,
                14.039401292800903,
                15.555816888809204
            ],
            "t_mean": 15.307909202575683,
            "std": 1.1445370515772715
        }
    }
}