{
    "n_repetitions": 5,
    "n_samples": 5,
    "global_params": {
        "t_pres": 10,
        "latent_equilibrium": true,
        "mode": "mnist",
        "dims": [
            784,
            300,
            100,
            10
        ],
        "wmin_init": -0.1,
        "wmax_init": 0.1,
        "Wmin": -0.5,
        "Wmax": 0.5,
        "n_classes": 10,
        "init_self_pred": false,
        "weight_scale": 250
    },
    "configs": {
        "rnest_plast": {
            "network_type": "rnest",
            "eta": {
                "ip": [
                    4.294967296e-39,
                    4.294967296e-39,
                    0.0
                ],
                "pi": [
                    1.0485759999999999e-26,
                    1.0485759999999999e-26,
                    0.0
                ],
                "up": [
                    1.0737418240000001e-38,
                    1.0737418240000001e-38,
                    3.2212254720000006e-39
                ],
                "down": [
                    0.0,
                    0.0,
                    0.0
                ]
            }
        },
        "snest_plast": {
            "network_type": "snest",
            "eta": {
                "ip": [
                    4.294967296e-39,
                    4.294967296e-39,
                    0.0
                ],
                "pi": [
                    1.0485759999999999e-26,
                    1.0485759999999999e-26,
                    0.0
                ],
                "up": [
                    1.0737418240000001e-38,
                    1.0737418240000001e-38,
                    3.2212254720000006e-39
                ],
                "down": [
                    0.0,
                    0.0,
                    0.0
                ]
            }
        },
        "snest_static": {
            "network_type": "snest",
            "eta": {
                "ip": [
                    0.0,
                    0.0,
                    0.0
                ],
                "pi": [
                    0.0,
                    0.0,
                    0.0
                ],
                "up": [
                    0.0,
                    0.0,
                    0.0
                ],
                "down": [
                    0.0,
                    0.0,
                    0.0
                ]
            }
        },
        "rnest_static": {
            "network_type": "rnest",
            "eta": {
                "ip": [
                    0.0,
                    0.0,
                    0.0
                ],
                "pi": [
                    0.0,
                    0.0,
                    0.0
                ],
                "up": [
                    0.0,
                    0.0,
                    0.0
                ],
                "down": [
                    0.0,
                    0.0,
                    0.0
                ]
            }
        }
    },
    "results": {
        "rnest_plast": {
            "times": [
                15.350416898727417,
                17.03788948059082,
                17.03831171989441,
                14.938985824584961,
                14.902761697769165
            ],
            "t_mean": 15.853673124313355,
            "std": 0.9797845892463365
        },
        "snest_plast": {
            "times": [
                15.960796117782593,
                16.274176359176636,
                17.06134271621704,
                16.17021656036377,
                16.161069869995117
            ],
            "t_mean": 16.325520324707032,
            "std": 0.38164322423821434
        },
        "snest_static": {
            "times": [
                8.03368067741394,
                7.901467323303223,
                8.189045190811157,
                7.899260759353638,
                7.600319147109985
            ],
            "t_mean": 7.924754619598389,
            "std": 0.1939922694289129
        },
        "rnest_static": {
            "times": [
                7.900781869888306,
                7.230298757553101,
                8.079418182373047,
                7.637327194213867,
                7.760145425796509
            ],
            "t_mean": 7.721594285964966,
            "std": 0.28639293302906
        }
    }
}