{
    "n_repetitions": 5,
    "n_samples": 10,
    "global_params": {
        "t_pres": 50,
        "latent_equilibrium": true,
        "mode": "mnist",
        "in_size": 28,
        "dims": [
            784,
            300,
            100,
            10
        ],
        "wmin_init": -0.1,
        "wmax_init": 0.1,
        "Wmin": -0.5,
        "Wmax": 0.5,
        "n_classes": 10,
        "init_self_pred": false,
        "eta": {
            "ip": [
                5.316911983139662e-147,
                5.316911983139662e-147,
                0.0
            ],
            "pi": [
                1.2089258196146292e-98,
                1.2089258196146292e-98,
                0.0
            ],
            "up": [
                1.3292279957849162e-146,
                1.3292279957849162e-146,
                3.987683987354749e-147
            ],
            "down": [
                0.0,
                0.0,
                0.0
            ]
        },
        "network_type": "snest",
        "spiking": true,
        "psi": 250
    },
    "configs": {
        "8": {
            "threads": 8
        },
        "16": {
            "threads": 16
        },
        "24": {
            "threads": 24
        },
        "32": {
            "threads": 32
        }
    },
    "results": {
        "8": {
            "times": [
                202.58362579345703,
                209.24512648582458,
                220.94638347625732,
                197.51599860191345,
                212.33461952209473
            ],
            "t_mean": 208.52515077590942,
            "std": 8.072429493709173
        },
        "16": {
            "times": [
                126.31937718391418,
                130.28739595413208,
                126.85680270195007,
                128.13308143615723,
                134.129807472229
            ],
            "t_mean": 129.1452929496765,
            "std": 2.842440640560405
        },
        "24": {
            "times": [
                109.18691825866699,
                101.53423953056335,
                96.87686514854431,
                99.72133803367615,
                104.2188401222229
            ],
            "t_mean": 102.30764021873475,
            "std": 4.189452873626625
        },
        "32": {
            "times": [
                79.03427505493164,
                82.61569595336914,
                83.48650527000427,
                83.05380368232727,
                76.60835909843445
            ],
            "t_mean": 80.95972781181335,
            "std": 2.6890060081485236
        }
    }
}