{
    "n_repetitions": 5,
    "n_samples": 10,
    "global_params": {
        "threads": 8
    },
    "configs": {
        "snest_30": {
            "dims": [
                9,
                30,
                3
            ],
            "network_type": "snest",
            "spiking": true
        },
        "rnest_30": {
            "dims": [
                9,
                30,
                3
            ],
            "network_type": "rnest",
            "spiking": false
        },
        "numpy_30": {
            "dims": [
                9,
                30,
                3
            ],
            "network_type": "numpy"
        },
        "snest_100": {
            "dims": [
                9,
                100,
                3
            ],
            "network_type": "snest",
            "spiking": true
        },
        "rnest_100": {
            "dims": [
                9,
                100,
                3
            ],
            "network_type": "rnest",
            "spiking": false
        },
        "numpy_100": {
            "dims": [
                9,
                100,
                3
            ],
            "network_type": "numpy"
        },
        "snest_250": {
            "dims": [
                9,
                250,
                3
            ],
            "network_type": "snest",
            "spiking": true
        },
        "rnest_250": {
            "dims": [
                9,
                250,
                3
            ],
            "network_type": "rnest",
            "spiking": false
        },
        "numpy_250": {
            "dims": [
                9,
                250,
                3
            ],
            "network_type": "numpy"
        }
    },
    "results": {
        "snest_30": {
            "times": [
                4.16546893119812,
                4.12218165397644,
                4.0503294467926025,
                4.130786895751953,
                4.100643873214722
            ],
            "t_mean": 4.113882160186767,
            "std": 0.03802642830134462
        },
        "rnest_30": {
            "times": [
                2.5786869525909424,
                2.571298599243164,
                2.570746421813965,
                2.6252729892730713,
                2.5461528301239014
            ],
            "t_mean": 2.578431558609009,
            "std": 0.02586906106618792
        },
        "numpy_30": {
            "times": [
                13.087298393249512,
                13.106446266174316,
                13.048962831497192,
                13.088507175445557,
                13.127252340316772
            ],
            "t_mean": 13.09169340133667,
            "std": 0.025835846773931664
        },
        "snest_100": {
            "times": [
                7.136058330535889,
                7.163236618041992,
                7.104475021362305,
                7.115583658218384,
                7.286519527435303
            ],
            "t_mean": 7.161174631118774,
            "std": 0.06578724182420591
        },
        "rnest_100": {
            "times": [
                3.5300543308258057,
                3.4672420024871826,
                3.490025281906128,
                3.513782501220703,
                3.4954254627227783
            ],
            "t_mean": 3.4993059158325197,
            "std": 0.021374373303236657
        },
        "numpy_100": {
            "times": [
                13.539445400238037,
                13.433936834335327,
                13.441140413284302,
                13.481121301651001,
                13.425116300582886
            ],
            "t_mean": 13.46415205001831,
            "std": 0.042245303895738336
        },
        "snest_250": {
            "times": [
                14.219103813171387,
                14.49275803565979,
                14.39688229560852,
                14.513769149780273,
                14.26069712638855
            ],
            "t_mean": 14.376642084121704,
            "std": 0.11912846220489401
        },
        "rnest_250": {
            "times": [
                5.735580921173096,
                5.721605062484741,
                5.754533767700195,
                5.771718978881836,
                5.776421308517456
            ],
            "t_mean": 5.751972007751465,
            "std": 0.020904989236334513
        },
        "numpy_250": {
            "times": [
                14.223098754882812,
                14.224770545959473,
                14.358672380447388,
                14.221154928207397,
                14.177936792373657
            ],
            "t_mean": 14.241126680374146,
            "std": 0.06132104641368209
        }
    }
}