{
    "n_repetitions": 5,
    "n_samples": 50,
    "global_params": {
        "threads": 8,
        "init_self_pred": false,
        "eta": {
            "ip": [
                1e-190,
                0.0
            ],
            "pi": [
                9.999999999999998e-161,
                0.0
            ],
            "up": [
                1e-190,
                1e-190
            ],
            "down": [
                0.0,
                0.0
            ]
        },
        "network_type": "snest",
        "spiking": true
    },
    "configs": {
        "psi_1": {
            "psi": 1
        },
        "psi_10": {
            "psi": 10
        },
        "psi_100": {
            "psi": 100
        },
        "psi_1000": {
            "psi": 1000
        }
    },
    "results": {
        "psi_1": {
            "times": [
                12.355871677398682,
                12.240064859390259,
                11.754098892211914,
                11.740710258483887,
                11.67952013015747
            ],
            "t_mean": 11.954053163528442,
            "std": 0.2842977665832361
        },
        "psi_10": {
            "times": [
                13.509869813919067,
                13.555449962615967,
                13.415332078933716,
                13.256808042526245,
                13.285798072814941
            ],
            "t_mean": 13.404651594161987,
            "std": 0.11824463602976122
        },
        "psi_100": {
            "times": [
                32.32306718826294,
                22.17878770828247,
                22.818854093551636,
                20.326439142227173,
                21.734797477722168
            ],
            "t_mean": 23.87638912200928,
            "std": 4.301980029732081
        },
        "psi_1000": {
            "times": [
                80.97716951370239,
                103.19528675079346,
                86.81021547317505,
                81.61617016792297,
                80.4298963546753
            ],
            "t_mean": 86.60574765205384,
            "std": 8.602005919266626
        }
    }
}