{
    "n_repetitions": 1,
    "n_samples": 10,
    "global_params": {
        "threads": 16,
        "t_pres": 50,
        "latent_equilibrium": true,
        "mode": "mnist",
        "dims": [
            784,
            300,
            100,
            10
        ],
        "wmin_init": -0.1,
        "wmax_init": 0.1,
        "Wmin": -0.5,
        "Wmax": 0.5,
        "n_classes": 10,
        "init_self_pred": false,
        "eta": {
            "ip": [
                4e-12,
                4e-12,
                0.0
            ],
            "pi": [
                1e-08,
                1e-08,
                0.0
            ],
            "up": [
                1.0000000000000001e-11,
                1.0000000000000001e-11,
                3e-12
            ],
            "down": [
                0.0,
                0.0,
                0.0
            ]
        },
        "network_type": "snest",
        "spiking": true
    },
    "configs": {
        "ws_1": {
            "psi": 1
        },
        "ws_10": {
            "psi": 10
        },
        "ws_100": {
            "psi": 100
        }
    },
    "results": {
        "ws_1": {
            "times": [
                17.726988554000854
            ],
            "t_mean": 17.726988554000854,
            "std": 0.0
        },
        "ws_10": {
            "times": [
                34.73445129394531
            ],
            "t_mean": 34.73445129394531,
            "std": 0.0
        },
        "ws_100": {
            "times": [
                129.24483108520508
            ],
            "t_mean": 129.24483108520508,
            "std": 0.0
        }
    }
}