{
    "n_repetitions": 5,
    "n_samples": 10,
    "global_params": {
        "threads": 32,
        "t_pres": 50,
        "latent_equilibrium": true,
        "mode": "mnist",
        "in_size": 28,
        "dims": [
            784,
            300,
            100,
            10
        ],
        "wmin_init": -0.1,
        "wmax_init": 0.1,
        "Wmin": -0.5,
        "Wmax": 0.5,
        "n_classes": 10,
        "init_self_pred": false,
        "eta": {
            "ip": [
                3.9999999999999987e-48,
                3.9999999999999987e-48,
                0.0
            ],
            "pi": [
                9.999999999999999e-33,
                9.999999999999999e-33,
                0.0
            ],
            "up": [
                1.0000000000000002e-47,
                1.0000000000000002e-47,
                3.0000000000000005e-48
            ],
            "down": [
                0.0,
                0.0,
                0.0
            ]
        },
        "network_type": "snest",
        "spiking": true
    },
    "configs": {
        "psi_1": {
            "psi": 1
        },
        "psi_10": {
            "psi": 10
        },
        "psi_100": {
            "psi": 100
        }
    },
    "results": {
        "psi_1": {
            "times": [
                45.59950065612793,
                46.66558003425598,
                51.04624533653259,
                54.036965131759644,
                45.45533776283264
            ],
            "t_mean": 48.56072578430176,
            "std": 3.4108905368743887
        },
        "psi_10": {
            "times": [
                51.48300290107727,
                51.573463439941406,
                52.0571711063385,
                51.27727127075195,
                52.583503007888794
            ],
            "t_mean": 51.79488234519958,
            "std": 0.47009239251508006
        },
        "psi_100": {
            "times": [
                95.50755834579468,
                93.02884697914124,
                90.60346531867981,
                92.5766544342041,
                91.8542115688324
            ],
            "t_mean": 92.71414732933044,
            "std": 1.6196020088264005
        }
    }
}