{
    "n_repetitions": 1,
    "n_samples": 10,
    "global_params": {
        "t_pres": 50,
        "latent_equilibrium": true,
        "mode": "mnist",
        "dims": [
            784,
            300,
            100,
            10
        ],
        "wmin_init": -0.1,
        "wmax_init": 0.1,
        "Wmin": -0.5,
        "Wmax": 0.5,
        "n_classes": 10,
        "init_self_pred": false,
        "eta": {
            "ip": [
                6.7108864e-32,
                6.7108864e-32,
                0.0
            ],
            "pi": [
                6.553599999999999e-22,
                6.553599999999999e-22,
                0.0
            ],
            "up": [
                1.6777216000000002e-31,
                1.6777216000000002e-31,
                5.0331648e-32
            ],
            "down": [
                0.0,
                0.0,
                0.0
            ]
        },
        "network_type": "snest",
        "spiking": true,
        "psi": 250
    },
    "configs": {
        "8": {
            "threads": 8
        },
        "16": {
            "threads": 16
        },
        "24": {
            "threads": 24
        },
        "32": {
            "threads": 32
        }
    },
    "results": {
        "8": {
            "times": [
                223.40626049041748
            ],
            "t_mean": 223.40626049041748,
            "std": 0.0
        },
        "16": {
            "times": [
                120.01819038391113
            ],
            "t_mean": 120.01819038391113,
            "std": 0.0
        },
        "24": {
            "times": [
                103.18127393722534
            ],
            "t_mean": 103.18127393722534,
            "std": 0.0
        },
        "32": {
            "times": [
                80.23072528839111
            ],
            "t_mean": 80.23072528839111,
            "std": 0.0
        }
    }
}