{
    "test_acc": [
        [
            0,
            0.125
        ],
        [
            1,
            0.125
        ]
    ],
    "test_loss": [
        [
            0,
            3.040815745074214
        ],
        [
            1,
            0.7471215186984941
        ]
    ],
    "train_loss": [
        [
            0,
            1.4361193531703187
        ]
    ],
    "apical_error": [
        [
            0,
            5.227624565179472
        ]
    ],
    "intn_error": [
        [
            0,
            0.06474449795005038
        ]
    ],
    "ff_error": [],
    "fb_error": [],
    "epochs_completed": 0
}