{
    "test_acc": [
        [
            0,
            0.625
        ],
        [
            1,
            0.5
        ],
        [
            11,
            0.375
        ],
        [
            21,
            0.125
        ],
        [
            31,
            0.625
        ],
        [
            41,
            0.625
        ],
        [
            51,
            0.375
        ],
        [
            61,
            0.375
        ],
        [
            71,
            0.5
        ],
        [
            81,
            0.5
        ],
        [
            91,
            0.25
        ],
        [
            101,
            0.375
        ],
        [
            111,
            0.625
        ],
        [
            121,
            0.625
        ],
        [
            131,
            0.5
        ],
        [
            141,
            0.125
        ],
        [
            151,
            0.125
        ],
        [
            161,
            0.5
        ],
        [
            171,
            0.125
        ],
        [
            181,
            0.5
        ],
        [
            191,
            0.0
        ],
        [
            201,
            0.375
        ]
    ],
    "test_loss": [
        [
            0,
            0.3324723631833867
        ],
        [
            1,
            0.33333535994814695
        ],
        [
            11,
            0.3332353825391533
        ],
        [
            21,
            0.3332127594303559
        ],
        [
            31,
            0.33310104735947277
        ],
        [
            41,
            0.3332070983501043
        ],
        [
            51,
            0.33302986172629634
        ],
        [
            61,
            0.3332897760783296
        ],
        [
            71,
            0.3332683535220232
        ],
        [
            81,
            0.3331644578793456
        ],
        [
            91,
            0.33328948035037975
        ],
        [
            101,
            0.33330472443536224
        ],
        [
            111,
            0.3331561657430561
        ],
        [
            121,
            0.3332265743756853
        ],
        [
            131,
            0.3333268365041868
        ],
        [
            141,
            0.3333356377188894
        ],
        [
            151,
            0.33335595995483147
        ],
        [
            161,
            0.3333767413076615
        ],
        [
            171,
            0.33341163396531504
        ],
        [
            181,
            0.3333147853688208
        ],
        [
            191,
            0.3333565328150714
        ],
        [
            201,
            0.333305861929197
        ]
    ],
    "train_loss": [
        [
            0,
            0.3253466380301294
        ],
        [
            1,
            0.32568252007542203
        ],
        [
            2,
            0.32553822124181747
        ],
        [
            3,
            0.3256050664520875
        ],
        [
            4,
            0.32552019980938524
        ],
        [
            5,
            0.32537048735199053
        ],
        [
            6,
            0.325480474854259
        ],
        [
            7,
            0.32555587545738646
        ],
        [
            8,
            0.32545233687028924
        ],
        [
            9,
            0.3255318747608546
        ],
        [
            10,
            0.3253817819726044
        ],
        [
            11,
            0.32557989493757605
        ],
        [
            12,
            0.32539261096792926
        ],
        [
            13,
            0.3254604329777972
        ],
        [
            14,
            0.3253626644632949
        ],
        [
            15,
            0.32544197314742224
        ],
        [
            16,
            0.3255381717650499
        ],
        [
            17,
            0.325455011570548
        ],
        [
            18,
            0.3255343451688769
        ],
        [
            19,
            0.3254898871491568
        ],
        [
            20,
            0.32531311615155895
        ],
        [
            21,
            0.325407559434151
        ],
        [
            22,
            0.32554802662684035
        ],
        [
            23,
            0.3254924478326128
        ],
        [
            24,
            0.32543323097947335
        ],
        [
            25,
            0.32544595006854254
        ],
        [
            26,
            0.3255536573216682
        ],
        [
            27,
            0.3255070419793809
        ],
        [
            28,
            0.3254183230625386
        ],
        [
            29,
            0.32568079625990737
        ],
        [
            30,
            0.32529559583646406
        ],
        [
            31,
            0.3254290892174971
        ],
        [
            32,
            0.3254739599327634
        ],
        [
            33,
            0.32540085188141715
        ],
        [
            34,
            0.32553393727203533
        ],
        [
            35,
            0.3253435485029193
        ],
        [
            36,
            0.3254682628714811
        ],
        [
            37,
            0.32533887136062084
        ],
        [
            38,
            0.3255574640681949
        ],
        [
            39,
            0.32532377319786115
        ],
        [
            40,
            0.32546265731254603
        ],
        [
            41,
            0.3254326193155867
        ],
        [
            42,
            0.32549719965733337
        ],
        [
            43,
            0.3254487152495397
        ],
        [
            44,
            0.3253297025544393
        ],
        [
            45,
            0.32541410127228293
        ],
        [
            46,
            0.3254140564016432
        ],
        [
            47,
            0.325406943863728
        ],
        [
            48,
            0.32543932468963715
        ],
        [
            49,
            0.32558560034844114
        ],
        [
            50,
            0.3254899482770098
        ],
        [
            51,
            0.3254681560260117
        ],
        [
            52,
            0.325483190431994
        ],
        [
            53,
            0.32539708606130713
        ],
        [
            54,
            0.32557869000842277
        ],
        [
            55,
            0.32535456458040607
        ],
        [
            56,
            0.32555162344380595
        ],
        [
            57,
            0.32541374675281504
        ],
        [
            58,
            0.3255333807859639
        ],
        [
            59,
            0.32534598654037955
        ],
        [
            60,
            0.3255904395704096
        ],
        [
            61,
            0.3254714986730404
        ],
        [
            62,
            0.3253329224401711
        ],
        [
            63,
            0.32553057005449904
        ],
        [
            64,
            0.32543442973535197
        ],
        [
            65,
            0.3254750314924471
        ],
        [
            66,
            0.3255000403239651
        ],
        [
            67,
            0.325445930985732
        ],
        [
            68,
            0.3254859802152669
        ],
        [
            69,
            0.3254299039034889
        ],
        [
            70,
            0.32552615404548324
        ],
        [
            71,
            0.32555477780304226
        ],
        [
            72,
            0.3255821685847136
        ],
        [
            73,
            0.3252908948403796
        ],
        [
            74,
            0.32533308856741655
        ],
        [
            75,
            0.32536295020838474
        ],
        [
            76,
