{
    "test_acc": [
        [
            0,
            0.625
        ],
        [
            1,
            0.5
        ]
    ],
    "test_loss": [
        [
            0,
            0.3324723631833867
        ],
        [
            1,
            0.33333535994814695
        ]
    ],
    "train_loss": [
        [
            0,
            0.3253466380301294
        ]
    ],
    "epochs_completed": 0
}