{
    "test_acc": [
        [
            0,
            0.375
        ],
        [
            1,
            0.375
        ]
    ],
    "test_loss": [
        [
            0,
            1.4325616399684062
        ],
        [
            1,
            0.33644850056317116
        ]
    ],
    "train_loss": [
        [
            0,
            0.3661333083896912
        ]
    ],
    "epochs_completed": 0
}