{
    "test_acc": [
        [
            0,
            0.375
        ],
        [
            1,
            0.375
        ]
    ],
    "test_loss": [
        [
            0,
            0.32312184147358425
        ],
        [
            1,
            0.329914955007719
        ]
    ],
    "train_loss": [
        [
            0,
            0.3263715200507798
        ]
    ],
    "epochs_completed": 0
}