{
    "test_acc": [
        [
            0,
            0.375
        ],
        [
            1,
            0.25
        ]
    ],
    "test_loss": [
        [
            0,
            0.3198739582512908
        ],
        [
            1,
            0.3281732608100054
        ]
    ],
    "train_loss": [
        [
            0,
            0.27551493307857644
        ],
        [
            0,
            0.315330187448938
        ],
        [
            0,
            0.29780196830592803
        ],
        [
            0,
            0.2968835260736559
        ],
        [
            0,
            0.3393094107529902
        ],
        [
            0,
            0.33049297793415383
        ],
        [
            0,
            0.31318198137339454
        ],
        [
            0,
            0.33034499723555594
        ],
        [
            0,
            0.32062204348362
        ],
        [
            0,
            0.3297931040897925
        ],
        [
            0,
            0.3258821579783821
        ],
        [
            0,
            0.32033751611812494
        ],
        [
            0,
            0.31979999173380724
        ],
        [
            0,
            0.3281998285110323
        ],
        [
            0,
            0.323356711687557
        ],
        [
            0,
            0.32447142975100524
        ],
        [
            0,
            0.32256939912641613
        ],
        [
            0,
            0.3209975786507514
        ],
        [
            0,
            0.32272802065307177
        ],
        [
            0,
            0.3205423843659725
        ],
        [
            0,
            0.3272440998955622
        ],
        [
            0,
            0.3198791033330028
        ],
        [
            0,
            0.3252119396139236
        ],
        [
            0,
            0.32076457459612734
        ]
    ],
    "epochs_completed": 0
}