{
    "test_acc": [
        [
            0,
            0.375
        ],
        [
            1,
            0.25
        ]
    ],
    "test_loss": [
        [
            0,
            0.5139032876860323
        ],
        [
            1,
            0.37913721097373687
        ]
    ],
    "train_loss": [
        [
            0,
            2.1592348455850976
        ]
    ],
    "epochs_completed": 0
}