{
    "test_acc": [
        [
            0,
            0.375
        ],
        [
            1,
            0.25
        ],
        [
            11,
            0.25
        ],
        [
            21,
            0.25
        ],
        [
            31,
            0.375
        ],
        [
            41,
            0.375
        ],
        [
            51,
            0.375
        ],
        [
            61,
            0.125
        ],
        [
            71,
            0.5
        ],
        [
            81,
            0.375
        ],
        [
            91,
            0.375
        ],
        [
            101,
            0.375
        ],
        [
            111,
            0.375
        ],
        [
            121,
            0.375
        ],
        [
            131,
            0.25
        ],
        [
            141,
            0.375
        ],
        [
            151,
            0.25
        ],
        [
            161,
            0.375
        ],
        [
            171,
            0.375
        ],
        [
            181,
            0.375
        ],
        [
            191,
            0.5
        ],
        [
            201,
            0.375
        ]
    ],
    "test_loss": [
        [
            0,
            0.5139032876860323
        ],
        [
            1,
            0.37913721097373687
        ],
        [
            11,
            0.30170895545349286
        ],
        [
            21,
            0.3053121422167069
        ],
        [
            31,
            0.3116701938097989
        ],
        [
            41,
            0.302676941534635
        ],
        [
            51,
            0.3029151072108882
        ],
        [
            61,
            0.3046515473523158
        ],
        [
            71,
            0.2978173234524616
        ],
        [
            81,
            0.3001030360924253
        ],
        [
            91,
            0.30076046366286113
        ],
        [
            101,
            0.3063159214278212
        ],
        [
            111,
            0.3119099699221278
        ],
        [
            121,
            0.30059240883284793
        ],
        [
            131,
            0.3086233125502871
        ],
        [
            141,
            0.302196364718633
        ],
        [
            151,
            0.30747718929686196
        ],
        [
            161,
            0.3025417056443859
        ],
        [
            171,
            0.3038021414761854
        ],
        [
            181,
            0.30007530778011626
        ],
        [
            191,
            0.29802725135783037
        ],
        [
            201,
            0.3130929058161198
        ]
    ],
    "train_loss": [
        [
            0,
            2.1592348455850976
        ],
        [
            1,
            0.29490793285572076
        ],
        [
            2,
            0.17463777607097133
        ],
        [
            3,
            0.1758370990148527
        ],
        [
            4,
            0.1734543689457001
        ],
        [
            5,
            0.17033846108029507
        ],
        [
            6,
            0.1717238753393926
        ],
        [
            7,
            0.1690737913495116
        ],
        [
            8,
            0.17348805101398587
        ],
        [
            9,
            0.1705017597524259
        ],
        [
            10,
            0.16974826312286717
        ],
        [
            11,
            0.17241276133529046
        ],
        [
            12,
            0.17326434080745448
        ],
        [
            13,
            0.16867722849007535
        ],
        [
            14,
            0.1726720853129818
        ],
        [
            15,
            0.1702351120938771
        ],
        [
            16,
            0.17061607815090019
        ],
        [
            17,
            0.1721839085310012
        ],
        [
            18,
            0.16918781885601333
        ],
        [
            19,
            0.1708190966022701
        ],
        [
            20,
            0.17086582883740187
        ],
        [
            21,
            0.18099916014916143
        ],
        [
            22,
            0.16698660603955076
        ],
        [
            23,
            0.16897201985770974
        ],
        [
            24,
            0.1727307936671477
        ],
        [
            25,
            0.1691122230137001
        ],
        [
            26,
            0.17151277111187158
        ],
        [
            27,
            0.1704478069716829
        ],
        [
            28,
            0.1732346724267797
        ],
        [
            29,
            0.17473507017434806
        ],
        [
            30,
            0.17149321786769414
        ],
        [
            31,
            0.17698551081245983
        ],
        [
            32,
            0.17202608274222228
        ],
        [
            33,
            0.17200750582049606
        ],
        [
            34,
            0.1710556160565181
        ],
        [
            35,
            0.16993251970238196
        ],
        [
            36,
            0.169922262555414
        ],
        [
            37,
            0.1689383464620751
        ],
        [
            38,
            0.1696961736131751
        ],
        [
            39,
            0.1726348810629794
        ],
        [
            40,
            0.17110830693511658
        ],
        [
            41,
            0.18191792836931006
        ],
        [
            42,
            0.1720044106106737
        ],
        [
            43,
            0.17497666035204196
        ],
        [
            44,
            0.17329111839407915
        ],
        [
            45,
            0.16910468821584312
        ],
        [
            46,
            0.17236971123319875
        ],
        [
            47,
            0.17402176725726604
        ],
        [
            48,
            0.17152001885406665
        ],
        [
            49,
            0.1723484470396787
        ],
        [
            50,
            0.16975547792900056
        ],
        [
            51,
            0.17718251001356333
        ],
        [
            52,
            0.1703011986296501
        ],
        [
            53,
            0.16792324387512533
        ],
        [
            54,
            0.1741876047154024
        ],
        [
            55,
            0.17266407238666492
        ],
        [
            56,
            0.16912417117919817
        ],
        [
            57,
            0.17006355870860979
        ],
        [
            58,
            0.16652861573410058
        ],
        [
            59,
            0.17187352630494748
        ],
        [
            60,
            0.1724438987877094
        ],
        [
            61,
            0.17711204247038034
        ],
        [
            62,
            0.17267630222830785
        ],
        [
            63,
            0.17191599593036044
        ],
        [
            64,
            0.17040670591501125
        ],
        [
            65,
            0.17065770837192082
        ],
        [
            66,
            0.17014222489094552
        ],
        [
            67,
            0.16612365810240545
        ],
        [
            68,
            0.17013023457797682
        ],
        [
            69,
            0.17498411111677406
        ],
        [
            70,
            0.17199007372282502
        ],
        [
            71,
            0.1754720211415286
        ],
        [
            72,
            0.16767915361438349
        ],
        [
            73,
            0.17132897932129065
        ],
        [
            74,
            0.17188515677775448
        ],
        [
            75,
            0.17125152121249618
        ],
