{
    "test_acc": [
        [
            0,
            0.25
        ],
        [
            1,
            0.375
        ]
    ],
    "test_loss": [
        [
            0,
            0.3690408377311662
        ],
        [
            1,
            0.3267842444340857
        ]
    ],
    "train_loss": [
        [
            0,
            0.3138145472139194
        ]
    ],
    "epochs_completed": 0
}