{
    "test_acc": [
        [
            0,
            0.25
        ],
        [
            1,
            0.375
        ],
        [
            11,
            0.375
        ],
        [
            21,
            0.375
        ],
        [
            31,
            0.375
        ],
        [
            41,
            0.375
        ],
        [
            51,
            0.5
        ],
        [
            61,
            0.25
        ],
        [
            71,
            0.375
        ],
        [
            81,
            0.5
        ],
        [
            91,
            0.375
        ],
        [
            101,
            0.375
        ],
        [
            111,
            0.625
        ],
        [
            121,
            0.375
        ],
        [
            131,
            0.25
        ],
        [
            141,
            0.375
        ],
        [
            151,
            0.375
        ],
        [
            161,
            0.25
        ],
        [
            171,
            0.375
        ],
        [
            181,
            0.375
        ],
        [
            191,
            0.25
        ],
        [
            201,
            0.25
        ]
    ],
    "test_loss": [
        [
            0,
            0.3690408377311662
        ],
        [
            1,
            0.3267842444340857
        ],
        [
            11,
            0.32286332886090263
        ],
        [
            21,
            0.32102406904286407
        ],
        [
            31,
            0.3230744713499816
        ],
        [
            41,
            0.32311292734991237
        ],
        [
            51,
            0.32055351610132443
        ],
        [
            61,
            0.32242612899019374
        ],
        [
            71,
            0.32156435581130827
        ],
        [
            81,
            0.3211430655218338
        ],
        [
            91,
            0.3219475229149874
        ],
        [
            101,
            0.3215258586920353
        ],
        [
            111,
            0.32100391278500046
        ],
        [
            121,
            0.32157623692369075
        ],
        [
            131,
            0.3222521721358342
        ],
        [
            141,
            0.3215974191393794
        ],
        [
            151,
            0.3216234343369983
        ],
        [
            161,
            0.3226391263463137
        ],
        [
            171,
            0.3218039093247316
        ],
        [
            181,
            0.3213131223985252
        ],
        [
            191,
            0.32159582485573357
        ],
        [
            201,
            0.32091927503076073
        ]
    ],
    "train_loss": [
        [
            0,
            0.3138145472139194
        ],
        [
            1,
            0.28956461810597495
        ],
        [
            2,
            0.29551654773644587
        ],
        [
            3,
            0.29575602015797414
        ],
        [
            4,
            0.29553566963467964
        ],
        [
            5,
            0.29674604566220986
        ],
        [
            6,
            0.29628399784923637
        ],
        [
            7,
            0.29639622555146206
        ],
        [
            8,
            0.2962286817194389
        ],
        [
            9,
            0.29609213409684393
        ],
        [
            10,
            0.2959652124041787
        ],
        [
            11,
            0.2968563524180078
        ],
        [
            12,
            0.2954450220965677
        ],
        [
            13,
            0.29512086438583557
        ],
        [
            14,
            0.2967081695774873
        ],
        [
            15,
            0.2953715103916067
        ],
        [
            16,
            0.2956933250990658
        ],
        [
            17,
            0.29569444607830203
        ],
        [
            18,
            0.295195330465513
        ],
        [
            19,
            0.2959791969810521
        ],
        [
            20,
            0.29583251888656525
        ],
        [
            21,
            0.2987465119911226
        ],
        [
            22,
            0.2958521432908153
        ],
        [
            23,
            0.2957182136187457
        ],
        [
            24,
            0.2955206498121788
        ],
        [
            25,
            0.29529032337934386
        ],
        [
            26,
            0.2955764250435318
        ],
        [
            27,
            0.2958763726122747
        ],
        [
            28,
            0.29653643311718975
        ],
        [
            29,
            0.29583698726105356
        ],
        [
            30,
            0.296356628147123
        ],
        [
            31,
            0.2985793912672279
        ],
        [
            32,
            0.29550310010795044
        ],
        [
            33,
            0.2955353554154028
        ],
        [
            34,
            0.29515957663492604
        ],
        [
            35,
            0.2958599250511234
        ],
        [
            36,
            0.29589414336190845
        ],
        [
            37,
            0.29499915917948494
        ],
        [
            38,
            0.2960746819175311
        ],
        [
            39,
            0.29619122180354
        ],
        [
            40,
            0.29549795782413785
        ],
        [
            41,
            0.299087809288796
        ],
        [
            42,
            0.2958810611042782
        ],
        [
            43,
            0.2956132671206577
        ],
        [
            44,
            0.2958623005794852
        ],
        [
            45,
            0.29608671949776727
        ],
        [
            46,
            0.2962041480031195
        ],
        [
            47,
            0.295276556841636
        ],
        [
            48,
            0.29541850292522026
        ],
        [
            49,
            0.2956062453268103
        ],
        [
            50,
            0.295718916990276
        ],
        [
            51,
            0.29942326896186305
        ],
        [
            52,
            0.29630665242650617
        ],
        [
            53,
            0.2961155862288742
        ],
        [
            54,
            0.29543487239321475
        ],
        [
            55,
            0.2958192495597993
        ],
        [
            56,
            0.2956192180442952
        ],
        [
            57,
            0.29579797515846407
        ],
        [
            58,
            0.29629368337414236
        ],
        [
            59,
            0.2950831915059351
        ],
        [
            60,
            0.2962317211605356
        ],
        [
            61,
            0.29898938947190673
        ],
        [
            62,
            0.2951850132606274
        ],
        [
            63,
            0.295129007844307
        ],
        [
            64,
            0.2958225279143423
        ],
        [
            65,
            0.2955772023109576
        ],
        [
            66,
            0.2954115720935808
        ],
        [
            67,
            0.29475109168677854
        ],
        [
            68,
            0.29565735397931187
        ],
        [
            69,
            0.2951896892233586
        ],
        [
            70,
            0.29555730270363245
        ],
        [
            71,
            0.2984884845220072
        ],
        [
            72,
            0.296327303620543
        ],
        [
            73,
            0.2958386946974483
        ],
        [
            74,
            0.2958808180005266
        ],
        [
            75,
            0.29539075450116054
        ],
        [
