{
    "test_acc": [
        [
            0,
            0.125
        ],
        [
            1,
            0.375
        ]
    ],
    "test_loss": [
        [
            0,
            0.3174814682348087
        ],
        [
            1,
            0.33128999511855184
        ]
    ],
    "train_loss": [
        [
            0,
            0.31543927425342533
        ]
    ],
    "epochs_completed": 0
}