{
    "test_acc": [
        [
            0,
            0.125
        ],
        [
            1,
            0.375
        ],
        [
            11,
            0.375
        ],
        [
            21,
            0.25
        ],
        [
            31,
            0.5
        ],
        [
            41,
            0.625
        ],
        [
            51,
            0.25
        ],
        [
            61,
            0.25
        ],
        [
            71,
            0.5
        ],
        [
            81,
            0.25
        ],
        [
            91,
            0.25
        ],
        [
            101,
            0.375
        ],
        [
            111,
            0.75
        ],
        [
            121,
            0.25
        ],
        [
            131,
            0.5
        ],
        [
            141,
            0.375
        ],
        [
            151,
            0.25
        ],
        [
            161,
            0.375
        ],
        [
            171,
            0.25
        ],
        [
            181,
            0.5
        ],
        [
            191,
            0.5
        ],
        [
            201,
            0.375
        ]
    ],
    "test_loss": [
        [
            0,
            0.3174814682348087
        ],
        [
            1,
            0.33128999511855184
        ],
        [
            11,
            0.33221263831040626
        ],
        [
            21,
            0.3380799857159418
        ],
        [
            31,
            0.32807138985530043
        ],
        [
            41,
            0.3322112274651511
        ],
        [
            51,
            0.33255972179395166
        ],
        [
            61,
            0.3334026040931206
        ],
        [
            71,
            0.3282906930404213
        ],
        [
            81,
            0.33262443565452904
        ],
        [
            91,
            0.3310753311660314
        ],
        [
            101,
            0.33019773663715524
        ],
        [
            111,
            0.33059723942966357
        ],
        [
            121,
            0.33212533840555425
        ],
        [
            131,
            0.331761815669909
        ],
        [
            141,
            0.331815474624261
        ],
        [
            151,
            0.33167513886370587
        ],
        [
            161,
            0.33156828391305354
        ],
        [
            171,
            0.3330337360909371
        ],
        [
            181,
            0.3318727914984177
        ],
        [
            191,
            0.3317167278450234
        ],
        [
            201,
            0.3307931694050036
        ]
    ],
    "train_loss": [
        [
            0,
            0.31543927425342533
        ],
        [
            1,
            0.299766578246538
        ],
        [
            2,
            0.2824504904844712
        ],
        [
            3,
            0.28031945786288415
        ],
        [
            4,
            0.2799977556512891
        ],
        [
            5,
            0.280630242323396
        ],
        [
            6,
            0.28063815834516337
        ],
        [
            7,
            0.2827751976507133
        ],
        [
            8,
            0.2841478478204609
        ],
        [
            9,
            0.2810330226256601
        ],
        [
            10,
            0.2794675654747419
        ],
        [
            11,
            0.2811976298823017
        ],
        [
            12,
            0.28310300827818063
        ],
        [
            13,
            0.2815971798473062
        ],
        [
            14,
            0.2806719768711108
        ],
        [
            15,
            0.28009275447967846
        ],
        [
            16,
            0.28188843666536445
        ],
        [
            17,
            0.2820422139820841
        ],
        [
            18,
            0.282121851801925
        ],
        [
            19,
            0.279561274906665
        ],
        [
            20,
            0.2805842765564059
        ],
        [
            21,
            0.2822321771976303
        ],
        [
            22,
            0.281861042292584
        ],
        [
            23,
            0.28227871930744153
        ],
        [
            24,
            0.28153767189245743
        ],
        [
            25,
            0.2825143280080246
        ],
        [
            26,
            0.27972265615234665
        ],
        [
            27,
            0.2838159772938908
        ],
        [
            28,
            0.28147202247043657
        ],
        [
            29,
            0.28089863865109954
        ],
        [
            30,
            0.28194476251731276
        ],
        [
            31,
            0.2824280203086286
        ],
        [
            32,
            0.28281668116053715
        ],
        [
            33,
            0.2811916900538476
        ],
        [
            34,
            0.2817002046606536
        ],
        [
            35,
            0.2823264923917029
        ],
        [
            36,
            0.28112319578090833
        ],
        [
            37,
            0.2822398131404582
        ],
        [
            38,
            0.2808658912544013
        ],
        [
            39,
            0.28140590821769523
        ],
        [
            40,
            0.2808644671047639
        ],
        [
            41,
            0.28042528560787666
        ],
        [
            42,
            0.2822825426398201
        ],
        [
            43,
            0.28050331347732493
        ],
        [
            44,
            0.28236887638257274
        ],
        [
            45,
            0.28257937808650774
        ],
        [
            46,
            0.28253244251567716
        ],
        [
            47,
            0.28275018390927825
        ],
        [
            48,
            0.2815235825850883
        ],
        [
            49,
            0.28223677960548105
        ],
        [
            50,
            0.2834730203247381
        ],
        [
            51,
            0.2824475938705531
        ],
        [
            52,
            0.2796214475652733
        ],
        [
            53,
            0.2803207785013503
        ],
        [
            54,
            0.2828548996755261
        ],
        [
            55,
            0.28371587313914903
        ],
        [
            56,
            0.2822037478904698
        ],
        [
            57,
            0.28148183975495544
        ],
        [
            58,
            0.28058056178502566
        ],
        [
            59,
            0.2805110509286526
        ],
        [
            60,
            0.2806319237319282
        ],
        [
            61,
            0.2833195892863425
        ],
        [
            62,
            0.27977286005997926
        ],
        [
            63,
            0.28070019318174166
        ],
        [
            64,
            0.28191278425432453
        ],
        [
            65,
            0.28145011744859394
        ],
        [
            66,
            0.2820422812003029
        ],
        [
            67,
            0.2817729327351776
        ],
        [
            68,
            0.2814136314055224
        ],
        [
            69,
            0.2822322325693654
        ],
        [
            70,
            0.2836284595959883
        ],
        [
            71,
            0.28140450635200237
        ],
        [
            72,
            0.2816701292017047
        ],
        [
            73,
            0.2828595046497102
        ],
        [
            74,
            0.2808384750262119
        ],
        [
            75,
            0.28092005952096316
        ],
        [
            76,
