{
    "test_acc": [
        [
            0,
            0.25
        ],
        [
            1,
            0.125
        ]
    ],
    "test_loss": [
        [
            0,
            0.5579042585670709
        ],
        [
            1,
            0.32906835100041243
        ]
    ],
    "train_loss": [
        [
            0,
            0.1902226746804534
        ]
    ],
    "epochs_completed": 0
}