{
    "test_acc": [
        [
            0,
            0.375
        ],
        [
            1,
            0.5
        ],
        [
            11,
            0.625
        ],
        [
            21,
            0.75
        ],
        [
            31,
            0.625
        ],
        [
            41,
            0.625
        ],
        [
            51,
            0.625
        ],
        [
            61,
            0.625
        ],
        [
            71,
            0.75
        ],
        [
            81,
            0.625
        ],
        [
            91,
            0.625
        ],
        [
            101,
            0.625
        ],
        [
            111,
            0.625
        ],
        [
            121,
            0.5
        ],
        [
            131,
            0.5
        ],
        [
            141,
            0.625
        ],
        [
            151,
            0.625
        ],
        [
            161,
            0.625
        ],
        [
            171,
            0.625
        ],
        [
            181,
            0.625
        ],
        [
            191,
            0.625
        ],
        [
            201,
            0.75
        ]
    ],
    "test_loss": [
        [
            0,
            0.38140575422521317
        ],
        [
            1,
            0.30611361223797695
        ],
        [
            11,
            0.2991739329048476
        ],
        [
            21,
            0.28864370667563943
        ],
        [
            31,
            0.2858070517233376
        ],
        [
            41,
            0.2849688861693961
        ],
        [
            51,
            0.28451900551647147
        ],
        [
            61,
            0.28515935164325223
        ],
        [
            71,
            0.2839316600534219
        ],
        [
            81,
            0.28557186687257896
        ],
        [
            91,
            0.28490684392360155
        ],
        [
            101,
            0.28318498927510294
        ],
        [
            111,
            0.2857024264337209
        ],
        [
            121,
            0.286179189446317
        ],
        [
            131,
            0.2855637165332694
        ],
        [
            141,
            0.2869393861639796
        ],
        [
            151,
            0.28551330508938116
        ],
        [
            161,
            0.2856586156468408
        ],
        [
            171,
            0.28927849117887283
        ],
        [
            181,
            0.2847037951907246
        ],
        [
            191,
            0.2856094249802538
        ],
        [
            201,
            0.2878906829144537
        ]
    ],
    "train_loss": [
        [
            0,
            0.2844340453445226
        ],
        [
            1,
            0.2694658249664745
        ],
        [
            2,
            0.26864244735865556
        ],
        [
            3,
            0.26348926870476297
        ],
        [
            4,
            0.26370515561498686
        ],
        [
            5,
            0.26112500897489366
        ],
        [
            6,
            0.256472592259488
        ],
        [
            7,
            0.2502619647723158
        ],
        [
            8,
            0.2573403446745144
        ],
        [
            9,
            0.2456342841437075
        ],
        [
            10,
            0.24284331306080742
        ],
        [
            11,
            0.24942444127260233
        ],
        [
            12,
            0.24298462987803968
        ],
        [
            13,
            0.2438917774091871
        ],
        [
            14,
            0.24151828062990263
        ],
        [
            15,
            0.24199491571543585
        ],
        [
            16,
            0.2386492200914081
        ],
        [
            17,
            0.23791154547398027
        ],
        [
            18,
            0.23917048361901042
        ],
        [
            19,
            0.2374425799232027
        ],
        [
            20,
            0.23325568588603915
        ],
        [
            21,
            0.2369472206460835
        ],
        [
            22,
            0.23171762326607093
        ],
        [
            23,
            0.23891692277780163
        ],
        [
            24,
            0.23668441616180055
        ],
        [
            25,
            0.23671627502583656
        ],
        [
            26,
            0.23095664596555823
        ],
        [
            27,
            0.23855397836716166
        ],
        [
            28,
            0.2268650973324722
        ],
        [
            29,
            0.23484698076136198
        ],
        [
            30,
            0.23524483563910448
        ],
        [
            31,
            0.23751741598165413
        ],
        [
            32,
            0.23882229367044727
        ],
        [
            33,
            0.2321569819712179
        ],
        [
            34,
            0.2415905226248415
        ],
        [
            35,
            0.23828781148513947
        ],
        [
            36,
            0.23865821793164532
        ],
        [
            37,
            0.2357092618282177
        ],
        [
            38,
            0.23157991554012858
        ],
        [
            39,
            0.23517715720334872
        ],
        [
            40,
            0.23755036826240608
        ],
        [
            41,
            0.24333453127706875
        ],
        [
            42,
            0.2354276843765548
        ],
        [
            43,
            0.2315654391468105
        ],
        [
            44,
            0.23372515480298683
        ],
        [
            45,
            0.2393439351060869
        ],
        [
            46,
            0.24040102038199462
        ],
        [
            47,
            0.23848021394292107
        ],
        [
            48,
            0.23298229241155136
        ],
        [
            49,
            0.2387064228902125
        ],
        [
            50,
            0.2391172624247729
        ],
        [
            51,
            0.23579652473409554
        ],
        [
            52,
            0.2396576891150639
        ],
        [
            53,
            0.2370752621153135
        ],
        [
            54,
            0.23936821445094014
        ],
        [
            55,
            0.23935097794112536
        ],
        [
            56,
            0.23100718804566248
        ],
        [
            57,
            0.23552764380476757
        ],
        [
            58,
            0.2367365313373817
        ],
        [
            59,
            0.239919095141795
        ],
        [
            60,
            0.23833592370293613
        ],
        [
            61,
            0.2410284203812284
        ],
        [
            62,
            0.23838570306645468
        ],
        [
            63,
            0.24000895470859737
        ],
        [
            64,
            0.23787339996644086
        ],
        [
            65,
            0.23496631602565002
        ],
        [
            66,
            0.23679574248810017
        ],
        [
            67,
            0.23816642876049351
        ],
        [
            68,
            0.2351932753062005
        ],
        [
            69,
            0.24098304224925485
        ],
        [
            70,
            0.24023052114301865
        ],
        [
            71,
            0.23970732684229998
        ],
        [
            72,
            0.23749605264089216
        ],
        [
            73,
            0.2387718626037798
        ],
        [
            74,
            0.23789065637897724
        ],
        [
            75,
            0.23757269880189288
