{
    "test_acc": [
        [
            0,
            0.375
        ],
        [
            1,
            0.5
        ]
    ],
    "test_loss": [
        [
            0,
            0.38140575422521317
        ],
        [
            1,
            0.30611361223797695
        ]
    ],
    "train_loss": [
        [
            0,
            0.2844340453445226
        ]
    ],
    "epochs_completed": 0
}