{
    "test_acc": [
        [
            0,
            0.25
        ],
        [
            1,
            0.125
        ],
        [
            11,
            0.375
        ],
        [
            21,
            0.375
        ],
        [
            31,
            0.25
        ],
        [
            41,
            0.0
        ],
        [
            51,
            0.25
        ],
        [
            61,
            0.375
        ],
        [
            71,
            0.25
        ],
        [
            81,
            0.375
        ],
        [
            91,
            0.125
        ],
        [
            101,
            0.125
        ],
        [
            111,
            0.375
        ],
        [
            121,
            0.25
        ],
        [
            131,
            0.5
        ],
        [
            141,
            0.125
        ],
        [
            151,
            0.125
        ],
        [
            161,
            0.25
        ],
        [
            171,
            0.5
        ],
        [
            181,
            0.5
        ],
        [
            191,
            0.25
        ],
        [
            201,
            0.25
        ]
    ],
    "test_loss": [
        [
            0,
            0.45444547039087285
        ],
        [
            1,
            0.33166085365638
        ],
        [
            11,
            0.3328444286355645
        ],
        [
            21,
            0.33317262405340453
        ],
        [
            31,
            0.3312859644005477
        ],
        [
            41,
            0.3310996926408628
        ],
        [
            51,
            0.33309381185176784
        ],
        [
            61,
            0.33097029462436445
        ],
        [
            71,
            0.3294674401952149
        ],
        [
            81,
            0.33058826576049716
        ],
        [
            91,
            0.3331733100289303
        ],
        [
            101,
            0.33205300795315545
        ],
        [
            111,
            0.3303767024693643
        ],
        [
            121,
            0.32889074134348684
        ],
        [
            131,
            0.3300149066737955
        ],
        [
            141,
            0.3324369061001988
        ],
        [
            151,
            0.33211277944143736
        ],
        [
            161,
            0.33066680359523715
        ],
        [
            171,
            0.33063605974179544
        ],
        [
            181,
            0.3305158936678634
        ],
        [
            191,
            0.3316333799331538
        ],
        [
            201,
            0.33141342403866403
        ]
    ],
    "train_loss": [
        [
            0,
            0.28776561974297554
        ],
        [
            1,
            0.2753235438318023
        ],
        [
            2,
            0.2801694622374366
        ],
        [
            3,
            0.2815864855207763
        ],
        [
            4,
            0.2816516295312217
        ],
        [
            5,
            0.2811366064118623
        ],
        [
            6,
            0.281015008326532
        ],
        [
            7,
            0.2821982597800921
        ],
        [
            8,
            0.2806566445588836
        ],
        [
            9,
            0.28091879642835654
        ],
        [
            10,
            0.2819756683771835
        ],
        [
            11,
            0.2823229648558927
        ],
        [
            12,
            0.28241289391753194
        ],
        [
            13,
            0.2815926961336737
        ],
        [
            14,
            0.2816571611879128
        ],
        [
            15,
            0.28143887640317833
        ],
        [
            16,
            0.28179725988718424
        ],
        [
            17,
            0.2823094569663935
        ],
        [
            18,
            0.2822704217322551
        ],
        [
            19,
            0.2810412709313428
        ],
        [
            20,
            0.2807444515502085
        ],
        [
            21,
            0.28127281181988817
        ],
        [
            22,
            0.2823062468079974
        ],
        [
            23,
            0.2808702324167179
        ],
        [
            24,
            0.2813924961455953
        ],
        [
            25,
            0.2808127170842014
        ],
        [
            26,
            0.2812806703123085
        ],
        [
            27,
            0.28071106097588916
        ],
        [
            28,
            0.2815547076086841
        ],
        [
            29,
            0.2812022671475489
        ],
        [
            30,
            0.2808628898958153
        ],
        [
            31,
            0.281579493002827
        ],
        [
            32,
            0.28133435883259755
        ],
        [
            33,
            0.2823201938791213
        ],
        [
            34,
            0.28137860553348226
        ],
        [
            35,
            0.28112561812649006
        ],
        [
            36,
            0.2814866245980849
        ],
        [
            37,
            0.2817095338455214
        ],
        [
            38,
            0.2814928232119503
        ],
        [
            39,
            0.2814210181258588
        ],
        [
            40,
            0.2818822729797303
        ],
        [
            41,
            0.2825252546018909
        ],
        [
            42,
            0.2807246177443699
        ],
        [
            43,
            0.28160868301226705
        ],
        [
            44,
            0.281640417438582
        ],
        [
            45,
            0.28239993304647903
        ],
        [
            46,
            0.2812136579636449
        ],
        [
            47,
            0.2812966471036207
        ],
        [
            48,
            0.28120461276428105
        ],
        [
            49,
            0.28096255870908987
        ],
        [
            50,
            0.2803228700261012
        ],
        [
            51,
            0.28192092992230716
        ],
        [
            52,
            0.2815264714482006
        ],
        [
            53,
            0.28167211905889356
        ],
        [
            54,
            0.28068313147418217
        ],
        [
            55,
            0.28122715784155966
        ],
        [
            56,
            0.2813644892118174
        ],
        [
            57,
            0.28108012410675515
        ],
        [
            58,
            0.28125168444583837
        ],
        [
            59,
            0.281721217288288
        ],
        [
            60,
            0.280543734376675
        ],
        [
            61,
            0.28154623105231935
        ],
        [
            62,
            0.2813990404706106
        ],
        [
            63,
            0.28215739612538177
        ],
        [
            64,
            0.2802658419123052
        ],
        [
            65,
            0.2806414937875795
        ],
        [
            66,
            0.28144368023639327
        ],
        [
            67,
            0.2811340953314844
        ],
        [
            68,
            0.28178374971157116
        ],
        [
            69,
            0.28088952101655956
        ],
        [
            70,
            0.2820553532375302
        ],
        [
            71,
            0.2818891634324263
        ],
        [
            72,
            0.2797405627587776
        ],
        [
            73,
            0.2808495468415239
        ],
        [
            74,
            0.2812916287418557
        ],
        [
            75,
            0.2817485260371428
        ],
        [
            76,
