{
    "test_acc": [
        [
            0,
            0.25
        ],
        [
            1,
            0.125
        ]
    ],
    "test_loss": [
        [
            0,
            0.45444547039087285
        ],
        [
            1,
            0.33166085365638
        ]
    ],
    "train_loss": [
        [
            0,
            0.28776561974297554
        ]
    ],
    "epochs_completed": 0
}