{
    "test_acc": [
        [
            0,
            0.375
        ],
        [
            1,
            0.5
        ]
    ],
    "test_loss": [
        [
            0,
            2.0178781545212794
        ],
        [
            1,
            0.33144044617155866
        ]
    ],
    "train_loss": [
        [
            0,
            0.40467406350804164
        ]
    ],
    "epochs_completed": 0
}