{
    "test_acc": [
        [
            0,
            0.375
        ],
        [
            1,
            0.5
        ],
        [
            11,
            0.375
        ],
        [
            21,
            0.625
        ],
        [
            31,
            0.625
        ],
        [
            41,
            0.625
        ],
        [
            51,
            0.625
        ],
        [
            61,
            0.625
        ],
        [
            71,
            0.625
        ],
        [
            81,
            0.625
        ],
        [
            91,
            0.625
        ],
        [
            101,
            0.625
        ],
        [
            111,
            0.625
        ],
        [
            121,
            0.625
        ],
        [
            131,
            0.625
        ],
        [
            141,
            0.625
        ],
        [
            151,
            0.625
        ],
        [
            161,
            0.625
        ],
        [
            171,
            0.625
        ],
        [
            181,
            0.625
        ],
        [
            191,
            0.625
        ],
        [
            201,
            0.625
        ]
    ],
    "test_loss": [
        [
            0,
            2.0178781545212794
        ],
        [
            1,
            0.33144044617155866
        ],
        [
            11,
            0.24367056415822136
        ],
        [
            21,
            0.20904725653787046
        ],
        [
            31,
            0.18960486845117794
        ],
        [
            41,
            0.17678877252578412
        ],
        [
            51,
            0.16920620674340026
        ],
        [
            61,
            0.17434571500475013
        ],
        [
            71,
            0.16753400099127697
        ],
        [
            81,
            0.17717068086298285
        ],
        [
            91,
            0.16357738283837597
        ],
        [
            101,
            0.1640792139559669
        ],
        [
            111,
            0.16635905808476142
        ],
        [
            121,
            0.16692220472887828
        ],
        [
            131,
            0.1617050613419394
        ],
        [
            141,
            0.16722889827375337
        ],
        [
            151,
            0.1659352976590241
        ],
        [
            161,
            0.16147726866879675
        ],
        [
            171,
            0.16250901498195314
        ],
        [
            181,
            0.1648410637774788
        ],
        [
            191,
            0.16195941514256595
        ],
        [
            201,
            0.16487892446616317
        ]
    ],
    "train_loss": [
        [
            0,
            0.40467406350804164
        ],
        [
            1,
            0.1601419441545969
        ],
        [
            2,
            0.15331493512839886
        ],
        [
            3,
            0.13494679568070428
        ],
        [
            4,
            0.1261175781986789
        ],
        [
            5,
            0.11318515092464339
        ],
        [
            6,
            0.1079679081175281
        ],
        [
            7,
            0.10722691573337151
        ],
        [
            8,
            0.0998019001726375
        ],
        [
            9,
            0.0910174411231476
        ],
        [
            10,
            0.08513336932757724
        ],
        [
            11,
            0.095020564702029
        ],
        [
            12,
            0.08650551064042232
        ],
        [
            13,
            0.08289434562750302
        ],
        [
            14,
            0.08504058968904397
        ],
        [
            15,
            0.08220578727130191
        ],
        [
            16,
            0.08133686893216453
        ],
        [
            17,
            0.07796313907405504
        ],
        [
            18,
            0.07779918981145381
        ],
        [
            19,
            0.07475481803701002
        ],
        [
            20,
            0.07354939223884278
        ],
        [
            21,
            0.07478929881373804
        ],
        [
            22,
            0.06758805445676126
        ],
        [
            23,
            0.07218198050328783
        ],
        [
            24,
            0.07000289672672798
        ],
        [
            25,
            0.069149880911143
        ],
        [
            26,
            0.06512780220843477
        ],
        [
            27,
            0.06705363528168277
        ],
        [
            28,
            0.06070426337924059
        ],
        [
            29,
            0.06586005516748066
        ],
        [
            30,
            0.06113095924075731
        ],
        [
            31,
            0.06033850263965354
        ],
        [
            32,
            0.06372381257040914
        ],
        [
            33,
            0.06320547752761989
        ],
        [
            34,
            0.06265813703587264
        ],
        [
            35,
            0.059097415274341564
        ],
        [
            36,
            0.061394684545841294
        ],
        [
            37,
            0.05555805695169789
        ],
        [
            38,
            0.061416579455505695
        ],
        [
            39,
            0.058652565077496895
        ],
        [
            40,
            0.055980597973519286
        ],
        [
            41,
            0.059286666200175385
        ],
        [
            42,
            0.05721873162544853
        ],
        [
            43,
            0.058834648867914376
        ],
        [
            44,
            0.05532549796069198
        ],
        [
            45,
            0.05555881019523768
        ],
        [
            46,
            0.05956558946592355
        ],
        [
            47,
            0.05749019443762765
        ],
        [
            48,
            0.059185919761039284
        ],
        [
            49,
            0.05576543660072609
        ],
        [
            50,
            0.05791980210435366
        ],
        [
            51,
            0.0542484149372529
        ],
        [
            52,
            0.0542059851046903
        ],
        [
            53,
            0.04962579829898935
        ],
        [
            54,
            0.0524405488073297
        ],
        [
            55,
            0.05689441169751583
        ],
        [
            56,
            0.05538346687070914
        ],
        [
            57,
            0.05115744552815945
        ],
        [
            58,
            0.054048088404080125
        ],
        [
            59,
            0.05690752815010461
        ],
        [
            60,
            0.052279890778039996
        ],
        [
            61,
            0.058287790981835653
        ],
        [
            62,
            0.05564570644731295
        ],
        [
            63,
            0.05498043720852574
        ],
        [
            64,
            0.05392256257425282
        ],
        [
            65,
            0.053683341850631706
        ],
        [
            66,
            0.05610856571267205
        ],
        [
            67,
            0.054768014525628655
        ],
        [
            68,
            0.044657453935145856
        ],
        [
            69,
            0.0584496717493879
        ],
        [
            70,
            0.05246378567937571
        ],
        [
            71,
            0.053610736465415025
        ],
        [
            72,
            0.05671812946440932
        ],
        [
            73,
            0.05619265802714468
        ],
        [
            74,
            0.05101464531415755
        ],
        [
