{
    "test_acc": [
        [
            0,
            0.375
        ],
        [
            1,
            0.625
        ],
        [
            11,
            0.375
        ],
        [
            21,
            0.125
        ],
        [
            31,
            0.125
        ],
        [
            41,
            0.5
        ],
        [
            51,
            0.375
        ],
        [
            61,
            0.5
        ],
        [
            71,
            0.25
        ],
        [
            81,
            0.375
        ],
        [
            91,
            0.375
        ],
        [
            101,
            0.375
        ],
        [
            111,
            0.375
        ],
        [
            121,
            0.375
        ],
        [
            131,
            0.375
        ],
        [
            141,
            0.25
        ],
        [
            151,
            0.5
        ],
        [
            161,
            0.375
        ],
        [
            171,
            0.375
        ],
        [
            181,
            0.5
        ],
        [
            191,
            0.25
        ],
        [
            201,
            0.25
        ]
    ],
    "test_loss": [
        [
            0,
            0.3358987719234068
        ],
        [
            1,
            0.33019176255724336
        ],
        [
            11,
            0.33072958306443123
        ],
        [
            21,
            0.33098479711056206
        ],
        [
            31,
            0.3308584812960311
        ],
        [
            41,
            0.3303706429757731
        ],
        [
            51,
            0.33064921945764814
        ],
        [
            61,
            0.3298723889543011
        ],
        [
            71,
            0.3306266021660299
        ],
        [
            81,
            0.3306408288093195
        ],
        [
            91,
            0.3303132279039841
        ],
        [
            101,
            0.32983077143832307
        ],
        [
            111,
            0.33015878748897737
        ],
        [
            121,
            0.33027208324549645
        ],
        [
            131,
            0.33037374168722144
        ],
        [
            141,
            0.330399108832635
        ],
        [
            151,
            0.3304693082474896
        ],
        [
            161,
            0.33052373610694197
        ],
        [
            171,
            0.33032977783799383
        ],
        [
            181,
            0.3302358978504974
        ],
        [
            191,
            0.3306455282689922
        ],
        [
            201,
            0.3304271375207354
        ]
    ],
    "train_loss": [
        [
            0,
            0.31911644293624336
        ],
        [
            1,
            0.3150028281342155
        ],
        [
            2,
            0.3171753733904986
        ],
        [
            3,
            0.31710288595462416
        ],
        [
            4,
            0.3170180525912434
        ],
        [
            5,
            0.31681361956454906
        ],
        [
            6,
            0.3176426713451093
        ],
        [
            7,
            0.3173203184421466
        ],
        [
            8,
            0.31730625471767143
        ],
        [
            9,
            0.3163715576354679
        ],
        [
            10,
            0.31741113058807846
        ],
        [
            11,
            0.31734812251289546
        ],
        [
            12,
            0.3171498588099229
        ],
        [
            13,
            0.31742957168983904
        ],
        [
            14,
            0.3172400556513672
        ],
        [
            15,
            0.31671047322328216
        ],
        [
            16,
            0.31684928769436277
        ],
        [
            17,
            0.3171917100519263
        ],
        [
            18,
            0.31752544356921764
        ],
        [
            19,
            0.3169909522166099
        ],
        [
            20,
            0.31735275178560557
        ],
        [
            21,
            0.317746334811903
        ],
        [
            22,
            0.3172583901365606
        ],
        [
            23,
            0.31717435822613066
        ],
        [
            24,
            0.3168623863414199
        ],
        [
            25,
            0.3171097202306284
        ],
        [
            26,
            0.31746823845763456
        ],
        [
            27,
            0.31716012000979626
        ],
        [
            28,
            0.3174052083686674
        ],
        [
            29,
            0.31682803893096717
        ],
        [
            30,
            0.3173046353977235
        ],
        [
            31,
            0.31797213188481704
        ],
        [
            32,
            0.3174236832447892
        ],
        [
            33,
            0.31691371628231196
        ],
        [
            34,
            0.3169470053681927
        ],
        [
            35,
            0.3170502827210891
        ],
        [
            36,
            0.3172111705208578
        ],
        [
            37,
            0.31650711136781934
        ],
        [
            38,
            0.3168855499946948
        ],
        [
            39,
            0.31703059028476277
        ],
        [
            40,
            0.31747382422093484
        ],
        [
            41,
            0.3178121173639318
        ],
        [
            42,
            0.3172102593233979
        ],
        [
            43,
            0.3168266846726853
        ],
        [
            44,
            0.31705005273135584
        ],
        [
            45,
            0.31720921002990016
        ],
        [
            46,
            0.3172792122861892
        ],
        [
            47,
            0.3170461400938531
        ],
        [
            48,
            0.31764495232357176
        ],
        [
            49,
            0.317056098061503
        ],
        [
            50,
            0.3169869404893125
        ],
        [
            51,
            0.3177226492775194
        ],
        [
            52,
            0.3172979654612225
        ],
        [
            53,
            0.31760535030689113
        ],
        [
            54,
            0.3170893036642957
        ],
        [
            55,
            0.3173754189121932
        ],
        [
            56,
            0.3167486266788082
        ],
        [
            57,
            0.31683129680498573
        ],
        [
            58,
            0.31723437716643205
        ],
        [
            59,
            0.3165900344417471
        ],
        [
            60,
            0.3170265060928927
        ],
        [
            61,
            0.317617760086983
        ],
        [
            62,
            0.31729562628265134
        ],
        [
            63,
            0.3175594652579925
        ],
        [
            64,
            0.3168682459417209
        ],
        [
            65,
            0.31724970921212997
        ],
        [
            66,
            0.31695645059799377
        ],
        [
            67,
            0.3175210068517426
        ],
        [
            68,
            0.3171467242349944
        ],
        [
            69,
            0.3172114092145024
        ],
        [
            70,
            0.3174396264679318
        ],
        [
            71,
            0.31820537615614025
        ],
        [
            72,
            0.3176251783531501
        ],
        [
            73,
            0.3169969351979767
        ],
        [
            74,
            0.3174071864778147
        ],
        [
            75,
            0.3170866369713357
        ],
        [
