{
    "test_acc": [
        [
            0,
            0.375
        ],
        [
            1,
            0.625
        ]
    ],
    "test_loss": [
        [
            0,
            0.3358987719234068
        ],
        [
            1,
            0.33019176255724336
        ]
    ],
    "train_loss": [
        [
            0,
            0.31911644293624336
        ]
    ],
    "epochs_completed": 0
}