{
    "test_acc": [
        [
            0,
            0.25
        ],
        [
            1,
            0.375
        ],
        [
            11,
            0.375
        ]
    ],
    "test_loss": [
        [
            0,
            0.8634282006365991
        ],
        [
            1,
            3.046266802190097
        ],
        [
            11,
            181.1173563571911
        ]
    ],
    "train_loss": [
        [
            0,
            3.5444194080561418
        ],
        [
            1,
            14.15272703837413
        ],
        [
            2,
            40.99547462361274
        ],
        [
            3,
            66.17144172888781
        ],
        [
            4,
            82.27582050607593
        ],
        [
            5,
            97.09935329715177
        ],
        [
            6,
            112.63786922284264
        ],
        [
            7,
            127.47110471509494
        ],
        [
            8,
            142.4238033086356
        ],
        [
            9,
            157.92880586006459
        ],
        [
            10,
            174.06448750700528
        ]
    ],
    "epochs_completed": 10
}