{
    "test_acc": [
        [
            0,
            0.375
        ],
        [
            1,
            0.375
        ],
        [
            11,
            0.375
        ],
        [
            21,
            0.25
        ],
        [
            31,
            0.375
        ],
        [
            41,
            0.375
        ],
        [
            51,
            0.375
        ],
        [
            61,
            0.25
        ],
        [
            71,
            0.375
        ],
        [
            81,
            0.375
        ],
        [
            91,
            0.25
        ],
        [
            101,
            0.375
        ],
        [
            111,
            0.375
        ],
        [
            121,
            0.375
        ],
        [
            131,
            0.375
        ],
        [
            141,
            0.25
        ],
        [
            151,
            0.375
        ],
        [
            161,
            0.375
        ],
        [
            171,
            0.375
        ],
        [
            181,
            0.375
        ],
        [
            191,
            0.375
        ],
        [
            201,
            0.375
        ]
    ],
    "test_loss": [
        [
            0,
            0.5803902771725731
        ],
        [
            1,
            0.33044685499962656
        ],
        [
            11,
            0.33105576922914437
        ],
        [
            21,
            0.3312805650323583
        ],
        [
            31,
            0.3310605683112129
        ],
        [
            41,
            0.33074834892512595
        ],
        [
            51,
            0.3309833335545449
        ],
        [
            61,
            0.33118885899871486
        ],
        [
            71,
            0.3309916703012013
        ],
        [
            81,
            0.33095562039052095
        ],
        [
            91,
            0.3311004001716167
        ],
        [
            101,
            0.3307525009273487
        ],
        [
            111,
            0.33109274667756283
        ],
        [
            121,
            0.33105941164998287
        ],
        [
            131,
            0.3310869844969626
        ],
        [
            141,
            0.3311431843967432
        ],
        [
            151,
            0.33099453356722297
        ],
        [
            161,
            0.3308660869310518
        ],
        [
            171,
            0.3310857773636536
        ],
        [
            181,
            0.3310762389599484
        ],
        [
            191,
            0.3308832935759895
        ],
        [
            201,
            0.330960225664041
        ]
    ],
    "train_loss": [
        [
            0,
            0.31351952667393307
        ],
        [
            1,
            0.28098859985906666
        ],
        [
            2,
            0.2802001466008091
        ],
        [
            3,
            0.28128453993859887
        ],
        [
            4,
            0.2808167004741225
        ],
        [
            5,
            0.2809814016108108
        ],
        [
            6,
            0.28098420796677825
        ],
        [
            7,
            0.28059484418430336
        ],
        [
            8,
            0.2809488739614013
        ],
        [
            9,
            0.2806191151103556
        ],
        [
            10,
            0.2810259876603088
        ],
        [
            11,
            0.28100983377221683
        ],
        [
            12,
            0.28083915392040465
        ],
        [
            13,
            0.28103447498186124
        ],
        [
            14,
            0.2807723968138864
        ],
        [
            15,
            0.2808545495023716
        ],
        [
            16,
            0.2806705558496021
        ],
        [
            17,
            0.28091329171904184
        ],
        [
            18,
            0.28072027806676053
        ],
        [
            19,
            0.28050282181156366
        ],
        [
            20,
            0.2807404401469307
        ],
        [
            21,
            0.28078526262800035
        ],
        [
            22,
            0.2801949543462916
        ],
        [
            23,
            0.28054988849037266
        ],
        [
            24,
            0.28090894000529926
        ],
        [
            25,
            0.2810274405484906
        ],
        [
            26,
            0.28083308195175316
        ],
        [
            27,
            0.2808633993169895
        ],
        [
            28,
            0.28090728180326924
        ],
        [
            29,
            0.2809080803056743
        ],
        [
            30,
            0.2806946027484282
        ],
        [
            31,
            0.281031009413709
        ],
        [
            32,
            0.28081448592996017
        ],
        [
            33,
            0.28106673806011734
        ],
        [
            34,
            0.28075364550980925
        ],
        [
            35,
            0.28103526473227364
        ],
        [
            36,
            0.2809973551562817
        ],
        [
            37,
            0.28065122012739724
        ],
        [
            38,
            0.2806805103202698
        ],
        [
            39,
            0.2806277675244378
        ],
        [
            40,
            0.2808874046451655
        ],
        [
            41,
            0.28076010228716325
        ],
        [
            42,
            0.28070202497188596
        ],
        [
            43,
            0.2807395382924052
        ],
        [
            44,
            0.280598133988706
        ],
        [
            45,
            0.2806261053574998
        ],
        [
            46,
            0.28108898412155786
        ],
        [
            47,
            0.28099147532465896
        ],
        [
            48,
            0.28102953631653094
        ],
        [
            49,
            0.28079429482276647
        ],
        [
            50,
            0.2808460627615914
        ],
        [
            51,
            0.2809798271128619
        ],
        [
            52,
            0.28062601894092987
        ],
        [
            53,
            0.2810565729282876
        ],
        [
            54,
            0.2809378237395049
        ],
        [
            55,
            0.28054515998671775
        ],
        [
            56,
            0.2809473514181016
        ],
        [
            57,
            0.28069049991584494
        ],
        [
            58,
            0.2804242057766139
        ],
        [
            59,
            0.28050814075333136
        ],
        [
            60,
            0.28100216903406544
        ],
        [
            61,
            0.28085721437247013
        ],
        [
            62,
            0.28103689376143653
        ],
        [
            63,
            0.28087431107089667
        ],
        [
            64,
            0.2807233070592085
        ],
        [
            65,
            0.2808774367419768
        ],
        [
            66,
            0.2812126750246083
        ],
        [
            67,
            0.28114088992761027
        ],
        [
            68,
            0.280525322954923
        ],
        [
            69,
            0.28098708634434416
        ],
        [
            70,
            0.28094092099826257
        ],
        [
            71,
            0.28085916971615815
        ],
        [
            72,
            0.2811042471192631
        ],
        [
            73,
            0.28103877842705555
        ],
        [
            74,
            0.2808490773210441
        ],
        [
            75,
            0.28103779401978957
        ],
