{
    "test_acc": [
        [
            0,
            0.25
        ],
        [
            1,
            0.0
        ]
    ],
    "test_loss": [
        [
            0,
            5.31733663254172
        ],
        [
            1,
            1.752270863141411
        ]
    ],
    "train_loss": [
        [
            0,
            2.7345353979622318
        ]
    ],
    "epochs_completed": 0
}