{
    "test_acc": [
        [
            0,
            0.375
        ],
        [
            1,
            0.375
        ],
        [
            11,
            0.375
        ]
    ],
    "test_loss": [
        [
            0,
            0.740249061343309
        ],
        [
            1,
            0.3071355206569505
        ],
        [
            11,
            0.24999485851601913
        ]
    ],
    "train_loss": [
        [
            0,
            0.2199091530740497
        ],
        [
            1,
            0.14804830135769656
        ],
        [
            2,
            0.13394347105158402
        ],
        [
            3,
            0.1359673093375779
        ],
        [
            4,
            0.12712059916665389
        ],
        [
            5,
            0.1221142134914029
        ],
        [
            6,
            0.11909311544522061
        ],
        [
            7,
            0.11250196195898293
        ],
        [
            8,
            0.10944429512145402
        ],
        [
            9,
            0.10293962039392057
        ],
        [
            10,
            0.10340190801636094
        ]
    ],
    "apical_error": [],
    "intn_error": [],
    "ff_error": [],
    "fb_error": [],
    "epochs_completed": 10
}