{
    "test_acc": [
        [
            0,
            0.4
        ],
        [
            1,
            0.6
        ],
        [
            11,
            0.6
        ],
        [
            21,
            0.4
        ],
        [
            31,
            0.6
        ],
        [
            41,
            0.8
        ],
        [
            51,
            0.4
        ],
        [
            61,
            0.4
        ],
        [
            71,
            0.2
        ],
        [
            81,
            0.4
        ],
        [
            91,
            0.6
        ],
        [
            101,
            0.2
        ]
    ],
    "test_loss": [
        [
            0,
            132.95236095822378
        ],
        [
            1,
            160.18592592957117
        ],
        [
            11,
            4053.93593868438
        ],
        [
            21,
            3750.182640346639
        ],
        [
            31,
            3853.656713922281
        ],
        [
            41,
            3566.393633769694
        ],
        [
            51,
            2400.7702472479587
        ],
        [
            61,
            2887.4948088604697
        ],
        [
            71,
            2185.9347282802014
        ],
        [
            81,
            1632.8643259276646
        ],
        [
            91,
            1658.6503228612012
        ],
        [
            101,
            2048.859347570149
        ]
    ],
    "train_loss": [
        [
            0,
            76.99212058119696
        ],
        [
            1,
            362.9256476709245
        ],
        [
            2,
            1124.5995231088727
        ],
        [
            3,
            2539.6042991578056
        ],
        [
            4,
            4167.238853329126
        ],
        [
            5,
            4666.459034894343
        ],
        [
            6,
            4319.025849617651
        ],
        [
            7,
            3942.810457828432
        ],
        [
            8,
            4878.9088345212485
        ],
        [
            9,
            3402.7286583628484
        ],
        [
            10,
            4393.107040628347
        ],
        [
            11,
            4416.009019756341
        ],
        [
            12,
            4559.655111880633
        ],
        [
            13,
            4692.9335705445965
        ],
        [
            14,
            4797.015720287145
        ],
        [
            15,
            3860.813845193421
        ],
        [
            16,
            4402.584900094562
        ],
        [
            17,
            4869.649251630051
        ],
        [
            18,
            2763.4074157249206
        ],
        [
            19,
            3551.335088194391
        ],
        [
            20,
            4131.027866978004
        ],
        [
            21,
            3681.3842998889577
        ],
        [
            22,
            3859.2468669161217
        ],
        [
            23,
            3585.406809127002
        ],
        [
            24,
            4102.743543296135
        ],
        [
            25,
            3196.1428217017437
        ],
        [
            26,
            3458.9479582310123
        ],
        [
            27,
            3026.354999708643
        ],
        [
            28,
            2990.7289205846023
        ],
        [
            29,
            3667.068023512981
        ],
        [
            30,
            2752.643093571071
        ],
        [
            31,
            2924.720010119904
        ],
        [
            32,
            3506.8791198635085
        ],
        [
            33,
            2840.4785327003965
        ],
        [
            34,
            3189.592217453273
        ],
        [
            35,
            3130.8723288873757
        ],
        [
            36,
            3134.1024953378837
        ],
        [
            37,
            2802.194788752419
        ],
        [
            38,
            3105.3794603759675
        ],
        [
            39,
            2919.611625843983
        ],
        [
            40,
            2464.7052661978933
        ],
        [
            41,
            2610.9507619524793
        ],
        [
            42,
            2822.277406637625
        ],
        [
            43,
            2865.725872246637
        ],
        [
            44,
            2038.52733655656
        ],
        [
            45,
            3047.5409152092093
        ],
        [
            46,
            1951.7981802992651
        ],
        [
            47,
            2931.799028100107
        ],
        [
            48,
            2467.1330552649233
        ],
        [
            49,
            2003.5693382703935
        ],
        [
            50,
            2600.7087711587533
        ],
        [
            51,
            2368.004282434635
        ],
        [
            52,
            2683.397972861347
        ],
        [
            53,
            2227.7012617305486
        ],
        [
            54,
            2641.941315173569
        ],
        [
            55,
            2365.1823811707504
        ],
        [
            56,
            2763.457919180012
        ],
        [
            57,
            2259.8916669269006
        ],
        [
            58,
            2856.1793017982754
        ],
        [
            59,
            2423.506732284922
        ],
        [
            60,
            2449.6712109483105
        ],
        [
            61,
            2849.3021141591203
        ],
        [
            62,
            2606.389147234181
        ],
        [
            63,
            2810.0801687717153
        ],
        [
            64,
            2531.7512689153573
        ],
        [
            65,
            2000.8695909775352
        ],
        [
            66,
            2740.837829320731
        ],
        [
            67,
            2447.8084067085597
        ],
        [
            68,
            2126.328300256079
        ],
        [
            69,
            2474.505683303774
        ],
        [
            70,
            1948.8772045621167
        ],
        [
            71,
            2026.95465684247
        ],
        [
            72,
            2114.073772878697
        ],
        [
            73,
            2003.4794147273228
        ],
        [
            74,
            1350.707420354663
        ],
        [
            75,
            2061.1877313209866
        ],
        [
            76,
            1891.0168751460828
        ],
        [
            77,
            1739.6377957831792
        ],
        [
            78,
            2121.1361223252093
        ],
        [
            79,
            1759.5576015674167
        ],
        [
            80,
            1775.5150535859827
        ],
        [
            81,
            1916.932603820645
        ],
        [
            82,
            1551.5062150331423
        ],
        [
            83,
            2182.3698925077656
        ],
        [
            84,
            1870.319286069455
        ],
        [
            85,
            1636.1504259596684
        ],
        [
            86,
            1503.638754348233
        ],
        [
            87,
            1730.665498524208
        ],
        [
            88,
            1465.5007333397477
        ],
        [
            89,
            1676.4571908886385
        ],
        [
            90,
            1696.2845640756796
        ],
        [
            91,
            1988.7209834132702
        ],
        [
            92,
            1759.706049039043
        ],
        [
            93,
            1666.7655769038083
        ],
        [
            94,
            1586.69342266932
        ],
        [
            95,
            1849.629678001572
        ],
        [
