{
    "test_acc": [
        [
            0,
            0.375
        ],
        [
            1,
            0.625
        ]
    ],
    "test_loss": [
        [
            0,
            1.0072258559514422
        ],
        [
            1,
            0.3185659026848807
        ]
    ],
    "train_loss": [
        [
            0,
            0.9663812153688411
        ],
        [
            0,
            0.46816356271395865
        ],
        [
            0,
            0.16261920615461542
        ],
        [
            0,
            0.4475908368944155
        ],
        [
            0,
            0.16500539453901156
        ],
        [
            0,
            0.2582642448876813
        ],
        [
            0,
            0.21365888078088466
        ],
        [
            0,
            0.049125436465161154
        ],
        [
            0,
            0.21915251166848723
        ],
        [
            0,
            0.20615584778781282
        ],
        [
            0,
            0.1591639450460893
        ],
        [
            0,
            0.09292831727737454
        ],
        [
            0,
            0.14474344093944272
        ],
        [
            0,
            0.16763381485353523
        ],
        [
            0,
            0.1110197370380307
        ],
        [
            0,
            0.15670498548634035
        ],
        [
            0,
            0.13800112240073587
        ],
        [
            0,
            0.2330601373452438
        ],
        [
            0,
            0.15812291668485584
        ],
        [
            0,
            0.1512065645228994
        ],
        [
            0,
            0.1496669668142183
        ],
        [
            0,
            0.1414070246601175
        ],
        [
            0,
            0.13547777126187263
        ],
        [
            0,
            0.12805120377839402
        ]
    ],
    "epochs_completed": 0
}