{
    "test_acc": [
        [
            0,
            0.25
        ],
        [
            1,
            0.375
        ]
    ],
    "test_loss": [
        [
            0,
            0.3331878946771252
        ],
        [
            1,
            0.333060475976517
        ]
    ],
    "train_loss": [
        [
            0,
            0.3196572393357248
        ]
    ],
    "epochs_completed": 0
}