{
    "test_acc": [
        [
            0,
            0.25
        ],
        [
            1,
            0.375
        ],
        [
            11,
            0.25
        ],
        [
            21,
            0.25
        ],
        [
            31,
            0.5
        ],
        [
            41,
            0.25
        ],
        [
            51,
            0.125
        ],
        [
            61,
            0.125
        ],
        [
            71,
            0.625
        ],
        [
            81,
            0.25
        ],
        [
            91,
            0.5
        ],
        [
            101,
            0.25
        ],
        [
            111,
            0.5
        ],
        [
            121,
            0.25
        ],
        [
            131,
            0.625
        ],
        [
            141,
            0.125
        ],
        [
            151,
            0.25
        ],
        [
            161,
            0.25
        ],
        [
            171,
            0.125
        ],
        [
            181,
            0.5
        ],
        [
            191,
            0.5
        ],
        [
            201,
            0.0
        ]
    ],
    "test_loss": [
        [
            0,
            0.3331878946771252
        ],
        [
            1,
            0.333060475976517
        ],
        [
            11,
            0.33331324413608887
        ],
        [
            21,
            0.33395475918669154
        ],
        [
            31,
            0.33366512403361237
        ],
        [
            41,
            0.333594622559808
        ],
        [
            51,
            0.3335479238987337
        ],
        [
            61,
            0.3336368974532303
        ],
        [
            71,
            0.3324700552070351
        ],
        [
            81,
            0.33300432557824927
        ],
        [
            91,
            0.3333147033528665
        ],
        [
            101,
            0.33381628627561316
        ],
        [
            111,
            0.33320573563947664
        ],
        [
            121,
            0.33318546695402373
        ],
        [
            131,
            0.33300064722416844
        ],
        [
            141,
            0.33330557127611504
        ],
        [
            151,
            0.3330687813696727
        ],
        [
            161,
            0.3333301934017481
        ],
        [
            171,
            0.3333500091301964
        ],
        [
            181,
            0.3332623913702316
        ],
        [
            191,
            0.3331474922328569
        ],
        [
            201,
            0.3333928191990735
        ]
    ],
    "train_loss": [
        [
            0,
            0.3196572393357248
        ],
        [
            1,
            0.31960372478438465
        ],
        [
            2,
            0.32002190768891503
        ],
        [
            3,
            0.31957129444502796
        ],
        [
            4,
            0.31970867166804395
        ],
        [
            5,
            0.3198776247498019
        ],
        [
            6,
            0.3198337332805776
        ],
        [
            7,
            0.31968699096810055
        ],
        [
            8,
            0.3197771534092046
        ],
        [
            9,
            0.3199881995250403
        ],
        [
            10,
            0.31995302210032595
        ],
        [
            11,
            0.3196994836802547
        ],
        [
            12,
            0.3195511654843501
        ],
        [
            13,
            0.3197252731884516
        ],
        [
            14,
            0.31930220841398776
        ],
        [
            15,
            0.320144729537418
        ],
        [
            16,
            0.31983255023249524
        ],
        [
            17,
            0.3195954322650892
        ],
        [
            18,
            0.31978253436291865
        ],
        [
            19,
            0.32002958714715984
        ],
        [
            20,
            0.32026265344752947
        ],
        [
            21,
            0.3196547612870097
        ],
        [
            22,
            0.31987656501976974
        ],
        [
            23,
            0.3199811557023164
        ],
        [
            24,
            0.31986969261828274
        ],
        [
            25,
            0.31979019978899165
        ],
        [
            26,
            0.31968782611178914
        ],
        [
            27,
            0.3199017108142506
        ],
        [
            28,
            0.3197494392882096
        ],
        [
            29,
            0.3202941673597441
        ],
        [
            30,
            0.3198090393518356
        ],
        [
            31,
            0.319816838425337
        ],
        [
            32,
            0.3196908076249449
        ],
        [
            33,
            0.31974911497526426
        ],
        [
            34,
            0.31987562303232076
        ],
        [
            35,
            0.31987664403272004
        ],
        [
            36,
            0.31983072285302955
        ],
        [
            37,
            0.319909493942735
        ],
        [
            38,
            0.3196266662247657
        ],
        [
            39,
            0.3198882337360736
        ],
        [
            40,
            0.31982496620263773
        ],
        [
            41,
            0.3197598263085095
        ],
        [
            42,
            0.31954288195276265
        ],
        [
            43,
            0.3200869366978924
        ],
        [
            44,
            0.32022007789793516
        ],
        [
            45,
            0.3200432641592749
        ],
        [
            46,
            0.31958134973675545
        ],
        [
            47,
            0.3197434093275771
        ],
        [
            48,
            0.32001731758886415
        ],
        [
            49,
            0.3197950451284807
        ],
        [
            50,
            0.3198889570953563
        ],
        [
            51,
            0.31992530652038464
        ],
        [
            52,
            0.3196146311555807
        ],
        [
            53,
            0.3199783402325717
        ],
        [
            54,
            0.319969915928324
        ],
        [
            55,
            0.31995667455006727
        ],
        [
            56,
            0.319852477197265
        ],
        [
            57,
            0.31951406907098984
        ],
        [
            58,
            0.31985193022681563
        ],
        [
            59,
            0.3200350790052327
        ],
        [
            60,
            0.3196789663589095
        ],
        [
            61,
            0.3197889332314136
        ],
        [
            62,
            0.319900860611891
        ],
        [
            63,
            0.3197238865016417
        ],
        [
            64,
            0.3197060564651329
        ],
        [
            65,
            0.31964059718568216
        ],
        [
            66,
            0.31949192748961136
        ],
        [
            67,
            0.3197498261392751
        ],
        [
            68,
            0.31967166147835163
        ],
        [
            69,
            0.31949083476598944
        ],
        [
            70,
            0.31947199864646253
        ],
        [
            71,
            0.31991683716974717
        ],
        [
            72,
            0.3195053692698058
        ],
        [
            73,
            0.31987073474675665
        ],
        [
            74,
            0.31971648887289267
        ],
        [
            75,
            0.31967381657808563
        ],
        [
            76,
