{
    "test_acc": [
        [
            0,
            0.5
        ],
        [
            1,
            0.25
        ],
        [
            11,
            0.5
        ],
        [
            21,
            0.625
        ],
        [
            31,
            0.625
        ],
        [
            41,
            0.625
        ],
        [
            51,
            0.375
        ]
    ],
    "test_loss": [
        [
            0,
            1.8469694492006368
        ],
        [
            1,
            0.2993733323043964
        ],
        [
            11,
            0.17585810368540214
        ],
        [
            21,
            0.18446095393532058
        ],
        [
            31,
            0.1730936252150652
        ],
        [
            41,
            0.21642435828413936
        ],
        [
            51,
            795.6415079045577
        ]
    ],
    "train_loss": [
        [
            0,
            0.4968024023501505
        ],
        [
            1,
            0.2840155885140512
        ],
        [
            2,
            0.11633484514736792
        ],
        [
            3,
            0.0968363122265451
        ],
        [
            4,
            0.09791185644202464
        ],
        [
            5,
            0.09349662835335741
        ],
        [
            6,
            0.09293041562351521
        ],
        [
            7,
            0.0875763067475374
        ],
        [
            8,
            0.07939393779631458
        ],
        [
            9,
            0.07746865567380391
        ],
        [
            10,
            0.06982865318976039
        ],
        [
            11,
            0.13345908387040292
        ],
        [
            12,
            0.07749995712871623
        ],
        [
            13,
            0.08161048990596097
        ],
        [
            14,
            0.06701850822118591
        ],
        [
            15,
            0.07052063754906851
        ],
        [
            16,
            0.058185776008314816
        ],
        [
            17,
            0.051627276697439495
        ],
        [
            18,
            0.05036293243260661
        ],
        [
            19,
            0.05470031876140791
        ],
        [
            20,
            0.04620894040472232
        ],
        [
            21,
            0.20370281462597792
        ],
        [
            22,
            0.040364798476869856
        ],
        [
            23,
            0.02420134042311799
        ],
        [
            24,
            0.037206384167320285
        ],
        [
            25,
            0.032147861402450316
        ],
        [
            26,
            0.0363218408323125
        ],
        [
            27,
            0.03389442525097411
        ],
        [
            28,
            0.03270478215328113
        ],
        [
            29,
            0.020888051291155386
        ],
        [
            30,
            0.040629890604013334
        ],
        [
            31,
            0.9535063739051512
        ],
        [
            32,
            0.04980299521158547
        ],
        [
            33,
            0.03597572020209543
        ],
        [
            34,
            0.029342792924200962
        ],
        [
            35,
            0.021616441926864908
        ],
        [
            36,
            0.02598939303501995
        ],
        [
            37,
            0.01860057285839055
        ],
        [
            38,
            0.023182795259346755
        ],
        [
            39,
            0.02411276531409877
        ],
        [
            40,
            0.021561829489721653
        ],
        [
            41,
            121.48866341934207
        ],
        [
            42,
            183.38665088992215
        ],
        [
            43,
            239.74379598220858
        ],
        [
            44,
            300.0722218379079
        ],
        [
            45,
            367.99994608487833
        ],
        [
            46,
            442.38928745929826
        ],
        [
            47,
            519.9035491214822
        ],
        [
            48,
            592.1807155167149
        ],
        [
            49,
            667.93668178548
        ],
        [
            50,
            744.4675329045153
        ]
    ],
    "epochs_completed": 50
}