{
    "test_acc": [
        [
            0,
            0.375
        ],
        [
            1,
            0.25
        ],
        [
            11,
            0.5
        ],
        [
            21,
            0.375
        ],
        [
            31,
            0.625
        ],
        [
            41,
            0.625
        ],
        [
            51,
            0.5
        ],
        [
            61,
            0.5
        ],
        [
            71,
            0.625
        ],
        [
            81,
            0.5
        ],
        [
            91,
            0.375
        ],
        [
            101,
            0.625
        ],
        [
            111,
            0.875
        ],
        [
            121,
            1.0
        ],
        [
            131,
            0.75
        ],
        [
            141,
            1.0
        ],
        [
            151,
            0.625
        ],
        [
            161,
            0.625
        ],
        [
            171,
            0.875
        ],
        [
            181,
            1.0
        ],
        [
            191,
            1.0
        ],
        [
            201,
            1.0
        ]
    ],
    "test_loss": [
        [
            0,
            0.7389637747052289
        ],
        [
            1,
            0.28132732240569147
        ],
        [
            11,
            0.28502640258357526
        ],
        [
            21,
            0.2608200778675887
        ],
        [
            31,
            0.24337792267938807
        ],
        [
            41,
            0.25455612957947044
        ],
        [
            51,
            0.2506511364674583
        ],
        [
            61,
            0.2527547932553913
        ],
        [
            71,
            0.25574582999347867
        ],
        [
            81,
            0.25307104947849446
        ],
        [
            91,
            0.23965677371045363
        ],
        [
            101,
            0.22832512039295966
        ],
        [
            111,
            0.22117199677759197
        ],
        [
            121,
            0.21332033269537704
        ],
        [
            131,
            0.22917953486579648
        ],
        [
            141,
            0.20370220067687547
        ],
        [
            151,
            0.18758040937782047
        ],
        [
            161,
            0.19973298129598455
        ],
        [
            171,
            0.21038755076169657
        ],
        [
            181,
            0.19002226288287621
        ],
        [
            191,
            0.1906163066056154
        ],
        [
            201,
            0.20295389921880713
        ]
    ],
    "train_loss": [
        [
            0,
            0.24403054072551633
        ],
        [
            1,
            0.18803185139449263
        ],
        [
            2,
            0.18881123250453455
        ],
        [
            3,
            0.19158206577589545
        ],
        [
            4,
            0.19124176800693726
        ],
        [
            5,
            0.19590881932080464
        ],
        [
            6,
            0.19169257964738665
        ],
        [
            7,
            0.19912044702775952
        ],
        [
            8,
            0.19606116472121934
        ],
        [
            9,
            0.19450686968365782
        ],
        [
            10,
            0.19639633858601815
        ],
        [
            11,
            0.22448427846442046
        ],
        [
            12,
            0.19735292230343338
        ],
        [
            13,
            0.19032074038320293
        ],
        [
            14,
            0.1993442860143337
        ],
        [
            15,
            0.1796499020457285
        ],
        [
            16,
            0.19509284651796124
        ],
        [
            17,
            0.18241976575862914
        ],
        [
            18,
            0.20724062136242094
        ],
        [
            19,
            0.19366737075762672
        ],
        [
            20,
            0.18875298139355845
        ],
        [
            21,
            0.2641751591182144
        ],
        [
            22,
            0.15607526494526672
        ],
        [
            23,
            0.15241707622139866
        ],
        [
            24,
            0.13883840489688515
        ],
        [
            25,
            0.16146287952799873
        ],
        [
            26,
            0.14735234923077417
        ],
        [
            27,
            0.15653315105558332
        ],
        [
            28,
            0.14998539627774968
        ],
        [
            29,
            0.15088424729570935
        ],
        [
            30,
            0.15491793415371483
        ],
        [
            31,
            0.26128159675148227
        ],
        [
            32,
            0.15871963314621831
        ],
        [
            33,
            0.14139699618294388
        ],
        [
            34,
            0.16369776030047622
        ],
        [
            35,
            0.15950757663681106
        ],
        [
            36,
            0.15181282866387988
        ],
        [
            37,
            0.16818013494129272
        ],
        [
            38,
            0.1616585536745199
        ],
        [
            39,
            0.1593159575490998
        ],
        [
            40,
            0.15539769409276322
        ],
        [
            41,
            0.20780394945619032
        ],
        [
            42,
            0.16464679240577595
        ],
        [
            43,
            0.1545933505984998
        ],
        [
            44,
            0.16853511437444305
        ],
        [
            45,
            0.17332925854116735
        ],
        [
            46,
            0.1606640530124307
        ],
        [
            47,
            0.15890484970549412
        ],
        [
            48,
            0.1705399345612314
        ],
        [
            49,
            0.15731349023572802
        ],
        [
            50,
            0.15425081060299548
        ],
        [
            51,
            0.23405188219092707
        ],
        [
            52,
            0.1685273394888371
        ],
        [
            53,
            0.16267192706927078
        ],
        [
            54,
            0.16943268456894248
        ],
        [
            55,
            0.1577326827761473
        ],
        [
            56,
            0.16979097421858524
        ],
        [
            57,
            0.1600894853650076
        ],
        [
            58,
            0.15215989240527392
        ],
        [
            59,
            0.16760727247429916
        ],
        [
            60,
            0.16240123915025736
        ],
        [
            61,
            0.2806675410080377
        ],
        [
            62,
            0.16773558752726012
        ],
        [
            63,
            0.15765314384200949
        ],
        [
            64,
            0.16994588828561416
        ],
        [
            65,
            0.16160027326745527
        ],
        [
            66,
            0.1566065051256643
        ],
        [
            67,
            0.16959184633979407
        ],
        [
            68,
            0.16275866433134611
        ],
        [
            69,
            0.16445370675730284
        ],
        [
            70,
            0.16559844774133123
        ],
        [
            71,
            0.23878163170803032
        ],
        [
            72,
            0.16795449712768618
        ],
        [
            73,
            0.1612684288825974
        ],
        [
            74,
            0.1687740576796544
        ],
        [
            75,
            0.172175818791478
