{
    "test_acc": [
        [
            0,
            0.375
        ],
        [
            1,
            0.25
        ]
    ],
    "test_loss": [
        [
            0,
            0.7389637747052289
        ],
        [
            1,
            0.28132732240569147
        ]
    ],
    "train_loss": [
        [
            0,
            0.24403054072551633
        ]
    ],
    "epochs_completed": 0
}