{
    "test_acc": [
        [
            0,
            0.25
        ],
        [
            1,
            0.5
        ]
    ],
    "test_loss": [
        [
            0,
            1.751162317516401
        ],
        [
            1,
            0.280498639212981
        ]
    ],
    "train_loss": [
        [
            0,
            0.16263939649692805
        ]
    ],
    "apical_error": [
        [
            0,
            4.570341425418241
        ]
    ],
    "intn_error": [
        [
            0,
            0.010134562196158619
        ]
    ],
    "ff_error": [],
    "fb_error": [],
    "epochs_completed": 1
}