{
    "test_acc": [
        [
            0,
            0.125
        ],
        [
            1,
            0.25
        ]
    ],
    "test_loss": [
        [
            0,
            3.0471206957498223
        ],
        [
            1,
            0.473701165976654
        ]
    ],
    "train_loss": [
        [
            0,
            1.2743704109450886
        ],
        [
            1,
            0.12331176457343929
        ]
    ],
    "apical_error": [
        [
            0,
            3.978302671378048
        ],
        [
            1,
            4.50127744843627
        ]
    ],
    "intn_error": [
        [
            0,
            0.008302178112003818
        ],
        [
            1,
            0.005102494530939602
        ]
    ],
    "ff_error": [],
    "fb_error": [],
    "epochs_completed": 2
}