{
    "test_acc": [
        [
            0,
            0.5
        ],
        [
            1,
            0.375
        ]
    ],
    "test_loss": [
        [
            0,
            0.33320173106699713
        ],
        [
            1,
            0.3333918180228445
        ]
    ],
    "train_loss": [
        [
            0,
            0.3254870395835158
        ]
    ],
    "epochs_completed": 0
}