{
    "test_acc": [
        [
            0,
            0.5
        ],
        [
            1,
            0.375
        ],
        [
            11,
            0.5
        ],
        [
            21,
            0.375
        ],
        [
            31,
            0.125
        ],
        [
            41,
            0.25
        ],
        [
            51,
            0.25
        ],
        [
            61,
            0.25
        ],
        [
            71,
            0.375
        ],
        [
            81,
            0.25
        ],
        [
            91,
            0.0
        ],
        [
            101,
            0.25
        ],
        [
            111,
            0.5
        ],
        [
            121,
            0.375
        ],
        [
            131,
            0.5
        ],
        [
            141,
            0.5
        ],
        [
            151,
            0.0
        ],
        [
            161,
            0.375
        ],
        [
            171,
            0.375
        ],
        [
            181,
            0.375
        ],
        [
            191,
            0.25
        ],
        [
            201,
            0.0
        ]
    ],
    "test_loss": [
        [
            0,
            0.33320173106699713
        ],
        [
            1,
            0.3333918180228445
        ],
        [
            11,
            0.33320594221160926
        ],
        [
            21,
            0.3334754745634657
        ],
        [
            31,
            0.33342767559542774
        ],
        [
            41,
            0.3334452534010306
        ],
        [
            51,
            0.3333989704321784
        ],
        [
            61,
            0.3333393118069639
        ],
        [
            71,
            0.33328484827497035
        ],
        [
            81,
            0.33334564330350636
        ],
        [
            91,
            0.33349071056535085
        ],
        [
            101,
            0.3334307542344349
        ],
        [
            111,
            0.33324226693876646
        ],
        [
            121,
            0.3332447100371627
        ],
        [
            131,
            0.3331895364133678
        ],
        [
            141,
            0.3332909780701349
        ],
        [
            151,
            0.33332882221702126
        ],
        [
            161,
            0.33327661733435804
        ],
        [
            171,
            0.3333538693037205
        ],
        [
            181,
            0.3333303274602627
        ],
        [
            191,
            0.3333761172475035
        ],
        [
            201,
            0.33332817375555157
        ]
    ],
    "train_loss": [
        [
            0,
            0.3254870395835158
        ],
        [
            1,
            0.32543955196421037
        ],
        [
            2,
            0.32544459007275184
        ],
        [
            3,
            0.32548937156021895
        ],
        [
            4,
            0.32545763585581144
        ],
        [
            5,
            0.3254526284259174
        ],
        [
            6,
            0.32543936868510054
        ],
        [
            7,
            0.3254267360254354
        ],
        [
            8,
            0.325493309659104
        ],
        [
            9,
            0.3254644347828149
        ],
        [
            10,
            0.3254121015133967
        ],
        [
            11,
            0.32541557463620724
        ],
        [
            12,
            0.32544820639706246
        ],
        [
            13,
            0.3254441233533301
        ],
        [
            14,
            0.32548648603081115
        ],
        [
            15,
            0.32544496849374477
        ],
        [
            16,
            0.3253986686246147
        ],
        [
            17,
            0.3254339989918778
        ],
        [
            18,
            0.3254698569906698
        ],
        [
            19,
            0.32544434437010566
        ],
        [
            20,
            0.32547676476613324
        ],
        [
            21,
            0.3254222794183228
        ],
        [
            22,
            0.32549167499150206
        ],
        [
            23,
            0.32543762907345286
        ],
        [
            24,
            0.32544787359639366
        ],
        [
            25,
            0.32536335483735446
        ],
        [
            26,
            0.3254477064835913
        ],
        [
            27,
            0.32540815861266137
        ],
        [
            28,
            0.3254320222292491
        ],
        [
            29,
            0.32541073072587623
        ],
        [
            30,
            0.32550580013117125
        ],
        [
            31,
            0.32541547832274104
        ],
        [
            32,
            0.32544342094798445
        ],
        [
            33,
            0.3254865805551165
        ],
        [
            34,
            0.32545118495859626
        ],
        [
            35,
            0.3254552329931593
        ],
        [
            36,
            0.3254088314283223
        ],
        [
            37,
            0.32540371983893507
        ],
        [
            38,
            0.32547664835605994
        ],
        [
            39,
            0.3254069028050813
        ],
        [
            40,
            0.3253893112372057
        ],
        [
            41,
            0.3254214605629308
        ],
        [
            42,
            0.32545444495296444
        ],
        [
            43,
            0.3254277255791658
        ],
        [
            44,
            0.32545212791156014
        ],
        [
            45,
            0.32541787666830274
        ],
        [
            46,
            0.3254149928539008
        ],
        [
            47,
            0.3254131420045292
        ],
        [
            48,
            0.3254766967703029
        ],
        [
            49,
            0.3254308802623536
        ],
        [
            50,
            0.3254398615384547
        ],
        [
            51,
            0.32541617711086984
        ],
        [
            52,
            0.3254555587065764
        ],
        [
            53,
            0.32546066049776073
        ],
        [
            54,
            0.3254293408406431
        ],
        [
            55,
            0.3254290295727451
        ],
        [
            56,
            0.3254450865792851
        ],
        [
            57,
            0.32538872613240905
        ],
        [
            58,
            0.325384197303233
        ],
        [
            59,
            0.3254287689131418
        ],
        [
            60,
            0.32543510429808004
        ],
        [
            61,
            0.32553804549026744
        ],
        [
            62,
            0.3254826750963536
        ],
        [
            63,
            0.32543062128752126
        ],
        [
            64,
            0.3254523856552319
        ],
        [
            65,
            0.3253853228942896
        ],
        [
            66,
            0.3254442034361538
        ],
        [
            67,
            0.3254053530596807
        ],
        [
            68,
            0.32547607639415116
        ],
        [
            69,
            0.32546017633444746
        ],
        [
            70,
            0.32543762818710026
        ],
        [
            71,
            0.3254064282331184
        ],
        [
            72,
            0.32550598755814636
        ],
        [
            73,
            0.3254518374545422
        ],
        [
            74,
            0.32548874802590977
        ],
        [
            75,
            0.3254317822970391
        ],
        [
