{
    "test_acc": [
        [
            0,
            0.25
        ],
        [
            1,
            0.5
        ]
    ],
    "test_loss": [
        [
            0,
            0.9548323904605467
        ],
        [
            1,
            0.321942001773055
        ]
    ],
    "train_loss": [
        [
            0,
            0.21583424474387136
        ]
    ],
    "epochs_completed": 0
}