{
    "test_acc": [
        [
            0,
            0.25
        ],
        [
            1,
            0.5
        ],
        [
            11,
            0.5
        ],
        [
            21,
            0.5
        ],
        [
            31,
            0.125
        ],
        [
            41,
            0.625
        ],
        [
            51,
            0.25
        ],
        [
            61,
            0.25
        ],
        [
            71,
            0.125
        ],
        [
            81,
            0.375
        ],
        [
            91,
            0.375
        ],
        [
            101,
            0.375
        ],
        [
            111,
            0.375
        ],
        [
            121,
            0.375
        ],
        [
            131,
            0.375
        ],
        [
            141,
            0.0
        ],
        [
            151,
            0.25
        ],
        [
            161,
            0.375
        ],
        [
            171,
            0.5
        ],
        [
            181,
            0.125
        ],
        [
            191,
            0.5
        ],
        [
            201,
            0.5
        ]
    ],
    "test_loss": [
        [
            0,
            0.9548323904605467
        ],
        [
            1,
            0.321942001773055
        ],
        [
            11,
            0.3269067551394799
        ],
        [
            21,
            0.3155046784064459
        ],
        [
            31,
            0.3165843017634174
        ],
        [
            41,
            0.31336069942750033
        ],
        [
            51,
            0.32286319379973094
        ],
        [
            61,
            0.33345417452349313
        ],
        [
            71,
            0.3219859196032693
        ],
        [
            81,
            0.32379846987034555
        ],
        [
            91,
            0.3236955592066665
        ],
        [
            101,
            0.3246480765974706
        ],
        [
            111,
            0.3224569303706891
        ],
        [
            121,
            0.32473831176531565
        ],
        [
            131,
            0.32323385650577074
        ],
        [
            141,
            0.3247465694946098
        ],
        [
            151,
            0.32149153873017
        ],
        [
            161,
            0.32424963274242724
        ],
        [
            171,
            0.32377608433232863
        ],
        [
            181,
            0.3298556773132979
        ],
        [
            191,
            0.3201099518458195
        ],
        [
            201,
            0.3158612051102895
        ]
    ],
    "train_loss": [
        [
            0,
            0.21583424474387136
        ],
        [
            1,
            0.2119877998214265
        ],
        [
            2,
            0.22920800225950422
        ],
        [
            3,
            0.22773144956781097
        ],
        [
            4,
            0.23029849365484711
        ],
        [
            5,
            0.2294298229879567
        ],
        [
            6,
            0.2352710030837042
        ],
        [
            7,
            0.22648561136387238
        ],
        [
            8,
            0.22888061169987362
        ],
        [
            9,
            0.23045881346046795
        ],
        [
            10,
            0.22610681543415342
        ],
        [
            11,
            0.23114873617053763
        ],
        [
            12,
            0.22653878873852465
        ],
        [
            13,
            0.22583149137198233
        ],
        [
            14,
            0.22326936707279996
        ],
        [
            15,
            0.22344219149301167
        ],
        [
            16,
            0.22589071319085477
        ],
        [
            17,
            0.2279394097079551
        ],
        [
            18,
            0.22906973952851142
        ],
        [
            19,
            0.22587326326460055
        ],
        [
            20,
            0.22216640340772606
        ],
        [
            21,
            0.2248584113897103
        ],
        [
            22,
            0.2271984892185773
        ],
        [
            23,
            0.233239673588807
        ],
        [
            24,
            0.22470145548288567
        ],
        [
            25,
            0.22806284078206607
        ],
        [
            26,
            0.228040610502797
        ],
        [
            27,
            0.22813129468566487
        ],
        [
            28,
            0.2276856364656437
        ],
        [
            29,
            0.22610937620440405
        ],
        [
            30,
            0.22731782929991926
        ],
        [
            31,
            0.23736556343883697
        ],
        [
            32,
            0.22545722469082788
        ],
        [
            33,
            0.2241418275297585
        ],
        [
            34,
            0.22700828561792155
        ],
        [
            35,
            0.22406585317467595
        ],
        [
            36,
            0.2305900789897097
        ],
        [
            37,
            0.2263600503782924
        ],
        [
            38,
            0.2227827508791338
        ],
        [
            39,
            0.22962608847586807
        ],
        [
            40,
            0.22577952749814692
        ],
        [
            41,
            0.23187551823317185
        ],
        [
            42,
            0.2278808964703276
        ],
        [
            43,
            0.22773168489200302
        ],
        [
            44,
            0.22740339115922956
        ],
        [
            45,
            0.2227352543077105
        ],
        [
            46,
            0.22643947000600004
        ],
        [
            47,
            0.22585590321664936
        ],
        [
            48,
            0.22706741686304954
        ],
        [
            49,
            0.22549704634614556
        ],
        [
            50,
            0.2301332291782091
        ],
        [
            51,
            0.23079475911292993
        ],
        [
            52,
            0.22254348772996826
        ],
        [
            53,
            0.22508894515698322
        ],
        [
            54,
            0.22721503704912893
        ],
        [
            55,
            0.22617075996973565
        ],
        [
            56,
            0.2245957151206147
        ],
        [
            57,
            0.22747651446754033
        ],
        [
            58,
            0.22497395303189163
        ],
        [
            59,
            0.22656470214491678
        ],
        [
            60,
            0.22613853239855689
        ],
        [
            61,
            0.23139946098564654
        ],
        [
            62,
            0.22789114972587876
        ],
        [
            63,
            0.22678436814088812
        ],
        [
            64,
            0.22446227836005242
        ],
        [
            65,
            0.225195311737818
        ],
        [
            66,
            0.22840721230404748
        ],
        [
            67,
            0.22913829227034746
        ],
        [
            68,
            0.2275526497532059
        ],
        [
            69,
            0.22233153522950944
        ],
        [
            70,
            0.2287931515513805
        ],
        [
            71,
            0.22641533983378412
        ],
        [
            72,
            0.22702027497109079
        ],
        [
            73,
            0.2262227752948273
        ],
        [
            74,
            0.22660277150254068
        ],
        [
            75,
            0.22510885841314007
        ],
