{
    "test_acc": [
        [
            0,
            0.25
        ],
        [
            1,
            0.375
        ],
        [
            11,
            0.625
        ],
        [
            21,
            0.625
        ],
        [
            31,
            0.75
        ],
        [
            41,
            0.875
        ],
        [
            51,
            1.0
        ],
        [
            61,
            1.0
        ],
        [
            71,
            0.375
        ]
    ],
    "test_loss": [
        [
            0,
            0.6241175589768939
        ],
        [
            1,
            0.3302341379051269
        ],
        [
            11,
            0.19956670792265446
        ],
        [
            21,
            0.15331708948494624
        ],
        [
            31,
            0.13046588786708116
        ],
        [
            41,
            0.0987818869278328
        ],
        [
            51,
            0.06011808316781848
        ],
        [
            61,
            0.060705815432728676
        ],
        [
            71,
            338.969164680802
        ]
    ],
    "train_loss": [
        [
            0,
            0.256165721959993
        ],
        [
            1,
            0.21374018159216338
        ],
        [
            2,
            0.12652083457831903
        ],
        [
            3,
            0.11344598551803187
        ],
        [
            4,
            0.11763363710886472
        ],
        [
            5,
            0.10726113762362201
        ],
        [
            6,
            0.10485753010545736
        ],
        [
            7,
            0.09883969871893165
        ],
        [
            8,
            0.09668023227319618
        ],
        [
            9,
            0.08919500511103913
        ],
        [
            10,
            0.09025858961185303
        ],
        [
            11,
            0.10110391549777431
        ],
        [
            12,
            0.07056394146482874
        ],
        [
            13,
            0.060135569051870286
        ],
        [
            14,
            0.0585013280638848
        ],
        [
            15,
            0.05629297607592237
        ],
        [
            16,
            0.05622158740432743
        ],
        [
            17,
            0.05326648534649958
        ],
        [
            18,
            0.04966252663570212
        ],
        [
            19,
            0.046078313445756976
        ],
        [
            20,
            0.04608214542703076
        ],
        [
            21,
            0.10709499914263376
        ],
        [
            22,
            0.08066338590585055
        ],
        [
            23,
            0.054337213405040774
        ],
        [
            24,
            0.05109626486311322
        ],
        [
            25,
            0.04196531959062266
        ],
        [
            26,
            0.03634853389062901
        ],
        [
            27,
            0.028932451964427116
        ],
        [
            28,
            0.03040545929272416
        ],
        [
            29,
            0.026018579617713634
        ],
        [
            30,
            0.025012069390769182
        ],
        [
            31,
            0.10935958912529364
        ],
        [
            32,
            0.021014169386944684
        ],
        [
            33,
            0.015471027139360724
        ],
        [
            34,
            0.01358352529473271
        ],
        [
            35,
            0.012533741051971215
        ],
        [
            36,
            0.009152100981256796
        ],
        [
            37,
            0.010151520549761034
        ],
        [
            38,
            0.010750722886669124
        ],
        [
            39,
            0.008172597518547672
        ],
        [
            40,
            0.007123649403927758
        ],
        [
            41,
            0.8265271050703658
        ],
        [
            42,
            0.0019215494667428141
        ],
        [
            43,
            0.0019496577576049742
        ],
        [
            44,
            0.0016021447279913209
        ],
        [
            45,
            0.0015138495686558915
        ],
        [
            46,
            0.0010127371231526889
        ],
        [
            47,
            0.0010648049578365869
        ],
        [
            48,
            0.0011129585717405263
        ],
        [
            49,
            0.000978983973583347
        ],
        [
            50,
            0.001042189103510818
        ],
        [
            51,
            13.868884110094546
        ],
        [
            52,
            0.0011076724914319644
        ],
        [
            53,
            0.0007786839019346776
        ],
        [
            54,
            0.0006300569578353569
        ],
        [
            55,
            0.0006171844122458734
        ],
        [
            56,
            0.0007149325497858224
        ],
        [
            57,
            0.00046184943205880477
        ],
        [
            58,
            0.00028821114139241456
        ],
        [
            59,
            0.0004291462449203913
        ],
        [
            60,
            0.0003187309526159258
        ],
        [
            61,
            79.72851361234983
        ],
        [
            62,
            142.7213669699664
        ],
        [
            63,
            175.88350083710955
        ],
        [
            64,
            203.58921433612457
        ],
        [
            65,
            226.54703093965693
        ],
        [
            66,
            246.674684612864
        ],
        [
            67,
            266.97057629551267
        ],
        [
            68,
            286.2944649481569
        ],
        [
            69,
            306.33574662740267
        ],
        [
            70,
            328.2568086265638
        ]
    ],
    "epochs_completed": 70
}