{
    "test_acc": [
        [
            0,
            0.375
        ],
        [
            1,
            0.375
        ],
        [
            11,
            0.5
        ]
    ],
    "test_loss": [
        [
            0,
            2.5916356746008793
        ],
        [
            1,
            5.394850700158058
        ],
        [
            11,
            132.3722857432531
        ]
    ],
    "train_loss": [
        [
            0,
            5.906754136505214
        ],
        [
            1,
            62.61936908591025
        ],
        [
            2,
            85.17244556304111
        ],
        [
            3,
            91.36180109308661
        ],
        [
            4,
            97.69285057922703
        ],
        [
            5,
            102.73646139603032
        ],
        [
            6,
            108.23083882439323
        ],
        [
            7,
            112.88654029127945
        ],
        [
            8,
            117.64888991579335
        ],
        [
            9,
            121.94264537758295
        ],
        [
            10,
            128.03726319155578
        ]
    ],
    "epochs_completed": 10
}