{
    "test_acc": [
        [
            0,
            0.25
        ],
        [
            1,
            0.125
        ]
    ],
    "test_loss": [
        [
            0,
            3.2160452488335336
        ],
        [
            1,
            0.5240979636293956
        ]
    ],
    "train_loss": [
        [
            0,
            1.7748013043027522
        ],
        [
            0,
            2.398375492598611
        ],
        [
            0,
            0.4168338898834624
        ],
        [
            0,
            0.9179168616614272
        ],
        [
            0,
            0.7136752236696374
        ],
        [
            0,
            0.2620738397288728
        ],
        [
            0,
            0.14803900003814655
        ],
        [
            0,
            1.0538470996145841
        ],
        [
            0,
            0.785324951457601
        ],
        [
            0,
            0.4330749021802438
        ],
        [
            0,
            0.1628485205904163
        ],
        [
            0,
            0.0003491734573520331
        ],
        [
            0,
            0.08838308029792007
        ],
        [
            0,
            0.04715906078695431
        ],
        [
            0,
            0.008836666009982555
        ],
        [
            0,
            0.0052004820029625
        ],
        [
            0,
            0.031040449922516995
        ],
        [
            0,
            0.0170696960727109
        ],
        [
            0,
            0.0049319234610423306
        ],
        [
            0,
            0.3183240819033628
        ],
        [
            0,
            0.2765876410668937
        ],
        [
            0,
            0.29531968413011506
        ],
        [
            0,
            0.15950799280772965
        ],
        [
            0,
            0.09368592606784303
        ]
    ],
    "epochs_completed": 0
}