{
    "test_acc": [
        [
            0,
            0.375
        ],
        [
            1,
            0.375
        ],
        [
            11,
            0.625
        ],
        [
            21,
            0.625
        ],
        [
            31,
            0.625
        ],
        [
            41,
            0.25
        ]
    ],
    "test_loss": [
        [
            0,
            0.5556621607647276
        ],
        [
            1,
            0.2699751785141602
        ],
        [
            11,
            0.25632493775150333
        ],
        [
            21,
            0.2010687942319551
        ],
        [
            31,
            0.18804963844240663
        ],
        [
            41,
            804.58239822884
        ]
    ],
    "train_loss": [
        [
            0,
            0.16068048406759036
        ],
        [
            1,
            0.15789624887561368
        ],
        [
            2,
            0.11443077173674178
        ],
        [
            3,
            0.10840318873840975
        ],
        [
            4,
            0.1067906410369223
        ],
        [
            5,
            0.10266805005210944
        ],
        [
            6,
            0.10092725243406886
        ],
        [
            7,
            0.09979386347558206
        ],
        [
            8,
            0.09922345455323194
        ],
        [
            9,
            0.08444143930563412
        ],
        [
            10,
            0.08725180483044281
        ],
        [
            11,
            0.09713451512710895
        ],
        [
            12,
            0.07010888617741977
        ],
        [
            13,
            0.06857145348453332
        ],
        [
            14,
            0.051560802134867946
        ],
        [
            15,
            0.05457284927167116
        ],
        [
            16,
            0.043908349485706544
        ],
        [
            17,
            0.060044428239644766
        ],
        [
            18,
            0.05086802929373546
        ],
        [
            19,
            0.05639065895371224
        ],
        [
            20,
            0.04341611331165209
        ],
        [
            21,
            0.5328037988808233
        ],
        [
            22,
            0.04082096075502455
        ],
        [
            23,
            0.03909144913879389
        ],
        [
            24,
            0.031023071287469974
        ],
        [
            25,
            0.022289075351717993
        ],
        [
            26,
            0.014919855229291115
        ],
        [
            27,
            0.021177105781992177
        ],
        [
            28,
            0.015675903332722563
        ],
        [
            29,
            0.019610716061181723
        ],
        [
            30,
            0.015031225042523189
        ],
        [
            31,
            145.13069167077447
        ],
        [
            32,
            221.7998075317803
        ],
        [
            33,
            298.87090533959616
        ],
        [
            34,
            374.4498887172849
        ],
        [
            35,
            455.4613739339852
        ],
        [
            36,
            526.5739324949194
        ],
        [
            37,
            596.2915519848292
        ],
        [
            38,
            653.6337168870554
        ],
        [
            39,
            713.9498267297658
        ],
        [
            40,
            776.5141642854878
        ]
    ],
    "epochs_completed": 40
}