{
    "test_acc": [
        [
            0,
            0.0
        ]
    ],
    "test_loss": [
        [
            0,
            0.13054800287234844
        ]
    ],
    "train_loss": [
        [
            0,
            0.20371709750475628
        ]
    ],
    "apical_error": [
        [
            0,
            0.04910901179025078
        ]
    ],
    "intn_error": [
        [
            0,
            0.001335250842445421
        ]
    ],
    "ff_error": [],
    "fb_error": [],
    "epochs_completed": 0
}