{
    "test_acc": [
        [
            0,
            0.25
        ],
        [
            1,
            0.25
        ],
        [
            11,
            0.625
        ],
        [
            21,
            0.75
        ],
        [
            31,
            0.75
        ],
        [
            41,
            1.0
        ],
        [
            51,
            1.0
        ],
        [
            61,
            1.0
        ],
        [
            71,
            1.0
        ],
        [
            81,
            1.0
        ],
        [
            91,
            1.0
        ],
        [
            101,
            1.0
        ],
        [
            111,
            0.5
        ]
    ],
    "test_loss": [
        [
            0,
            1.1568958880254823
        ],
        [
            1,
            0.38850843709845473
        ],
        [
            11,
            0.19051423108276117
        ],
        [
            21,
            0.1373275082074193
        ],
        [
            31,
            0.11287175820751208
        ],
        [
            41,
            0.05779738760325895
        ],
        [
            51,
            0.035654456074791535
        ],
        [
            61,
            0.03489819740234434
        ],
        [
            71,
            0.02845947308029144
        ],
        [
            81,
            0.07122673160767562
        ],
        [
            91,
            0.062037962195618114
        ],
        [
            101,
            0.06812017930024064
        ],
        [
            111,
            288.43425468147416
        ]
    ],
    "train_loss": [
        [
            0,
            0.45597298568358074
        ],
        [
            1,
            0.21202320359131666
        ],
        [
            2,
            0.11652596948021292
        ],
        [
            3,
            0.11565688127292435
        ],
        [
            4,
            0.10328522893923536
        ],
        [
            5,
            0.09408798042513533
        ],
        [
            6,
            0.0857303462946772
        ],
        [
            7,
            0.07901513402813028
        ],
        [
            8,
            0.077251187895744
        ],
        [
            9,
            0.062057606157336985
        ],
        [
            10,
            0.06190781579492915
        ],
        [
            11,
            0.11112684754382374
        ],
        [
            12,
            0.07512435718585711
        ],
        [
            13,
            0.06743105578802132
        ],
        [
            14,
            0.054554307809093594
        ],
        [
            15,
            0.05507894550469719
        ],
        [
            16,
            0.05078094143135675
        ],
        [
            17,
            0.04763227800731995
        ],
        [
            18,
            0.04258458259079865
        ],
        [
            19,
            0.04091994296369173
        ],
        [
            20,
            0.042649937591744715
        ],
        [
            21,
            0.11686984152923585
        ],
        [
            22,
            0.05775297796924875
        ],
        [
            23,
            0.049053681959496054
        ],
        [
            24,
            0.041198766417518795
        ],
        [
            25,
            0.034574608148132256
        ],
        [
            26,
            0.031854771441100056
        ],
        [
            27,
            0.030165183980388158
        ],
        [
            28,
            0.027033688661517424
        ],
        [
            29,
            0.021179630743117434
        ],
        [
            30,
            0.023243726988770294
        ],
        [
            31,
            0.07101577919894646
        ],
        [
            32,
            0.015341977677092528
        ],
        [
            33,
            0.01205747619083189
        ],
        [
            34,
            0.00892839775696283
        ],
        [
            35,
            0.007347211284357925
        ],
        [
            36,
            0.007660226011584438
        ],
        [
            37,
            0.0060909938826983175
        ],
        [
            38,
            0.0055657638267829325
        ],
        [
            39,
            0.005235784384962469
        ],
        [
            40,
            0.004714352391934799
        ],
        [
            41,
            0.10837928818431503
        ],
        [
            42,
            0.006177671483775705
        ],
        [
            43,
            0.0050771913374891885
        ],
        [
            44,
            0.004289791510522862
        ],
        [
            45,
            0.0034926908002529933
        ],
        [
            46,
            0.0032359207470927056
        ],
        [
            47,
            0.002761477251478812
        ],
        [
            48,
            0.002528007890983324
        ],
        [
            49,
            0.002128887063620272
        ],
        [
            50,
            0.0020893140937089834
        ],
        [
            51,
            0.1479176102244335
        ],
        [
            52,
            0.016008361857586334
        ],
        [
            53,
            0.010814107396916664
        ],
        [
            54,
            0.011351710633001534
        ],
        [
            55,
            0.009649138743948644
        ],
        [
            56,
            0.010288651087293453
        ],
        [
            57,
            0.007013445346933207
        ],
        [
            58,
            0.004853645845591405
        ],
        [
            59,
            0.006845898348161776
        ],
        [
            60,
            0.005421622302415338
        ],
        [
            61,
            0.9795192823592579
        ],
        [
            62,
            0.0073685513182462055
        ],
        [
            63,
            0.007289543135724957
        ],
        [
            64,
            0.00540608268738392
        ],
        [
            65,
            0.005310225468119072
        ],
        [
            66,
            0.0033881139614279437
        ],
        [
            67,
            0.004464066756050034
        ],
        [
            68,
            0.0033173801806923226
        ],
        [
            69,
            0.003080973880515436
        ],
        [
            70,
            0.0029212395293457542
        ],
        [
            71,
            2.048833493887803
        ],
        [
            72,
            0.0016056042928324857
        ],
        [
            73,
            0.0014475158237256432
        ],
        [
            74,
            0.0008824601281906221
        ],
        [
            75,
            0.0010224773055237668
        ],
        [
            76,
            0.0011088662080878046
        ],
        [
            77,
            0.0009099895111107189
        ],
        [
            78,
            0.0009196628438682012
        ],
        [
            79,
            0.000940746795985516
        ],
        [
            80,
            0.0006354138344519533
        ],
        [
            81,
            0.4469663880557208
        ],
        [
            82,
            0.0012134744741714159
        ],
        [
            83,
            0.0010988597770827304
        ],
        [
            84,
            0.0008350706105959911
        ],
        [
            85,
            0.0008196463002674512
        ],
        [
            86,
            0.0006406672893632769
        ],
        [
            87,
            0.0005497347751156616
        ],
        [
            88,
            0.0006162634665865151
        ],
        [
            89,
            0.00044857574134024846
        ],
        [
            90,
