{
    "sim_time": 0.3,
    "out_lag": 0.1,
    "tau_delta": 1,
    "tau_m": 1,
    "latent_equilibrium": false,
    "eta": {
        "ip": [
            0.06666666666666668,
            0.0
        ],
        "pi": [
            0.0,
            0.0
        ],
        "up": [
            0.16666666666666669,
            0.03333333333333334
        ],
        "down": [
            0.0,
            0.0
        ]
    },
    "record_interval": 0.1,
    "weight_scale": 1000,
    "test_interval": -1
}