{
    "sim_time": 1,
    "out_lag": 0.5,
    "tau_delta": 1,
    "tau_m": 1,
    "latent_equilibrium": false,
    "eta": {
        "ip": [
            0.020000000000000004,
            0.0
        ],
        "pi": [
            0.0,
            0.0
        ],
        "up": [
            0.05,
            0.010000000000000002
        ],
        "down": [
            0.0,
            0.0
        ]
    },
    "record_interval": 0.1,
    "weight_scale": 1000,
    "test_interval": -1
}