{
    "sim_time": 2,
    "out_lag": 1.0,
    "tau_delta": 1,
    "tau_m": 1,
    "latent_equilibrium": false,
    "eta": {
        "ip": [
            0.010000000000000002,
            0.0
        ],
        "pi": [
            0.0,
            0.0
        ],
        "up": [
            0.025,
            0.005000000000000001
        ],
        "down": [
            0.0,
            0.0
        ]
    },
    "record_interval": 0.1,
    "weight_scale": 1000,
    "test_interval": -1
}