{
    "test_acc": [
        [
            0,
            0.375
        ],
        [
            1,
            0.5
        ]
    ],
    "test_loss": [
        [
            0,
            6.816668722128577
        ],
        [
            1,
            0.26774486383222285
        ]
    ],
    "train_loss": [
        [
            0,
            3.09408253687633
        ],
        [
            0,
            2.7846924505693145
        ],
        [
            0,
            2.958491360694817
        ],
        [
            0,
            2.7200846426980214
        ],
        [
            0,
            2.442851509451066
        ],
        [
            0,
            1.7223704084754476
        ],
        [
            0,
            2.5438061705284603
        ],
        [
            0,
            1.1710656756471185
        ],
        [
            0,
            1.5354849150791772
        ],
        [
            0,
            0.8839871725403411
        ],
        [
            0,
            0.6926488714698197
        ],
        [
            0,
            1.4792128041258625
        ],
        [
            0,
            1.2446448847169975
        ],
        [
            0,
            0.8931981282288834
        ],
        [
            0,
            0.34442063562161235
        ],
        [
            0,
            0.4120565648982419
        ],
        [
            0,
            0.4746068387278371
        ],
        [
            0,
            0.21284806138000226
        ],
        [
            0,
            0.11681015137143554
        ],
        [
            0,
            0.09142343244754116
        ],
        [
            0,
            0.15754731146057277
        ],
        [
            0,
            0.37420552041760485
        ],
        [
            0,
            0.07879768146528456
        ],
        [
            0,
            0.04000808255005284
        ]
    ],
    "epochs_completed": 0
}