{
    "test_acc": [
        [
            0,
            0.25
        ],
        [
            1,
            0.25
        ],
        [
            11,
            0.375
        ],
        [
            21,
            0.375
        ],
        [
            31,
            0.375
        ],
        [
            41,
            0.375
        ],
        [
            51,
            0.375
        ],
        [
            61,
            0.375
        ],
        [
            71,
            0.375
        ],
        [
            81,
            0.375
        ],
        [
            91,
            0.25
        ],
        [
            101,
            0.25
        ],
        [
            111,
            0.25
        ],
        [
            121,
            0.375
        ],
        [
            131,
            0.375
        ],
        [
            141,
            0.375
        ],
        [
            151,
            0.25
        ],
        [
            161,
            0.375
        ],
        [
            171,
            0.375
        ],
        [
            181,
            0.25
        ],
        [
            191,
            0.25
        ],
        [
            201,
            0.375
        ]
    ],
    "test_loss": [
        [
            0,
            0.3060025916068125
        ],
        [
            1,
            0.3329581508473543
        ],
        [
            11,
            0.3331826831912531
        ],
        [
            21,
            0.33319402523599123
        ],
        [
            31,
            0.33320063522958954
        ],
        [
            41,
            0.33319520768934985
        ],
        [
            51,
            0.3332083073100741
        ],
        [
            61,
            0.3332070745777808
        ],
        [
            71,
            0.33319035442725875
        ],
        [
            81,
            0.33320015155543253
        ],
        [
            91,
            0.3332231395999991
        ],
        [
            101,
            0.3332329250183513
        ],
        [
            111,
            0.3332168704146118
        ],
        [
            121,
            0.33319934012389424
        ],
        [
            131,
            0.33320608983705025
        ],
        [
            141,
            0.3331911376068457
        ],
        [
            151,
            0.33322740693990843
        ],
        [
            161,
            0.33319816997002566
        ],
        [
            171,
            0.3331852892523348
        ],
        [
            181,
            0.33322547454666096
        ],
        [
            191,
            0.333215113603927
        ],
        [
            201,
            0.33320048227362997
        ]
    ],
    "train_loss": [
        [
            0,
            0.3229296291237414
        ],
        [
            1,
            0.3196605815301081
        ],
        [
            2,
            0.3196959799874885
        ],
        [
            3,
            0.3197131579930506
        ],
        [
            4,
            0.31967761549747076
        ],
        [
            5,
            0.3196725842532939
        ],
        [
            6,
            0.3197229788820467
        ],
        [
            7,
            0.3197193094032941
        ],
        [
            8,
            0.31968994786201416
        ],
        [
            9,
            0.3196916649401471
        ],
        [
            10,
            0.31971526251365234
        ],
        [
            11,
            0.31971915440843685
        ],
        [
            12,
            0.31971391937014676
        ],
        [
            13,
            0.3196869412626826
        ],
        [
            14,
            0.3196903695320933
        ],
        [
            15,
            0.3196882983081664
        ],
        [
            16,
            0.3196864609701973
        ],
        [
            17,
            0.31968263978418027
        ],
        [
            18,
            0.3197026043310804
        ],
        [
            19,
            0.31967898699615266
        ],
        [
            20,
            0.3196845243683117
        ],
        [
            21,
            0.3197021874757169
        ],
        [
            22,
            0.31964951792621404
        ],
        [
            23,
            0.31969393316518385
        ],
        [
            24,
            0.31969728131678576
        ],
        [
            25,
            0.31971050372115023
        ],
        [
            26,
            0.3196797074569348
        ],
        [
            27,
            0.31966039601242474
        ],
        [
            28,
            0.31968395479472766
        ],
        [
            29,
            0.3197139174843206
        ],
        [
            30,
            0.3196854523659547
        ],
        [
            31,
            0.31970330233957645
        ],
        [
            32,
            0.31972003155181805
        ],
        [
            33,
            0.31968663149252324
        ],
        [
            34,
            0.31966640303537003
        ],
        [
            35,
            0.31970930614763976
        ],
        [
            36,
            0.31971949190626414
        ],
        [
            37,
            0.3196634687404936
        ],
        [
            38,
            0.3196918427095876
        ],
        [
            39,
            0.31971190964906554
        ],
        [
            40,
            0.31968180742660346
        ],
        [
            41,
            0.3196965138790061
        ],
        [
            42,
            0.3196919322209848
        ],
        [
            43,
            0.31971188205438966
        ],
        [
            44,
            0.31969580382347323
        ],
        [
            45,
            0.3196601453947096
        ],
        [
            46,
            0.31968892190311604
        ],
        [
            47,
            0.31966715136085716
        ],
        [
            48,
            0.3196814851628247
        ],
        [
            49,
            0.31969539500347816
        ],
        [
            50,
            0.31969262934272086
        ],
        [
            51,
            0.3197147087152073
        ],
        [
            52,
            0.31968417230250695
        ],
        [
            53,
            0.31967428162134165
        ],
        [
            54,
            0.31967888740408673
        ],
        [
            55,
            0.31967349686671764
        ],
        [
            56,
            0.3196962834471115
        ],
        [
            57,
            0.31971013436406265
        ],
        [
            58,
            0.31971052742177264
        ],
        [
            59,
            0.3196861328464788
        ],
        [
            60,
            0.3197235163922612
        ],
        [
            61,
            0.3197144440978425
        ],
        [
            62,
            0.3196924267088744
        ],
        [
            63,
            0.31967528699889436
        ],
        [
            64,
            0.3196891132322423
        ],
        [
            65,
            0.3197050028501753
        ],
        [
            66,
            0.3196678379404927
        ],
        [
            67,
            0.31973232509644506
        ],
        [
            68,
            0.31969504295402557
        ],
        [
            69,
            0.3196453469324425
        ],
        [
            70,
            0.31970938805756327
        ],
        [
            71,
            0.3197001201039436
        ],
        [
            72,
            0.3197002436230687
        ],
        [
            73,
            0.3196847529372639
        ],
        [
            74,
            0.3197126881496051
        ],
        [
            75,
            0.3197266652470243
        ],
