{
    "test_acc": [
        [
            0,
            0.375
        ],
        [
            1,
            0.375
        ]
    ],
    "test_loss": [
        [
            0,
            2.5916356746008793
        ],
        [
            1,
            5.394850700158058
        ]
    ],
    "train_loss": [
        [
            0,
            5.906754136505214
        ]
    ],
    "epochs_completed": 0
}