{
    "test_acc": [
        [
            0,
            0.375
        ],
        [
            1,
            0.375
        ]
    ],
    "test_loss": [
        [
            0,
            8.736441474426721
        ],
        [
            1,
            0.3750736404071092
        ]
    ],
    "train_loss": [
        [
            0,
            4.16803994671687
        ],
        [
            0,
            3.605071953710919
        ],
        [
            0,
            3.5090848763229308
        ],
        [
            0,
            2.564528637062144
        ],
        [
            0,
            3.6489404374911802
        ],
        [
            0,
            2.500236026682957
        ],
        [
            0,
            3.089686953073283
        ],
        [
            0,
            2.658283041298549
        ],
        [
            0,
            1.2286848190550141
        ],
        [
            0,
            1.0766745138180387
        ],
        [
            0,
            1.024077169407884
        ],
        [
            0,
            0.8530753777204924
        ],
        [
            0,
            0.7324186513297525
        ],
        [
            0,
            0.5666221882774547
        ],
        [
            0,
            1.15748536340378
        ],
        [
            0,
            0.9693482945844271
        ],
        [
            0,
            0.46058298797017166
        ],
        [
            0,
            0.7098636917833655
        ],
        [
            0,
            0.4291394082410452
        ],
        [
            0,
            0.10655228238572227
        ],
        [
            0,
            0.40842388408836183
        ],
        [
            0,
            0.0568223385379622
        ],
        [
            0,
            0.03374158733108055
        ],
        [
            0,
            0.25909150277065063
        ]
    ],
    "epochs_completed": 0
}