{
    "test_acc": [
        [
            0,
            0.375
        ],
        [
            1,
            0.125
        ],
        [
            11,
            0.375
        ],
        [
            21,
            0.375
        ],
        [
            31,
            0.375
        ],
        [
            41,
            0.375
        ],
        [
            51,
            0.5
        ],
        [
            61,
            0.375
        ],
        [
            71,
            0.75
        ],
        [
            81,
            0.625
        ],
        [
            91,
            0.875
        ],
        [
            101,
            0.625
        ],
        [
            111,
            0.625
        ],
        [
            121,
            0.75
        ],
        [
            131,
            0.625
        ],
        [
            141,
            0.625
        ],
        [
            151,
            0.5
        ],
        [
            161,
            0.625
        ],
        [
            171,
            0.625
        ],
        [
            181,
            0.625
        ],
        [
            191,
            0.625
        ],
        [
            201,
            0.75
        ]
    ],
    "test_loss": [
        [
            0,
            0.6798586415797864
        ],
        [
            1,
            0.3401063968629363
        ],
        [
            11,
            0.2763238644331054
        ],
        [
            21,
            0.28279384112898887
        ],
        [
            31,
            0.2765280126916799
        ],
        [
            41,
            0.2691057889462859
        ],
        [
            51,
            0.263706540254774
        ],
        [
            61,
            0.26458063699651524
        ],
        [
            71,
            0.262558874826587
        ],
        [
            81,
            0.2580010540997607
        ],
        [
            91,
            0.23979132655229957
        ],
        [
            101,
            0.23605973549335935
        ],
        [
            111,
            0.23804261376746902
        ],
        [
            121,
            0.2417582295907794
        ],
        [
            131,
            0.2352727720899666
        ],
        [
            141,
            0.2248553508048724
        ],
        [
            151,
            0.234923432646808
        ],
        [
            161,
            0.22297911850553667
        ],
        [
            171,
            0.23997172172513828
        ],
        [
            181,
            0.24867513450839027
        ],
        [
            191,
            0.2500739353953015
        ],
        [
            201,
            0.24115279695283579
        ]
    ],
    "train_loss": [
        [
            0,
            0.16233680973067952
        ],
        [
            1,
            0.14059417568030452
        ],
        [
            2,
            0.12741512151058496
        ],
        [
            3,
            0.13076779424420767
        ],
        [
            4,
            0.1270067268145996
        ],
        [
            5,
            0.1319177359720811
        ],
        [
            6,
            0.13473714112930477
        ],
        [
            7,
            0.12401673495061934
        ],
        [
            8,
            0.1261682564051891
        ],
        [
            9,
            0.12228024431393181
        ],
        [
            10,
            0.12647089963548894
        ],
        [
            11,
            0.15561759055679883
        ],
        [
            12,
            0.136834799531718
        ],
        [
            13,
            0.13883229024515978
        ],
        [
            14,
            0.13526841944244028
        ],
        [
            15,
            0.13554332092547733
        ],
        [
            16,
            0.1318151080650405
        ],
        [
            17,
            0.1321465132062385
        ],
        [
            18,
            0.12483398539591273
        ],
        [
            19,
            0.13043833661559245
        ],
        [
            20,
            0.1292217562977791
        ],
        [
            21,
            0.1410681313828164
        ],
        [
            22,
            0.12896461005713558
        ],
        [
            23,
            0.12635464918474348
        ],
        [
            24,
            0.12531533532208988
        ],
        [
            25,
            0.12825664397032377
        ],
        [
            26,
            0.12724625707829973
        ],
        [
            27,
            0.12983721128772482
        ],
        [
            28,
            0.12849727372018813
        ],
        [
            29,
            0.1241226442716391
        ],
        [
            30,
            0.12711554760515073
        ],
        [
            31,
            0.13483258498767317
        ],
        [
            32,
            0.12424707190242723
        ],
        [
            33,
            0.11840779096834302
        ],
        [
            34,
            0.11746521015441257
        ],
        [
            35,
            0.12047778377537526
        ],
        [
            36,
            0.11570724328763826
        ],
        [
            37,
            0.11681297365851502
        ],
        [
            38,
            0.11837244861159153
        ],
        [
            39,
            0.12164712667405116
        ],
        [
            40,
            0.1159098495665782
        ],
        [
            41,
            0.12738790239125541
        ],
        [
            42,
            0.11638892497067105
        ],
        [
            43,
            0.11506604020011997
        ],
        [
            44,
            0.11276414922545637
        ],
        [
            45,
            0.11867797781178481
        ],
        [
            46,
            0.11320147915674468
        ],
        [
            47,
            0.11714730591406564
        ],
        [
            48,
            0.11576674105231151
        ],
        [
            49,
            0.11164014164916795
        ],
        [
            50,
            0.11011343503692135
        ],
        [
            51,
            0.12798379338367913
        ],
        [
            52,
            0.11231628164118823
        ],
        [
            53,
            0.10671026433855457
        ],
        [
            54,
            0.112068383272054
        ],
        [
            55,
            0.11659750723527511
        ],
        [
            56,
            0.10812871963597186
        ],
        [
            57,
            0.11293665636498708
        ],
        [
            58,
            0.11344739567479235
        ],
        [
            59,
            0.11236513660962445
        ],
        [
            60,
            0.10809212015871013
        ],
        [
            61,
            0.11970486052830676
        ],
        [
            62,
            0.10757294107814556
        ],
        [
            63,
            0.10493222953828689
        ],
        [
            64,
            0.10434871059664667
        ],
        [
            65,
            0.10144771014840132
        ],
        [
            66,
            0.09650636341992673
        ],
        [
            67,
            0.10721749908849763
        ],
        [
            68,
            0.10653551239793123
        ],
        [
            69,
            0.10638525348763639
        ],
        [
            70,
            0.10834498463538572
        ],
        [
            71,
            0.1184712052408138
        ],
        [
            72,
            0.1016792128135811
        ],
        [
            73,
            0.09762238651840383
        ],
        [
            74,
            0.10558765770883875
        ],
        [
            75,
