{
    "test_acc": [
        [
            0,
            0.375
        ],
        [
            1,
            0.125
        ]
    ],
    "test_loss": [
        [
            0,
            0.6798586415797864
        ],
        [
            1,
            0.3401063968629363
        ]
    ],
    "train_loss": [
        [
            0,
            0.16233680973067952
        ]
    ],
    "epochs_completed": 0
}