{
    "test_acc": [
        [
            0,
            0.25
        ],
        [
            1,
            0.5
        ]
    ],
    "test_loss": [
        [
            0,
            1.0398832366403417
        ],
        [
            1,
            0.3995975880658016
        ]
    ],
    "train_loss": [
        [
            0,
            0.07766098863912908
        ],
        [
            0,
            0.15017207254988918
        ],
        [
            0,
            0.039455985082982314
        ],
        [
            0,
            0.02356382275735151
        ],
        [
            0,
            0.2410926298421622
        ],
        [
            0,
            0.17507534211502485
        ],
        [
            0,
            0.22461555576234674
        ],
        [
            0,
            0.13955418094795036
        ],
        [
            0,
            0.5958154863078435
        ],
        [
            0,
            0.1467030861282383
        ],
        [
            0,
            0.10160157837640789
        ],
        [
            0,
            0.4073378365055798
        ],
        [
            0,
            0.06141224062034626
        ],
        [
            0,
            0.3176739026978002
        ],
        [
            0,
            0.13402933924231406
        ],
        [
            0,
            0.07979644003591584
        ],
        [
            0,
            0.08868559558718303
        ],
        [
            0,
            0.15478016362923253
        ],
        [
            0,
            0.08999950481202308
        ],
        [
            0,
            0.04595110953751972
        ],
        [
            0,
            0.11203954144150052
        ],
        [
            0,
            0.08548447998919222
        ],
        [
            0,
            0.07885155893720963
        ],
        [
            0,
            0.1998112841310817
        ]
    ],
    "epochs_completed": 0
}