{
    "test_acc": [
        [
            0,
            0.25
        ],
        [
            1,
            0.375
        ],
        [
            11,
            0.375
        ],
        [
            21,
            0.375
        ],
        [
            31,
            0.375
        ],
        [
            41,
            0.375
        ],
        [
            51,
            0.25
        ],
        [
            61,
            0.5
        ]
    ],
    "test_loss": [
        [
            0,
            5.77538218390978
        ],
        [
            1,
            66.58490799158116
        ],
        [
            11,
            1238.216464277442
        ],
        [
            21,
            2421.315179558264
        ],
        [
            31,
            3678.84702566207
        ],
        [
            41,
            4754.34020283475
        ],
        [
            51,
            4916.845751665997
        ],
        [
            61,
            5028.123939591611
        ]
    ],
    "train_loss": [
        [
            0,
            48.32563357195455
        ],
        [
            1,
            75.92279464438217
        ],
        [
            2,
            111.95620319922334
        ],
        [
            3,
            155.65525483988233
        ],
        [
            4,
            229.19408605767043
        ],
        [
            5,
            286.20697057294484
        ],
        [
            6,
            380.2985280413557
        ],
        [
            7,
            523.2961728393283
        ],
        [
            8,
            682.3002213581608
        ],
        [
            9,
            714.0941526329458
        ],
        [
            10,
            984.3234050779362
        ],
        [
            11,
            1109.2125742071569
        ],
        [
            12,
            1324.2154332814978
        ],
        [
            13,
            1366.316194603872
        ],
        [
            14,
            1622.1592023149121
        ],
        [
            15,
            1637.4769799478927
        ],
        [
            16,
            1721.746880380777
        ],
        [
            17,
            1789.8595863349522
        ],
        [
            18,
            1868.318355417973
        ],
        [
            19,
            1916.0917749132561
        ],
        [
            20,
            2296.932064344033
        ],
        [
            21,
            2391.001337808711
        ],
        [
            22,
            2491.3213249266937
        ],
        [
            23,
            2736.731909366195
        ],
        [
            24,
            2808.582446701877
        ],
        [
            25,
            2945.001075337497
        ],
        [
            26,
            3179.1572739463386
        ],
        [
            27,
            2748.466496049519
        ],
        [
            28,
            3187.3334252107156
        ],
        [
            29,
            3257.11601734931
        ],
        [
            30,
            3092.728475822296
        ],
        [
            31,
            3942.168292151535
        ],
        [
            32,
            4138.0228330306045
        ],
        [
            33,
            3766.7955212072097
        ],
        [
            34,
            3833.7755935904897
        ],
        [
            35,
            4022.11372581162
        ],
        [
            36,
            4576.873819978721
        ],
        [
            37,
            5128.269048534068
        ],
        [
            38,
            4900.740346743244
        ],
        [
            39,
            4806.457315178383
        ],
        [
            40,
            4777.337660071267
        ],
        [
            41,
            4896.147621199426
        ],
        [
            42,
            4390.901300574838
        ],
        [
            43,
            5108.918954640142
        ],
        [
            44,
            4846.325494910078
        ],
        [
            45,
            4769.1953172888525
        ],
        [
            46,
            4445.171405653252
        ],
        [
            47,
            4718.345062666886
        ],
        [
            48,
            5196.362560330826
        ],
        [
            49,
            5959.275657522679
        ],
        [
            50,
            4893.834313665278
        ],
        [
            51,
            4541.74518968426
        ],
        [
            52,
            4897.934559054894
        ],
        [
            53,
            5360.005242058775
        ],
        [
            54,
            5124.381033477305
        ],
        [
            55,
            5519.44371656383
        ],
        [
            56,
            4837.657564313685
        ],
        [
            57,
            5436.5015273612635
        ],
        [
            58,
            5990.20744820049
        ],
        [
            59,
            5213.134199399376
        ],
        [
            60,
            5627.122778141224
        ]
    ],