{
    "test_acc": [
        [
            0,
            0.375
        ],
        [
            1,
            0.5
        ]
    ],
    "test_loss": [
        [
            0,
            1.9686735802002922
        ],
        [
            1,
            0.26036692674381773
        ]
    ],
    "train_loss": [
        [
            0,
            0.28142482802846347
        ]
    ],
    "apical_error": [],
    "intn_error": [],
    "ff_error": [],
    "fb_error": [],
    "epochs_completed": 0
}