{
    "test_acc": [
        [
            0,
            0.25
        ],
        [
            1,
            0.375
        ]
    ],
    "test_loss": [
        [
            0,
            0.46826068565769974
        ],
        [
            1,
            0.30616680893240483
        ]
    ],
    "train_loss": [
        [
            0,
            0.20189102459825894
        ],
        [
            0,
            0.218991282968057
        ],
        [
            0,
            0.20030538980423943
        ],
        [
            0,
            0.11608611226579828
        ],
        [
            0,
            0.21236785005730288
        ],
        [
            0,
            0.3535395463634139
        ],
        [
            0,
            0.1614752020646795
        ],
        [
            0,
            0.21444132700680105
        ],
        [
            0,
            0.19273413725755803
        ],
        [
            0,
            0.19930889083166256
        ],
        [
            0,
            0.20534590024393382
        ],
        [
            0,
            0.19449772934784648
        ],
        [
            0,
            0.19943451811849291
        ],
        [
            0,
            0.2021086346872681
        ],
        [
            0,
            0.19642587779308293
        ],
        [
            0,
            0.19624938134438374
        ],
        [
            0,
            0.19977988794566728
        ],
        [
            0,
            0.1868491891703725
        ],
        [
            0,
            0.2012313256058105
        ],
        [
            0,
            0.19994604786888612
        ],
        [
            0,
            0.2537528186131549
        ],
        [
            0,
            0.22227853625255242
        ],
        [
            0,
            0.25408303768824575
        ],
        [
            0,
            0.22043409628586155
        ]
    ],
    "epochs_completed": 0
}