{"30": {"NEST spiking": 9.184056282043457, "NEST rate": 6.1560704708099365, "NumPy": 10.665791273117065}, "100": {"NEST spiking": 6.8234570026397705, "NEST rate": 10.46731424331665, "NumPy": 11.650453805923462}, "200": {"NEST spiking": 8.983148336410522, "NEST rate": 14.425447940826416, "NumPy": 13.049548625946045}}