{"n_hidden": ["30", "100", "250"], "target_dir": "/home/johannes/nest-simulator/pyramidal_microcircuit/data/benchmark_full.json", "threads": 8, "n_samples": 50, "t_pres": 100, "times": {"30": {"NEST spiking": 15.5097336769104, "NEST rate": 18.025529623031616, "NumPy": 142.16014456748962}, "100": {"NEST spiking": 21.214340686798096, "NEST rate": 29.104824781417847, "NumPy": 151.77864003181458}, "250": {"NEST spiking": 29.62024736404419, "NEST rate": 49.390249729156494, "NumPy": 173.79254269599915}}}