{"30": {"NEST spiking": 3.4967665672302246, "NEST rate": 1.089562177658081, "NumPy": 8.569914817810059}, "100": {"NEST spiking": 7.8897035121917725, "NEST rate": 1.7023725509643555, "NumPy": 8.981478452682495}, "200": {"NEST spiking": 14.233438491821289, "NEST rate": 2.509472370147705, "NumPy": 9.874905347824097}}