{"10": {"NEST spiking": 2.131338596343994, "NEST rate": 0.8859870433807373, "NumPy": 8.507944345474243}, "30": {"NEST spiking": 3.4544944763183594, "NEST rate": 1.1395776271820068, "NumPy": 8.611999988555908}, "200": {"NEST spiking": 23.820279598236084, "NEST rate": 2.510326623916626, "NumPy": 10.010639429092407}}