{"30": {"NEST spiking": 106.2905216217041, "NEST rate": 104.08887648582458, "NumPy": 147.84407258033752}, "100": {"NEST spiking": 26.196646690368652, "NEST rate": 28.312578678131104, "NumPy": 152.1818220615387}, "200": {"NEST spiking": 36.03849124908447, "NEST rate": 41.14347052574158, "NumPy": 165.95158696174622}}