{
    "test_acc": [
        [
            0,
            0.25
        ],
        [
            1,
            0.25
        ]
    ],
    "test_loss": [
        [
            0,
            0.3916019297817801
        ],
        [
            1,
            0.3198185698619651
        ]
    ],
    "train_loss": [
        [
            0,
            0.4369034262859797
        ],
        [
            0,
            0.3804604645220047
        ],
        [
            0,
            0.31343742625295495
        ],
        [
            0,
            0.3391632605991488
        ],
        [
            0,
            0.3635700959739849
        ],
        [
            0,
            0.4283909852458623
        ],
        [
            0,
            0.30862110802665105
        ],
        [
            0,
            0.3028266139560695
        ],
        [
            0,
            0.33947734723162326
        ],
        [
            0,
            0.3144535071325243
        ],
        [
            0,
            0.3685517992630287
        ],
        [
            0,
            0.3005344158965646
        ],
        [
            0,
            0.37640460262102304
        ],
        [
            0,
            0.34183633563875304
        ],
        [
            0,
            0.35877892696180774
        ],
        [
            0,
            0.34560639521893904
        ],
        [
            0,
            0.2829189255080773
        ],
        [
            0,
            0.3368269577331425
        ],
        [
            0,
            0.3020778440028248
        ],
        [
            0,
            0.3281938619393535
        ],
        [
            0,
            0.3052710564943106
        ],
        [
            0,
            0.32198197611653223
        ],
        [
            0,
            0.34265252427900567
        ],
        [
            0,
            0.32664261442105685
        ]
    ],
    "epochs_completed": 0
}