{
    "test_acc": [
        [
            0,
            0.25
        ],
        [
            1,
            0.375
        ],
        [
            11,
            0.25
        ],
        [
            21,
            0.375
        ],
        [
            31,
            0.25
        ],
        [
            41,
            0.5
        ],
        [
            51,
            0.625
        ],
        [
            61,
            0.375
        ],
        [
            71,
            0.375
        ],
        [
            81,
            0.375
        ],
        [
            91,
            0.25
        ],
        [
            101,
            0.375
        ],
        [
            111,
            0.5
        ],
        [
            121,
            0.375
        ],
        [
            131,
            0.25
        ],
        [
            141,
            0.375
        ],
        [
            151,
            0.25
        ],
        [
            161,
            0.25
        ],
        [
            171,
            0.25
        ],
        [
            181,
            0.5
        ],
        [
            191,
            0.25
        ],
        [
            201,
            0.375
        ]
    ],
    "test_loss": [
        [
            0,
            0.3191216911960687
        ],
        [
            1,
            0.3233935006183921
        ],
        [
            11,
            0.3221044742951405
        ],
        [
            21,
            0.32313099039777793
        ],
        [
            31,
            0.3243708284383007
        ],
        [
            41,
            0.3224617113409748
        ],
        [
            51,
            0.3210062791979018
        ],
        [
            61,
            0.32535504090495315
        ],
        [
            71,
            0.32259389206483396
        ],
        [
            81,
            0.32337199316818416
        ],
        [
            91,
            0.3235701272689333
        ],
        [
            101,
            0.32275963616777725
        ],
        [
            111,
            0.3213332435175878
        ],
        [
            121,
            0.32173533267063614
        ],
        [
            131,
            0.3218851802502657
        ],
        [
            141,
            0.3215441663820783
        ],
        [
            151,
            0.32380529209061326
        ],
        [
            161,
            0.32234275872875673
        ],
        [
            171,
            0.3231572253640871
        ],
        [
            181,
            0.32394951960903656
        ],
        [
            191,
            0.323193644396747
        ],
        [
            201,
            0.3221667182946701
        ]
    ],
    "train_loss": [
        [
            0,
            0.3006512228134864
        ],
        [
            1,
            0.3017389526755863
        ],
        [
            2,
            0.29567423195193593
        ],
        [
            3,
            0.2960068327257599
        ],
        [
            4,
            0.2974549790657663
        ],
        [
            5,
            0.29725997512888397
        ],
        [
            6,
            0.29669745653931884
        ],
        [
            7,
            0.2969401121473048
        ],
        [
            8,
            0.297378959811353
        ],
        [
            9,
            0.2947203559985334
        ],
        [
            10,
            0.2966159804859026
        ],
        [
            11,
            0.29845909057656456
        ],
        [
            12,
            0.29602614942473965
        ],
        [
            13,
            0.29633073244990465
        ],
        [
            14,
            0.2971490361940083
        ],
        [
            15,
            0.29577992691922383
        ],
        [
            16,
            0.29566213080153947
        ],
        [
            17,
            0.2971034422039295
        ],
        [
            18,
            0.2967703082015849
        ],
        [
            19,
            0.2958108644812776
        ],
        [
            20,
            0.2945916488830404
        ],
        [
            21,
            0.30135741944879474
        ],
        [
            22,
            0.2970631642335923
        ],
        [
            23,
            0.2959727313493796
        ],
        [
            24,
            0.2959043038357043
        ],
        [
            25,
            0.29665727437058226
        ],
        [
            26,
            0.29613961771301167
        ],
        [
            27,
            0.2969708648299284
        ],
        [
            28,
            0.2953486131589404
        ],
        [
            29,
            0.2958471883794433
        ],
        [
            30,
            0.2966101047294745
        ],
        [
            31,
            0.3001226171413574
        ],
        [
            32,
            0.29629378688658303
        ],
        [
            33,
            0.29625452889258147
        ],
        [
            34,
            0.29459390731546375
        ],
        [
            35,
            0.2962495029628338
        ],
        [
            36,
            0.29561713216541
        ],
        [
            37,
            0.29501060214624747
        ],
        [
            38,
            0.2968992020117365
        ],
        [
            39,
            0.2970191342643462
        ],
        [
            40,
            0.2963971877332228
        ],
        [
            41,
            0.3002026293705743
        ],
        [
            42,
            0.2963367434008788
        ],
        [
            43,
            0.2969340326564091
        ],
        [
            44,
            0.2965420747535811
        ],
        [
            45,
            0.2957801852609855
        ],
        [
            46,
            0.2964985486105714
        ],
        [
            47,
            0.29629141743226395
        ],
        [
            48,
            0.29696245958994166
        ],
        [
            49,
            0.2952111904518382
        ],
        [
            50,
            0.29608885107742383
        ],
        [
            51,
            0.2995017779666984
        ],
        [
            52,
            0.29549510944562285
        ],
        [
            53,
            0.2966197630550608
        ],
        [
            54,
            0.2947069813625056
        ],
        [
            55,
            0.29502126816557106
        ],
        [
            56,
            0.29551299132314407
        ],
        [
            57,
            0.2968145870371472
        ],
        [
            58,
            0.29634053650281866
        ],
        [
            59,
            0.29468412794604926
        ],
        [
            60,
            0.2969299795770441
        ],
        [
            61,
            0.29833869249670597
        ],
        [
            62,
            0.2950234724803597
        ],
        [
            63,
            0.2951607752562421
        ],
        [
            64,
            0.29591050042913275
        ],
        [
            65,
            0.2956565619579097
        ],
        [
            66,
            0.29605681718178695
        ],
        [
            67,
            0.2952467306024897
        ],
        [
            68,
            0.29585621887347585
        ],
        [
            69,
            0.29703566527976466
        ],
        [
            70,
            0.29618550192188886
        ],
        [
            71,
            0.2996981366679124
        ],
        [
            72,
            0.2962746349950392
        ],
        [
            73,
            0.2961083945058398
        ],
        [
            74,
            0.2953317613595574
        ],
        [
            75,
            0.2969418939936619
        ],
        [
            76,
