{
    "test_acc": [
        [
            0,
            0.25
        ],
        [
            1,
            0.375
        ]
    ],
    "test_loss": [
        [
            0,
            0.3191216911960687
        ],
        [
            1,
            0.3233935006183921
        ]
    ],
    "train_loss": [
        [
            0,
            0.3006512228134864
        ]
    ],
    "epochs_completed": 0
}