{
    "test_acc": [
        [
            0,
            0.375
        ],
        [
            1,
            0.375
        ]
    ],
    "test_loss": [
        [
            0,
            0.3329530018648766
        ],
        [
            1,
            0.33258280648268823
        ]
    ],
    "train_loss": [
        [
            0,
            0.32502962121735873
        ]
    ],
    "epochs_completed": 0
}