{
    "test_acc": [
        [
            0,
            0.375
        ],
        [
            1,
            0.375
        ],
        [
            11,
            0.5
        ],
        [
            21,
            0.375
        ],
        [
            31,
            0.375
        ],
        [
            41,
            0.375
        ],
        [
            51,
            0.75
        ],
        [
            61,
            0.25
        ],
        [
            71,
            0.25
        ],
        [
            81,
            0.125
        ],
        [
            91,
            0.375
        ],
        [
            101,
            0.25
        ],
        [
            111,
            0.25
        ],
        [
            121,
            0.375
        ],
        [
            131,
            0.125
        ],
        [
            141,
            0.25
        ],
        [
            151,
            0.25
        ],
        [
            161,
            0.625
        ],
        [
            171,
            0.375
        ],
        [
            181,
            0.375
        ],
        [
            191,
            0.5
        ],
        [
            201,
            0.75
        ]
    ],
    "test_loss": [
        [
            0,
            0.3329530018648766
        ],
        [
            1,
            0.33258280648268823
        ],
        [
            11,
            0.33252517171020013
        ],
        [
            21,
            0.33252219850843157
        ],
        [
            31,
            0.33259713144895947
        ],
        [
            41,
            0.3325277841239819
        ],
        [
            51,
            0.3324392227270812
        ],
        [
            61,
            0.3325270293528585
        ],
        [
            71,
            0.33246810218115425
        ],
        [
            81,
            0.332713668690368
        ],
        [
            91,
            0.3325242118398033
        ],
        [
            101,
            0.3325840474010312
        ],
        [
            111,
            0.33266168980286015
        ],
        [
            121,
            0.3325774221782815
        ],
        [
            131,
            0.33259649769181676
        ],
        [
            141,
            0.3325132329850583
        ],
        [
            151,
            0.33252355493766245
        ],
        [
            161,
            0.33242182726872793
        ],
        [
            171,
            0.33254071903265503
        ],
        [
            181,
            0.3324820725196539
        ],
        [
            191,
            0.3324691165882021
        ],
        [
            201,
            0.3325049629294281
        ]
    ],
    "train_loss": [
        [
            0,
            0.32502962121735873
        ],
        [
            1,
            0.32462643511708705
        ],
        [
            2,
            0.32464149082587374
        ],
        [
            3,
            0.324626306951121
        ],
        [
            4,
            0.32457612022351373
        ],
        [
            5,
            0.32469816962703185
        ],
        [
            6,
            0.32470166874169976
        ],
        [
            7,
            0.32470298734717545
        ],
        [
            8,
            0.3246191937089746
        ],
        [
            9,
            0.3247142470773177
        ],
        [
            10,
            0.3246473874616745
        ],
        [
            11,
            0.32490414615392693
        ],
        [
            12,
            0.3247274786861443
        ],
        [
            13,
            0.32468154328693855
        ],
        [
            14,
            0.32472907916038857
        ],
        [
            15,
            0.32466463076670077
        ],
        [
            16,
            0.324668848308769
        ],
        [
            17,
            0.3246220526690098
        ],
        [
            18,
            0.3246406156222933
        ],
        [
            19,
            0.32464779552032696
        ],
        [
            20,
            0.3246628085748977
        ],
        [
            21,
            0.3249642172928647
        ],
        [
            22,
            0.3246436294520631
        ],
        [
            23,
            0.32466202141458006
        ],
        [
            24,
            0.32469251499659846
        ],
        [
            25,
            0.32465458759899746
        ],
        [
            26,
            0.32465363158442684
        ],
        [
            27,
            0.3246795328511385
        ],
        [
            28,
            0.324657734625626
        ],
        [
            29,
            0.32471874562390524
        ],
        [
            30,
            0.32473941047886173
        ],
        [
            31,
            0.3248738238253915
        ],
        [
            32,
            0.32470411482043293
        ],
        [
            33,
            0.32467453612000313
        ],
        [
            34,
            0.3247340708033389
        ],
        [
            35,
            0.3246064644898577
        ],
        [
            36,
            0.32472577606200576
        ],
        [
            37,
            0.3246876269124974
        ],
        [
            38,
            0.3246904808250444
        ],
        [
            39,
            0.3246726007746505
        ],
        [
            40,
            0.3246868186219169
        ],
        [
            41,
            0.3249256842776212
        ],
        [
            42,
            0.3246895805666486
        ],
        [
            43,
            0.32468781281425224
        ],
        [
            44,
            0.32465027271164026
        ],
        [
            45,
            0.3246860231363524
        ],
        [
            46,
            0.32465378540855644
        ],
        [
            47,
            0.32466015167663553
        ],
        [
            48,
            0.32467503963666705
        ],
        [
            49,
            0.32472058247348135
        ],
        [
            50,
            0.3246697836193036
        ],
        [
            51,
            0.3249009410201125
        ],
        [
            52,
            0.3246955668587112
        ],
        [
            53,
            0.3246011791397856
        ],
        [
            54,
            0.32463133196187016
        ],
        [
            55,
            0.32465808287701664
        ],
        [
            56,
            0.3246738087404381
        ],
        [
            57,
            0.32469269892730945
        ],
        [
            58,
            0.32466753404800136
        ],
        [
            59,
            0.3247676185391912
        ],
        [
            60,
            0.32466504379316874
        ],
        [
            61,
            0.32492181600926157
        ],
        [
            62,
            0.3247502144164272
        ],
        [
            63,
            0.3246769905409875
        ],
        [
            64,
            0.3246565302111155
        ],
        [
            65,
            0.3246726246356182
        ],
        [
            66,
            0.3246853381229737
        ],
        [
            67,
            0.3245907378422134
        ],
        [
            68,
            0.32465862965372344
        ],
        [
            69,
            0.3246315463442056
        ],
        [
            70,
            0.324695237113431
        ],
        [
            71,
            0.3249850828862155
        ],
        [
            72,
            0.3246932085862396
        ],
        [
            73,
            0.32468882866882076
        ],
        [
            74,
            0.3247660938501514
        ],
        [
            75,
            0.324692209475191
        ],
        [
