{
    "test_acc": [
        [
            0,
            0.0
        ]
    ],
    "test_loss": [
        [
            0,
            0.13054800287234844
        ]
    ],
    "train_loss": [
        [
            0,
            0.20371709750475628
        ],
        [
            1,
            0.22624350716626687
        ],
        [
            2,
            0.21973996473696228
        ],
        [
            3,
            0.21462671003329778
        ],
        [
            4,
            0.22384198741236583
        ]
    ],
    "apical_error": [
        [
            0,
            0.04910901179025078
        ],
        [
            1,
            0.04480233290918331
        ],
        [
            2,
            0.017720993393417577
        ],
        [
            3,
            0.030472426309482253
        ],
        [
            4,
            0.03006294002069918
        ]
    ],
    "intn_error": [
        [
            0,
            0.001335250842445421
        ],
        [
            1,
            0.0016613876119607116
        ],
        [
            2,
            0.0006192966336202476
        ],
        [
            3,
            0.00013848897610731735
        ],
        [
            4,
            0.0004661914883456594
        ]
    ],
    "ff_error": [],
    "fb_error": [],
    "epochs_completed": 5
}