{
    "test_acc": [
        [
            0,
            0.5
        ],
        [
            1,
            0.125
        ],
        [
            11,
            0.375
        ],
        [
            21,
            0.5
        ],
        [
            31,
            0.0
        ],
        [
            41,
            0.25
        ],
        [
            51,
            0.5
        ],
        [
            61,
            0.375
        ],
        [
            71,
            0.5
        ],
        [
            81,
            0.5
        ],
        [
            91,
            0.125
        ],
        [
            101,
            0.25
        ],
        [
            111,
            0.375
        ],
        [
            121,
            0.5
        ],
        [
            131,
            0.125
        ],
        [
            141,
            0.375
        ],
        [
            151,
            0.25
        ],
        [
            161,
            0.125
        ],
        [
            171,
            0.375
        ],
        [
            181,
            0.375
        ],
        [
            191,
            0.5
        ],
        [
            201,
            0.25
        ]
    ],
    "test_loss": [
        [
            0,
            0.3500212298016594
        ],
        [
            1,
            0.3309042106876375
        ],
        [
            11,
            0.3339511149737092
        ],
        [
            21,
            0.33382429084575493
        ],
        [
            31,
            0.33454909085290474
        ],
        [
            41,
            0.3331444438336072
        ],
        [
            51,
            0.33278288459674893
        ],
        [
            61,
            0.3323642175333367
        ],
        [
            71,
            0.3336501328252248
        ],
        [
            81,
            0.331689938749046
        ],
        [
            91,
            0.3343109358486058
        ],
        [
            101,
            0.3335168401807128
        ],
        [
            111,
            0.3328523872529422
        ],
        [
            121,
            0.3327993216830314
        ],
        [
            131,
            0.33341005876241714
        ],
        [
            141,
            0.3329604892545942
        ],
        [
            151,
            0.3329913330832439
        ],
        [
            161,
            0.332980451433861
        ],
        [
            171,
            0.3328271052826584
        ],
        [
            181,
            0.33252067156874343
        ],
        [
            191,
            0.33194044886236185
        ],
        [
            201,
            0.33401768561959927
        ]
    ],
    "train_loss": [
        [
            0,
            0.3049264902132792
        ],
        [
            1,
            0.30393879311634
        ],
        [
            2,
            0.30613491243063673
        ],
        [
            3,
            0.3058176111274273
        ],
        [
            4,
            0.30640782564174357
        ],
        [
            5,
            0.30624789367950606
        ],
        [
            6,
            0.3063936962652791
        ],
        [
            7,
            0.3060263799060739
        ],
        [
            8,
            0.30648197922825743
        ],
        [
            9,
            0.305201204410614
        ],
        [
            10,
            0.3053151132787975
        ],
        [
            11,
            0.3065676644926337
        ],
        [
            12,
            0.30509193897967807
        ],
        [
            13,
            0.30468788760536175
        ],
        [
            14,
            0.30516353582903316
        ],
        [
            15,
            0.3066742927399037
        ],
        [
            16,
            0.30604832513860325
        ],
        [
            17,
            0.3047354902628243
        ],
        [
            18,
            0.3051622103250507
        ],
        [
            19,
            0.30591763003115185
        ],
        [
            20,
            0.30514204881633994
        ],
        [
            21,
            0.3049513912158145
        ],
        [
            22,
            0.30594389925163473
        ],
        [
            23,
            0.30509181563985627
        ],
        [
            24,
            0.3053578023336901
        ],
        [
            25,
            0.3054764065494216
        ],
        [
            26,
            0.304836232939226
        ],
        [
            27,
            0.3049690708735338
        ],
        [
            28,
            0.3057614572036199
        ],
        [
            29,
            0.30574045609262124
        ],
        [
            30,
            0.3061105935220157
        ],
        [
            31,
            0.30661354445540384
        ],
        [
            32,
            0.30476131848250626
        ],
        [
            33,
            0.30566246857226154
        ],
        [
            34,
            0.3049671572612613
        ],
        [
            35,
            0.3052586794823415
        ],
        [
            36,
            0.3063649324900471
        ],
        [
            37,
            0.306159118411064
        ],
        [
            38,
            0.305532565115868
        ],
        [
            39,
            0.3051303653114071
        ],
        [
            40,
            0.30561638977111794
        ],
        [
            41,
            0.30523393472556526
        ],
        [
            42,
            0.30544982774205276
        ],
        [
            43,
            0.3053943323622104
        ],
        [
            44,
            0.3049479198379323
        ],
        [
            45,
            0.3041625445166566
        ],
        [
            46,
            0.30519682456187686
        ],
        [
            47,
            0.3056031749438064
        ],
        [
            48,
            0.30566983944022946
        ],
        [
            49,
            0.3051218437095933
        ],
        [
            50,
            0.305423359798916
        ],
        [
            51,
            0.3045983851462659
        ],
        [
            52,
            0.30400203225832323
        ],
        [
            53,
            0.3057711480569673
        ],
        [
            54,
            0.304960169647809
        ],
        [
            55,
            0.30577432833024576
        ],
        [
            56,
            0.30537852815420297
        ],
        [
            57,
            0.3052588385676909
        ],
        [
            58,
            0.3059788440224766
        ],
        [
            59,
            0.3046834657316841
        ],
        [
            60,
            0.3055801362599262
        ],
        [
            61,
            0.304992462467935
        ],
        [
            62,
            0.3041731370643859
        ],
        [
            63,
            0.30522424355939287
        ],
        [
            64,
            0.3058511004302788
        ],
        [
            65,
            0.3058543646673297
        ],
        [
            66,
            0.3053173206490238
        ],
        [
            67,
            0.30573492596569
        ],
        [
            68,
            0.30564477341337215
        ],
        [
            69,
            0.3051134051403474
        ],
        [
            70,
            0.30564154836360397
        ],
        [
            71,
            0.30493491003292633
        ],
        [
            72,
            0.30576139911001127
        ],
        [
            73,
            0.30564279082853313
        ],
        [
            74,
            0.30594253012637435
        ],
        [
            75,
            0.30504857206035835
        ],
        [
            76,
