{
    "test_acc": [
        [
            0,
            0.5
        ],
        [
            1,
            0.125
        ]
    ],
    "test_loss": [
        [
            0,
            0.3500212298016594
        ],
        [
            1,
            0.3309042106876375
        ]
    ],
    "train_loss": [
        [
            0,
            0.3049264902132792
        ]
    ],
    "epochs_completed": 0
}