{
    "test_acc": [
        [
            0,
            0.375
        ],
        [
            1,
            0.375
        ]
    ],
    "test_loss": [
        [
            0,
            0.6637391511036476
        ],
        [
            1,
            0.49921958170538194
        ]
    ],
    "train_loss": [
        [
            0,
            0.561770325868277
        ]
    ],
    "apical_error": [],
    "intn_error": [],
    "ff_error": [],
    "fb_error": [],
    "epochs_completed": 0
}