{
    "test_acc": [
        [
            0,
            0.25
        ],
        [
            1,
            0.25
        ]
    ],
    "test_loss": [
        [
            0,
            1.1568958880254823
        ],
        [
            1,
            0.38850843709845473
        ]
    ],
    "train_loss": [
        [
            0,
            0.45597298568358074
        ]
    ],
    "epochs_completed": 0
}