{
    "test_acc": [
        [
            0,
            0.0
        ]
    ],
    "test_loss": [
        [
            0,
            0.38860209091647413
        ]
    ],
    "train_loss": [
        [
            0,
            0.6486480130334302
        ],
        [
            1,
            0.6161388724653146
        ],
        [
            2,
            0.6255372171074685
        ],
        [
            3,
            0.6047507823084832
        ],
        [
            4,
            0.612618823879135
        ],
        [
            5,
            0.5949692084556274
        ],
        [
            6,
            0.5991075408387976
        ],
        [
            7,
            0.61663557898936
        ],
        [
            8,
            0.6260256338159201
        ],
        [
            9,
            0.5948630576086658
        ],
        [
            10,
            0.611739716680328
        ],
        [
            11,
            0.6045215519897045
        ],
        [
            12,
            0.6642481764978465
        ],
        [
            13,
            0.6499788506753139
        ],
        [
            14,
            0.6431647950510861
        ],
        [
            15,
            0.5987864695637586
        ],
        [
            16,
            0.6758975425980838
        ],
        [
            17,
            0.6427137352907935
        ],
        [
            18,
            0.535935270759373
        ],
        [
            19,
            0.5905462176871081
        ],
        [
            20,
            0.5997870656807889
        ],
        [
            21,
            0.5921324274949273
        ],
        [
            22,
            0.6271637378689245
        ],
        [
            23,
            0.5658949098948656
        ],
        [
            24,
            0.6337235493132474
        ],
        [
            25,
            0.5836665658689152
        ],
        [
            26,
            0.6488470965257711
        ],
        [
            27,
            0.6306494011691176
        ],
        [
            28,
            0.5978438857610141
        ],
        [
            29,
            0.5628338007398166
        ],
        [
            30,
            0.5691886012708537
        ],
        [
            31,
            0.5791606940217239
        ],
        [
            32,
            0.6302896847269455
        ],
        [
            33,
            0.6166395964957083
        ],
        [
            34,
            0.5647398729529394
        ],
        [
            35,
            0.6280541401854457
        ],
        [
            36,
            0.564171672322401
        ],
        [
            37,
            0.6404061742458855
        ],
        [
            38,
            0.5766730774095541
        ],
        [
            39,
            0.5841257682845138
        ],
        [
            40,
            0.5357988753279754
        ],
        [
            41,
            0.570789383239602
        ],
        [
            42,
            0.615368832925402
        ],
        [
            43,
            0.6088616412350191
        ],
        [
            44,
            0.6001748925165178
        ],
        [
            45,
            0.6166695731522893
        ]
    ],
    "apical_error": [
        [
            0,
            0.11859390938937164
        ],
        [
            1,
            0.1344487208288147
        ],
        [
            2,
            0.12394992437415132
        ],
        [
            3,
            0.13553696152379568
        ],
        [
            4,
            0.11913807283275885
        ],
        [
            5,
            0.11453048339816337
        ],
        [
            6,
            0.13040229366178718
        ],
        [
            7,
            0.12029329699245102
        ],
        [
            8,
            0.11181250545341231
        ],
        [
            9,
            0.13072953750476124
        ],
        [
            10,
            0.11850128479482189
        ],
        [
            11,
            0.11618347531477269
        ],
        [
            12,
            0.1247972131174262
        ],
        [
            13,
            0.11810633372085694
        ],
        [
            14,
            0.11812982950026446
        ],
        [
            15,
            0.13286671701037794
        ],
        [
            16,
            0.12466894791893737
        ],
        [
            17,
            0.11653577437254897
        ],
        [
            18,
            0.11044227838768815
        ],
        [
            19,
            0.1328755131133254
        ],
        [
            20,
            0.1258349532954584
        ],
        [
            21,
            0.11309600084977237
        ],
        [
            22,
            0.12690354425725786
        ],
        [
            23,
            0.12456726631021205
        ],
        [
            24,
            0.1310885303323753
        ],
        [
            25,
            0.11631909905803083
        ],
        [
            26,
            0.12246093454572213
        ],
        [
            27,
            0.12958943303750436
        ],
        [
            28,
            0.12149290271593917
        ],
        [
            29,
            0.10884968885776973
        ],
        [
            30,
            0.1287803889008434
        ],
        [
            31,
            0.12071898665299394
        ],
        [
            32,
            0.12782088973718264
        ],
        [
            33,
            0.1150135989381321
        ],
        [
            34,
            0.1168179405304277
        ],
        [
            35,
            0.1294408806121041
        ],
        [
            36,
            0.12071940334695774
        ],
        [
            37,
            0.12263017086583065
        ],
        [
            38,
            0.1183976002541812
        ],
        [
            39,
            0.11780078908080253
        ],
        [
            40,
            0.12045847865752142
        ],
        [
            41,
            0.1252606967746382
        ],
        [
            42,
            0.12147739345551273
        ],
        [
            43,
            0.11186260577993244
        ],
        [
            44,
            0.1295949424171265
        ],
        [
            45,
            0.117350325987979
        ]
    ],