{
    "test_acc": [
        [
            0,
            0.375
        ],
        [
            1,
            0.375
        ],
        [
            11,
            0.375
        ],
        [
            21,
            0.25
        ],
        [
            31,
            0.25
        ],
        [
            41,
            0.375
        ],
        [
            51,
            0.25
        ],
        [
            61,
            0.375
        ],
        [
            71,
            0.375
        ],
        [
            81,
            0.375
        ],
        [
            91,
            0.25
        ],
        [
            101,
            0.375
        ],
        [
            111,
            0.25
        ],
        [
            121,
            0.25
        ],
        [
            131,
            0.375
        ],
        [
            141,
            0.375
        ],
        [
            151,
            0.375
        ],
        [
            161,
            0.375
        ],
        [
            171,
            0.375
        ],
        [
            181,
            0.375
        ],
        [
            191,
            0.375
        ],
        [
            201,
            0.25
        ]
    ],
    "test_loss": [
        [
            0,
            0.32312184147358425
        ],
        [
            1,
            0.329914955007719
        ],
        [
            11,
            0.3314989799673168
        ],
        [
            21,
            0.33156314974191226
        ],
        [
            31,
            0.33155713598506953
        ],
        [
            41,
            0.3313911365644705
        ],
        [
            51,
            0.331483288626773
        ],
        [
            61,
            0.33155391731120587
        ],
        [
            71,
            0.3314475326536658
        ],
        [
            81,
            0.3312322098929721
        ],
        [
            91,
            0.33178068057452625
        ],
        [
            101,
            0.33133672191261215
        ],
        [
            111,
            0.3316460939863502
        ],
        [
            121,
            0.33162188565616246
        ],
        [
            131,
            0.3312087327143872
        ],
        [
            141,
            0.33142742445815343
        ],
        [
            151,
            0.331059491774836
        ],
        [
            161,
            0.3311610855000744
        ],
        [
            171,
            0.3312695769991635
        ],
        [
            181,
            0.3314278032582671
        ],
        [
            191,
            0.33123054807473773
        ],
        [
            201,
            0.3314300527376564
        ]
    ],
    "train_loss": [
        [
            0,
            0.3263715200507798
        ],
        [
            1,
            0.3240654764807741
        ],
        [
            2,
            0.3234255121055643
        ],
        [
            3,
            0.3236344628342777
        ],
        [
            4,
            0.3244524669622179
        ],
        [
            5,
            0.3241438410025964
        ],
        [
            6,
            0.3238242491898086
        ],
        [
            7,
            0.32395316613315245
        ],
        [
            8,
            0.32381196479590524
        ],
        [
            9,
            0.3237075609794465
        ],
        [
            10,
            0.323876929338496
        ],
        [
            11,
            0.3242264450830326
        ],
        [
            12,
            0.3240306650071994
        ],
        [
            13,
            0.3230709622603934
        ],
        [
            14,
            0.32392826687219944
        ],
        [
            15,
            0.32401921430906144
        ],
        [
            16,
            0.3238150278926991
        ],
        [
            17,
            0.32371909699680773
        ],
        [
            18,
            0.3237931949314445
        ],
        [
            19,
            0.3240949798143158
        ],
        [
            20,
            0.3239978003449857
        ],
        [
            21,
            0.3240649167213654
        ],
        [
            22,
            0.32395629261794906
        ],
        [
            23,
            0.3239567258819282
        ],
        [
            24,
            0.3237775666454386
        ],
        [
            25,
            0.3237638617732317
        ],
        [
            26,
            0.3239266167166917
        ],
        [
            27,
            0.3236587085054123
        ],
        [
            28,
            0.3238725589035209
        ],
        [
            29,
            0.32376710842791173
        ],
        [
            30,
            0.323797848651901
        ],
        [
            31,
            0.3240123978797868
        ],
        [
            32,
            0.3234012881311442
        ],
        [
            33,
            0.32359643773256236
        ],
        [
            34,
            0.32375093967680796
        ],
        [
            35,
            0.32397901845955407
        ],
        [
            36,
            0.32370474200027427
        ],
        [
            37,
            0.32376498408625054
        ],
        [
            38,
            0.3239644014658243
        ],
        [
            39,
            0.32400997878270693
        ],
        [
            40,
            0.3238521896378985
        ],
        [
            41,
            0.32410755057794094
        ],
        [
            42,
            0.3238268077135318
        ],
        [
            43,
            0.3238290164942803
        ],
        [
            44,
            0.3241775726992681
        ],
        [
            45,
            0.32404539310246677
        ],
        [
            46,
            0.3241053515552754
        ],
        [
            47,
            0.32398889522255253
        ],
        [
            48,
            0.32386458902689214
        ],
        [
            49,
            0.3237450400632988
        ],
        [
            50,
            0.32391744296440655
        ],
        [
            51,
            0.32393372664998293
        ],
        [
            52,
            0.32382683906972254
        ],
        [
            53,
            0.323567908302975
        ],
        [
            54,
            0.3238898566843183
        ],
        [
            55,
            0.3237927442522987
        ],
        [
            56,
            0.32385490391651306
        ],
        [
            57,
            0.3236080806455934
        ],
        [
            58,
            0.3238498631732903
        ],
        [
            59,
            0.32363312712051
        ],
        [
            60,
            0.32366399335428403
        ],
        [
            61,
            0.3240763506676237
        ],
        [
            62,
            0.32398702599971346
        ],
        [
            63,
            0.3238708648325804
        ],
        [
            64,
            0.32371778678720275
        ],
        [
            65,
            0.3235409798979379
        ],
        [
            66,
            0.32393952278565635
        ],
        [
            67,
            0.3236777301554202
        ],
        [
            68,
            0.3239337649635909
        ],
        [
            69,
            0.32370068557162696
        ],
        [
            70,
            0.32359847721850854
        ],
        [
            71,
            0.3241349466693008
        ],
        [
            72,
            0.32354707515594083
        ],
        [
            73,
            0.32376846237371476
        ],
        [
            74,
            0.3239844213927044
        ],
        [
            75,
            0.32395580328328866
        ],
        [
