{
    "test_acc": [
        [
            0,
            0.375
        ],
        [
            1,
            0.5
        ]
    ],
    "test_loss": [
        [
            0,
            0.8774710426934493
        ],
        [
            1,
            0.3277459373847704
        ]
    ],
    "train_loss": [
        [
            0,
            0.24255071159130306
        ]
    ],
    "epochs_completed": 0
}