{
    "test_acc": [
        [
            0,
            0.375
        ],
        [
            1,
            0.5
        ],
        [
            11,
            0.25
        ],
        [
            21,
            0.25
        ],
        [
            31,
            0.5
        ],
        [
            41,
            0.375
        ],
        [
            51,
            0.375
        ],
        [
            61,
            0.25
        ],
        [
            71,
            0.375
        ],
        [
            81,
            0.125
        ],
        [
            91,
            0.5
        ],
        [
            101,
            0.375
        ],
        [
            111,
            0.25
        ],
        [
            121,
            0.5
        ],
        [
            131,
            0.375
        ],
        [
            141,
            0.375
        ],
        [
            151,
            0.375
        ],
        [
            161,
            0.25
        ],
        [
            171,
            0.375
        ],
        [
            181,
            0.25
        ],
        [
            191,
            0.25
        ],
        [
            201,
            0.5
        ]
    ],
    "test_loss": [
        [
            0,
            0.8774710426934493
        ],
        [
            1,
            0.3277459373847704
        ],
        [
            11,
            0.3234008342299879
        ],
        [
            21,
            0.3280220686313456
        ],
        [
            31,
            0.3216813271541856
        ],
        [
            41,
            0.3268455566966352
        ],
        [
            51,
            0.3253657707591325
        ],
        [
            61,
            0.32437519093836165
        ],
        [
            71,
            0.3256779119799682
        ],
        [
            81,
            0.3252431906372115
        ],
        [
            91,
            0.32131083082533984
        ],
        [
            101,
            0.31978917700865417
        ],
        [
            111,
            0.32478258122490067
        ],
        [
            121,
            0.32047562891031456
        ],
        [
            131,
            0.32364432161429735
        ],
        [
            141,
            0.32214998829555874
        ],
        [
            151,
            0.3229983359819678
        ],
        [
            161,
            0.32320525577812376
        ],
        [
            171,
            0.32093899274286775
        ],
        [
            181,
            0.3248251606968288
        ],
        [
            191,
            0.32165348556839585
        ],
        [
            201,
            0.3209154802613195
        ]
    ],
    "train_loss": [
        [
            0,
            0.24255071159130306
        ],
        [
            1,
            0.234328006731049
        ],
        [
            2,
            0.22350261691105278
        ],
        [
            3,
            0.22564800825386855
        ],
        [
            4,
            0.22803664128493203
        ],
        [
            5,
            0.22443643856167506
        ],
        [
            6,
            0.22399279462651667
        ],
        [
            7,
            0.22687487442885232
        ],
        [
            8,
            0.22723992564396575
        ],
        [
            9,
            0.22570389242822383
        ],
        [
            10,
            0.22753375856770927
        ],
        [
            11,
            0.22960116893626617
        ],
        [
            12,
            0.22587303722701477
        ],
        [
            13,
            0.22621823202770464
        ],
        [
            14,
            0.2288795695153092
        ],
        [
            15,
            0.228622345913109
        ],
        [
            16,
            0.2270982588571815
        ],
        [
            17,
            0.22734230549906442
        ],
        [
            18,
            0.2270553898320193
        ],
        [
            19,
            0.22585698977409252
        ],
        [
            20,
            0.22568073177572115
        ],
        [
            21,
            0.22737795914789108
        ],
        [
            22,
            0.22680406012562204
        ],
        [
            23,
            0.22728787788072627
        ],
        [
            24,
            0.22595689424326548
        ],
        [
            25,
            0.2273771294750825
        ],
        [
            26,
            0.22584747197692578
        ],
        [
            27,
            0.2264413282456411
        ],
        [
            28,
            0.22659793910459772
        ],
        [
            29,
            0.22537287268380876
        ],
        [
            30,
            0.2266807767544612
        ],
        [
            31,
            0.2273245940789365
        ],
        [
            32,
            0.22589662429803967
        ],
        [
            33,
            0.22577782786402248
        ],
        [
            34,
            0.2235088170766891
        ],
        [
            35,
            0.22605510297851997
        ],
        [
            36,
            0.22616723561856125
        ],
        [
            37,
            0.2264158095486366
        ],
        [
            38,
            0.226031017707592
        ],
        [
            39,
            0.22530597603933097
        ],
        [
            40,
            0.2256296638626961
        ],
        [
            41,
            0.22915237401945987
        ],
        [
            42,
            0.22653291685870217
        ],
        [
            43,
            0.2275799189743061
        ],
        [
            44,
            0.22444318977522829
        ],
        [
            45,
            0.22610613615204192
        ],
        [
            46,
            0.22640513689181233
        ],
        [
            47,
            0.22798668835141023
        ],
        [
            48,
            0.22571631152852648
        ],
        [
            49,
            0.22503124505052274
        ],
        [
            50,
            0.22466853187425606
        ],
        [
            51,
            0.230800031436432
        ],
        [
            52,
            0.22644350480505984
        ],
        [
            53,
            0.22599896492721525
        ],
        [
            54,
            0.22697304747620953
        ],
        [
            55,
            0.22470001662951958
        ],
        [
            56,
            0.22484621107231964
        ],
        [
            57,
            0.22746098304319654
        ],
        [
            58,
            0.2269419700602667
        ],
        [
            59,
            0.22711137242193957
        ],
        [
            60,
            0.22320636770061278
        ],
        [
            61,
            0.22790693030509182
        ],
        [
            62,
            0.22632632973220446
        ],
        [
            63,
            0.22569877218170808
        ],
        [
            64,
            0.22550326944615443
        ],
        [
            65,
            0.22630334545979305
        ],
        [
            66,
            0.22743776331395674
        ],
        [
            67,
            0.22548615258723803
        ],
        [
            68,
            0.22655019933197743
        ],
        [
            69,
            0.22535914773199975
        ],
        [
            70,
            0.22616951314853018
        ],
        [
            71,
            0.22945566998175568
        ],
        [
            72,
            0.22563272395248726
        ],
        [
            73,
            0.22837272977405185
        ],
        [
            74,
            0.22574252019028432
        ],
        [
            75,
            0.2269587002398993
