{
    "test_acc": [
        [
            0,
            0.375
        ],
        [
            1,
            0.5
        ]
    ],
    "test_loss": [
        [
            0,
            0.3365253396284334
        ],
        [
            1,
            0.33211674566711064
        ]
    ],
    "train_loss": [
        [
            0,
            0.3099145334372685
        ]
    ],
    "epochs_completed": 0
}