{
    "test_acc": [
        [
            0,
            0.375
        ],
        [
            1,
            0.5
        ],
        [
            11,
            0.5
        ],
        [
            21,
            0.25
        ],
        [
            31,
            0.5
        ],
        [
            41,
            0.5
        ],
        [
            51,
            0.5
        ],
        [
            61,
            0.25
        ],
        [
            71,
            0.5
        ],
        [
            81,
            0.25
        ],
        [
            91,
            0.125
        ],
        [
            101,
            0.375
        ],
        [
            111,
            0.625
        ],
        [
            121,
            0.5
        ],
        [
            131,
            0.375
        ],
        [
            141,
            0.375
        ],
        [
            151,
            0.25
        ],
        [
            161,
            0.25
        ],
        [
            171,
            0.375
        ],
        [
            181,
            0.375
        ],
        [
            191,
            0.25
        ],
        [
            201,
            0.5
        ]
    ],
    "test_loss": [
        [
            0,
            0.3365253396284334
        ],
        [
            1,
            0.33211674566711064
        ],
        [
            11,
            0.33303808245714495
        ],
        [
            21,
            0.33415938008769774
        ],
        [
            31,
            0.33246129162637944
        ],
        [
            41,
            0.33304650736189945
        ],
        [
            51,
            0.33253048040366306
        ],
        [
            61,
            0.33307522423475433
        ],
        [
            71,
            0.33267573270935524
        ],
        [
            81,
            0.332760654862272
        ],
        [
            91,
            0.3332198563123295
        ],
        [
            101,
            0.3324933107049472
        ],
        [
            111,
            0.3330053008655614
        ],
        [
            121,
            0.3317183012152699
        ],
        [
            131,
            0.33201011563886457
        ],
        [
            141,
            0.3331804161964135
        ],
        [
            151,
            0.33247116449737046
        ],
        [
            161,
            0.332794988076935
        ],
        [
            171,
            0.3330781209473651
        ],
        [
            181,
            0.3323327600839633
        ],
        [
            191,
            0.33284326057744623
        ],
        [
            201,
            0.33270960806424527
        ]
    ],
    "train_loss": [
        [
            0,
            0.3099145334372685
        ],
        [
            1,
            0.30928641523733785
        ],
        [
            2,
            0.305167490801396
        ],
        [
            3,
            0.3053413733576194
        ],
        [
            4,
            0.3051487973873972
        ],
        [
            5,
            0.30558061491882205
        ],
        [
            6,
            0.3052457569962226
        ],
        [
            7,
            0.30521839457006555
        ],
        [
            8,
            0.30542864496130057
        ],
        [
            9,
            0.3055593226457241
        ],
        [
            10,
            0.30496471438343126
        ],
        [
            11,
            0.30502225059668936
        ],
        [
            12,
            0.3053375736690331
        ],
        [
            13,
            0.3053906028804239
        ],
        [
            14,
            0.30531858326637784
        ],
        [
            15,
            0.3053412981954853
        ],
        [
            16,
            0.3054767964240657
        ],
        [
            17,
            0.30550714683772145
        ],
        [
            18,
            0.30545620772651155
        ],
        [
            19,
            0.3050586184663292
        ],
        [
            20,
            0.30529857894986195
        ],
        [
            21,
            0.305715339326633
        ],
        [
            22,
            0.30546313962536303
        ],
        [
            23,
            0.3055385387418518
        ],
        [
            24,
            0.3059688136504429
        ],
        [
            25,
            0.3051324463824146
        ],
        [
            26,
            0.3055064896382076
        ],
        [
            27,
            0.3051925924870415
        ],
        [
            28,
            0.30499724267442185
        ],
        [
            29,
            0.30548118742760316
        ],
        [
            30,
            0.30554258225207903
        ],
        [
            31,
            0.30575109854941634
        ],
        [
            32,
            0.30550587695801384
        ],
        [
            33,
            0.30546712942269283
        ],
        [
            34,
            0.3052237063440778
        ],
        [
            35,
            0.3054623917423355
        ],
        [
            36,
            0.30528717462578747
        ],
        [
            37,
            0.30543101019406227
        ],
        [
            38,
            0.30544986735456775
        ],
        [
            39,
            0.3049206961706172
        ],
        [
            40,
            0.305127122816228
        ],
        [
            41,
            0.3054060234943529
        ],
        [
            42,
            0.30484874808424706
        ],
        [
            43,
            0.3053876281142614
        ],
        [
            44,
            0.30511727616705836
        ],
        [
            45,
            0.30582500711742244
        ],
        [
            46,
            0.3054672793987894
        ],
        [
            47,
            0.3055466618192217
        ],
        [
            48,
            0.3052221856591835
        ],
        [
            49,
            0.3057195449093209
        ],
        [
            50,
            0.30539836730562814
        ],
        [
            51,
            0.30573058237362
        ],
        [
            52,
            0.3050586494127358
        ],
        [
            53,
            0.30538548922122105
        ],
        [
            54,
            0.30527807568986404
        ],
        [
            55,
            0.3054637386850439
        ],
        [
            56,
            0.30536262306653694
        ],
        [
            57,
            0.3052409902821406
        ],
        [
            58,
            0.3048294859309886
        ],
        [
            59,
            0.30560486565201594
        ],
        [
            60,
            0.30520958203285936
        ],
        [
            61,
            0.3053441168622005
        ],
        [
            62,
            0.3052653566930342
        ],
        [
            63,
            0.3054690411822993
        ],
        [
            64,
            0.30515316280739824
        ],
        [
            65,
            0.30541174824507333
        ],
        [
            66,
            0.30486629258551173
        ],
        [
            67,
            0.30523525144914504
        ],
        [
            68,
            0.30557292559067106
        ],
        [
            69,
            0.3052549971712548
        ],
        [
            70,
            0.30561769786600723
        ],
        [
            71,
            0.30527218582170185
        ],
        [
            72,
            0.3053437376379879
        ],
        [
            73,
            0.30527008373627323
        ],
        [
            74,
            0.30514392122609624
        ],
        [
            75,
            0.30545676209605843
        ],
        [
