{
    "test_acc": [
        [
            0,
            0.25
        ],
        [
            1,
            0.125
        ],
        [
            11,
            0.5
        ],
        [
            21,
            0.375
        ],
        [
            31,
            0.375
        ],
        [
            41,
            0.25
        ],
        [
            51,
            0.375
        ],
        [
            61,
            0.375
        ],
        [
            71,
            0.375
        ],
        [
            81,
            0.375
        ],
        [
            91,
            0.625
        ],
        [
            101,
            0.625
        ],
        [
            111,
            0.375
        ],
        [
            121,
            0.625
        ],
        [
            131,
            0.625
        ],
        [
            141,
            0.375
        ],
        [
            151,
            0.625
        ],
        [
            161,
            0.625
        ],
        [
            171,
            0.375
        ],
        [
            181,
            0.625
        ],
        [
            191,
            0.625
        ],
        [
            201,
            0.625
        ]
    ],
    "test_loss": [
        [
            0,
            0.5579042585670709
        ],
        [
            1,
            0.32906835100041243
        ],
        [
            11,
            0.2632122553363581
        ],
        [
            21,
            0.2635014209754649
        ],
        [
            31,
            0.2677491801121925
        ],
        [
            41,
            0.27009907316942255
        ],
        [
            51,
            0.26083557520267464
        ],
        [
            61,
            0.2598541888542978
        ],
        [
            71,
            0.261506036955024
        ],
        [
            81,
            0.2571822202440063
        ],
        [
            91,
            0.2565051908873182
        ],
        [
            101,
            0.25503121974095744
        ],
        [
            111,
            0.25806853688911596
        ],
        [
            121,
            0.25461536030737447
        ],
        [
            131,
            0.2530283225576642
        ],
        [
            141,
            0.25930868114881706
        ],
        [
            151,
            0.24982169256915387
        ],
        [
            161,
            0.2487933375301979
        ],
        [
            171,
            0.2518855068956495
        ],
        [
            181,
            0.2483542666866683
        ],
        [
            191,
            0.24887196828915456
        ],
        [
            201,
            0.24588496524522716
        ]
    ],
    "train_loss": [
        [
            0,
            0.1902226746804534
        ],
        [
            1,
            0.15387773040782857
        ],
        [
            2,
            0.147253061076671
        ],
        [
            3,
            0.13063939596204233
        ],
        [
            4,
            0.12634249119321242
        ],
        [
            5,
            0.12358202982211815
        ],
        [
            6,
            0.12612391476602894
        ],
        [
            7,
            0.11724265629695489
        ],
        [
            8,
            0.12097003882046509
        ],
        [
            9,
            0.11393188638906339
        ],
        [
            10,
            0.1172189918030435
        ],
        [
            11,
            0.11738536815910806
        ],
        [
            12,
            0.11640452309803838
        ],
        [
            13,
            0.11673308743580024
        ],
        [
            14,
            0.11519535600083557
        ],
        [
            15,
            0.11589321153668719
        ],
        [
            16,
            0.10830357798071648
        ],
        [
            17,
            0.11316011340558584
        ],
        [
            18,
            0.11222090489115301
        ],
        [
            19,
            0.11785317003430344
        ],
        [
            20,
            0.12166138113355929
        ],
        [
            21,
            0.11906184493468637
        ],
        [
            22,
            0.11634721933297854
        ],
        [
            23,
            0.11657805246946036
        ],
        [
            24,
            0.11593729129708463
        ],
        [
            25,
            0.11760421472357176
        ],
        [
            26,
            0.11690364490226253
        ],
        [
            27,
            0.11579191910254362
        ],
        [
            28,
            0.11244330506586324
        ],
        [
            29,
            0.11639903867618497
        ],
        [
            30,
            0.11511398241653555
        ],
        [
            31,
            0.11383633084957921
        ],
        [
            32,
            0.11715670060913592
        ],
        [
            33,
            0.11562360836666045
        ],
        [
            34,
            0.11680504867739668
        ],
        [
            35,
            0.11542465631210223
        ],
        [
            36,
            0.11316717416472345
        ],
        [
            37,
            0.11541801443722886
        ],
        [
            38,
            0.11046846323544175
        ],
        [
            39,
            0.11335142602005654
        ],
        [
            40,
            0.11323403309353956
        ],
        [
            41,
            0.11654701793963916
        ],
        [
            42,
            0.114202919071921
        ],
        [
            43,
            0.11424163182641689
        ],
        [
            44,
            0.11091592617461303
        ],
        [
            45,
            0.11620798400849384
        ],
        [
            46,
            0.11718637236736318
        ],
        [
            47,
            0.1136829944196679
        ],
        [
            48,
            0.11579708522597977
        ],
        [
            49,
            0.11619271946375043
        ],
        [
            50,
            0.11238009697763336
        ],
        [
            51,
            0.1131522692934994
        ],
        [
            52,
            0.113871563901488
        ],
        [
            53,
            0.11524475763368314
        ],
        [
            54,
            0.11229528594549798
        ],
        [
            55,
            0.11650279175812628
        ],
        [
            56,
            0.11474776986636215
        ],
        [
            57,
            0.11481671817466498
        ],
        [
            58,
            0.11523655086786089
        ],
        [
            59,
            0.11258911963573569
        ],
        [
            60,
            0.10920791565384715
        ],
        [
            61,
            0.11242895131347519
        ],
        [
            62,
            0.11518592182920677
        ],
        [
            63,
            0.11327586481475314
        ],
        [
            64,
            0.11227075697762556
        ],
        [
            65,
            0.11450338010823773
        ],
        [
            66,
            0.10980704196186687
        ],
        [
            67,
            0.11515801166680638
        ],
        [
            68,
            0.11334982590748584
        ],
        [
            69,
            0.11340710874084918
        ],
        [
            70,
            0.10446734681521401
        ],
        [
            71,
            0.10695256383969065
        ],
        [
            72,
            0.1103508478079438
        ],
        [
            73,
            0.11033609993770799
        ],
        [
            74,
            0.11456751823447363
        ],
        [
            75,
