{
    "test_acc": [
        [
            0,
            0.375
        ],
        [
            1,
            0.5
        ]
    ],
    "test_loss": [
        [
            0,
            0.32020128978777584
        ],
        [
            1,
            0.33366691126203385
        ]
    ],
    "train_loss": [
        [
            0,
            0.26496984744606245
        ],
        [
            0,
            0.3809038338574308
        ],
        [
            0,
            0.2819116162541709
        ],
        [
            0,
            0.29063441310374494
        ],
        [
            0,
            0.29487128012739294
        ],
        [
            0,
            0.29352933035271017
        ],
        [
            0,
            0.2879351138366548
        ],
        [
            0,
            0.3013922201706169
        ],
        [
            0,
            0.29528363798842505
        ],
        [
            0,
            0.2977862479673033
        ],
        [
            0,
            0.29724465242901127
        ],
        [
            0,
            0.2938877373587343
        ],
        [
            0,
            0.2955284352920567
        ],
        [
            0,
            0.2998767459212902
        ],
        [
            0,
            0.29331484299290117
        ],
        [
            0,
            0.29464926008007214
        ],
        [
            0,
            0.2952100979119135
        ],
        [
            0,
            0.29812066858963654
        ],
        [
            0,
            0.2944292639790321
        ],
        [
            0,
            0.29529864377581644
        ],
        [
            0,
            0.2947585609530676
        ],
        [
            0,
            0.29781019741811887
        ],
        [
            0,
            0.29643427067520306
        ],
        [
            0,
            0.2952506293156319
        ]
    ],
    "epochs_completed": 0
}