{
    "test_acc": [
        [
            0,
            0.25
        ],
        [
            1,
            0.25
        ]
    ],
    "test_loss": [
        [
            0,
            1.4468297289154428
        ],
        [
            1,
            23.274376351378024
        ]
    ],
    "train_loss": [
        [
            0,
            13.796208893204202
        ]
    ],
    "apical_error": [
        [
            0,
            1.2274538719227117
        ]
    ],
    "intn_error": [
        [
            0,
            7.735466790133175e-05
        ]
    ],
    "ff_error": [],
    "fb_error": [],
    "epochs_completed": 0
}