{
    "test_acc": [
        [
            0,
            0.0
        ]
    ],
    "test_loss": [
        [
            0,
            0.14270711516422868
        ]
    ],
    "train_loss": [
        [
            0,
            0.20626230045756824
        ]
    ],
    "apical_error": [
        [
            0,
            0.05632387005149529
        ]
    ],
    "intn_error": [
        [
            0,
            0.014273966785181636
        ]
    ],
    "ff_error": [],
    "fb_error": [],
    "epochs_completed": 0
}