{
    "test_acc": [
        [
            0,
            0.375
        ],
        [
            1,
            0.375
        ]
    ],
    "test_loss": [
        [
            0,
            0.740249061343309
        ],
        [
            1,
            0.3071355206569505
        ]
    ],
    "train_loss": [
        [
            0,
            0.2199091530740497
        ]
    ],
    "apical_error": [],
    "intn_error": [],
    "ff_error": [],
    "fb_error": [],
    "epochs_completed": 0
}