{
    "test_acc": [
        [
            0,
            0.25
        ],
        [
            1,
            0.5
        ],
        [
            11,
            0.375
        ],
        [
            21,
            0.375
        ],
        [
            31,
            0.375
        ],
        [
            41,
            0.375
        ],
        [
            51,
            0.375
        ],
        [
            61,
            0.25
        ],
        [
            71,
            0.375
        ],
        [
            81,
            0.375
        ],
        [
            91,
            0.375
        ],
        [
            101,
            0.375
        ],
        [
            111,
            0.375
        ],
        [
            121,
            0.375
        ],
        [
            131,
            0.25
        ],
        [
            141,
            0.375
        ],
        [
            151,
            0.375
        ],
        [
            161,
            0.0
        ],
        [
            171,
            0.375
        ],
        [
            181,
            0.0
        ],
        [
            191,
            0.375
        ],
        [
            201,
            0.375
        ]
    ],
    "test_loss": [
        [
            0,
            0.5232409299333807
        ],
        [
            1,
            0.29201142202242886
        ],
        [
            11,
            0.29793734012083184
        ],
        [
            21,
            0.3012075247543565
        ],
        [
            31,
            0.2999268150318033
        ],
        [
            41,
            0.2991360025096254
        ],
        [
            51,
            0.30013522877425536
        ],
        [
            61,
            0.3070066682485323
        ],
        [
            71,
            0.30090519675798383
        ],
        [
            81,
            0.29924648438643087
        ],
        [
            91,
            0.30102613889585395
        ],
        [
            101,
            0.29994109506262495
        ],
        [
            111,
            0.29934504896908826
        ],
        [
            121,
            0.2998532012379649
        ],
        [
            131,
            0.3048168891620879
        ],
        [
            141,
            0.2993042762388378
        ],
        [
            151,
            0.3002613560890851
        ],
        [
            161,
            0.304252981038302
        ],
        [
            171,
            0.30254664322189473
        ],
        [
            181,
            0.3032956298798024
        ],
        [
            191,
            0.3025487214185496
        ],
        [
            201,
            0.3025936402485361
        ]
    ],
    "train_loss": [
        [
            0,
            0.1922889433423153
        ],
        [
            1,
            0.17433269903927062
        ],
        [
            2,
            0.1629630129807992
        ],
        [
            3,
            0.16630345542651145
        ],
        [
            4,
            0.16602425307136784
        ],
        [
            5,
            0.16774808306534497
        ],
        [
            6,
            0.1700460717725607
        ],
        [
            7,
            0.1669094421585232
        ],
        [
            8,
            0.1707067623432836
        ],
        [
            9,
            0.1672014202271103
        ],
        [
            10,
            0.16991658675662982
        ],
        [
            11,
            0.1689388643515589
        ],
        [
            12,
            0.16788151343264832
        ],
        [
            13,
            0.17051105612269893
        ],
        [
            14,
            0.1695680768940245
        ],
        [
            15,
            0.17248368214669832
        ],
        [
            16,
            0.17289162218982015
        ],
        [
            17,
            0.1702862113082527
        ],
        [
            18,
            0.17030957577246233
        ],
        [
            19,
            0.16925244236113549
        ],
        [
            20,
            0.1698338297664289
        ],
        [
            21,
            0.1705058331586997
        ],
        [
            22,
            0.17025683299919417
        ],
        [
            23,
            0.16979352088023636
        ],
        [
            24,
            0.1718915883878216
        ],
        [
            25,
            0.1699684297674041
        ],
        [
            26,
            0.16771880630122973
        ],
        [
            27,
            0.17216710885089967
        ],
        [
            28,
            0.16944668420856915
        ],
        [
            29,
            0.1709949803028822
        ],
        [
            30,
            0.1723634575917187
        ],
        [
            31,
            0.17160370282811452
        ],
        [
            32,
            0.1707108525665221
        ],
        [
            33,
            0.17054643769300518
        ],
        [
            34,
            0.1684743661443956
        ],
        [
            35,
            0.17016951875236808
        ],
        [
            36,
            0.17127021900979153
        ],
        [
            37,
            0.16761008661460694
        ],
        [
            38,
            0.17116740539943875
        ],
        [
            39,
            0.17039067613277137
        ],
        [
            40,
            0.16882797318613973
        ],
        [
            41,
            0.1702016786401556
        ],
        [
            42,
            0.16836180897456784
        ],
        [
            43,
            0.17237449600381738
        ],
        [
            44,
            0.17191193161515658
        ],
        [
            45,
            0.1698524305089069
        ],
        [
            46,
            0.16492877331505063
        ],
        [
            47,
            0.16984341581420714
        ],
        [
            48,
            0.17130555560152314
        ],
        [
            49,
            0.1678403180721275
        ],
        [
            50,
            0.16858551948445652
        ],
        [
            51,
            0.17035538762608268
        ],
        [
            52,
            0.16984149931944673
        ],
        [
            53,
            0.17040176946671856
        ],
        [
            54,
            0.172248981970991
        ],
        [
            55,
            0.16902277464353424
        ],
        [
            56,
            0.16823296263907125
        ],
        [
            57,
            0.16827812164162184
        ],
        [
            58,
            0.16978921497447855
        ],
        [
            59,
            0.1700001661904341
        ],
        [
            60,
            0.1708612982854678
        ],
        [
            61,
            0.17235489972898987
        ],
        [
            62,
            0.16863341954641786
        ],
        [
            63,
            0.17056212103008148
        ],
        [
            64,
            0.16928366912177376
        ],
        [
            65,
            0.16695811716287925
        ],
        [
            66,
            0.16911765710337168
        ],
        [
            67,
            0.17216965862329384
        ],
        [
            68,
            0.16850815969511
        ],
        [
            69,
            0.16863520548461178
        ],
        [
            70,
            0.17200889743890477
        ],
        [
            71,
            0.17035139568771182
        ],
        [
            72,
            0.1693528045820741
        ],
        [
            73,
            0.16951866296977255
        ],
        [
            74,
            0.16522163030310097
        ],
        [
            75,
            0.1714916477088139
        ],
