{
    "test_acc": [
        [
            0,
            0.375
        ],
        [
            1,
            0.375
        ]
    ],
    "test_loss": [
        [
            0,
            1.5935140031150143
        ],
        [
            1,
            0.38459981337054233
        ]
    ],
    "train_loss": [
        [
            0,
            0.8807218034119436
        ]
    ],
    "epochs_completed": 0
}