{
    "test_acc": [
        [
            0,
            0.375
        ],
        [
            1,
            0.5
        ]
    ],
    "test_loss": [
        [
            0,
            0.860333540343005
        ],
        [
            1,
            1.1058809056956207
        ]
    ],
    "train_loss": [
        [
            0,
            2.3849813545985405
        ]
    ],
    "epochs_completed": 0
}