{
    "test_acc": [
        [
            0,
            0.25
        ],
        [
            1,
            0.25
        ],
        [
            11,
            0.375
        ],
        [
            21,
            0.375
        ],
        [
            31,
            0.375
        ],
        [
            41,
            0.625
        ],
        [
            51,
            0.375
        ],
        [
            61,
            0.375
        ],
        [
            71,
            0.375
        ],
        [
            81,
            0.25
        ],
        [
            91,
            0.375
        ],
        [
            101,
            0.375
        ],
        [
            111,
            0.375
        ],
        [
            121,
            0.375
        ],
        [
            131,
            0.375
        ],
        [
            141,
            0.375
        ],
        [
            151,
            0.625
        ],
        [
            161,
            0.375
        ],
        [
            171,
            0.375
        ],
        [
            181,
            0.375
        ],
        [
            191,
            0.375
        ],
        [
            201,
            0.375
        ]
    ],
    "test_loss": [
        [
            0,
            0.6034975809088812
        ],
        [
            1,
            0.31605021850490705
        ],
        [
            11,
            0.32020552590955165
        ],
        [
            21,
            0.3204383908534112
        ],
        [
            31,
            0.320046497996626
        ],
        [
            41,
            0.3214926711112458
        ],
        [
            51,
            0.31979624773276116
        ],
        [
            61,
            0.32039662568618155
        ],
        [
            71,
            0.3202722047606068
        ],
        [
            81,
            0.32210206566754
        ],
        [
            91,
            0.3206195608474831
        ],
        [
            101,
            0.3199577870071403
        ],
        [
            111,
            0.3194002134609831
        ],
        [
            121,
            0.3194504901570111
        ],
        [
            131,
            0.3205482298441151
        ],
        [
            141,
            0.320697901534181
        ],
        [
            151,
            0.32161714698197486
        ],
        [
            161,
            0.31973695728185925
        ],
        [
            171,
            0.31931129162566885
        ],
        [
            181,
            0.3198651934505841
        ],
        [
            191,
            0.31949981168072394
        ],
        [
            201,
            0.32034677186313065
        ]
    ],
    "train_loss": [
        [
            0,
            0.2441712256897949
        ],
        [
            1,
            0.225476429004962
        ],
        [
            2,
            0.22621459934086288
        ],
        [
            3,
            0.22484560233519282
        ],
        [
            4,
            0.2240705437558135
        ],
        [
            5,
            0.2238667540134404
        ],
        [
            6,
            0.2234504266907115
        ],
        [
            7,
            0.22382427404528138
        ],
        [
            8,
            0.223314572541551
        ],
        [
            9,
            0.22323937553605597
        ],
        [
            10,
            0.22400913898472566
        ],
        [
            11,
            0.22409548942382604
        ],
        [
            12,
            0.22346740692229428
        ],
        [
            13,
            0.2244080230844564
        ],
        [
            14,
            0.22123946886753457
        ],
        [
            15,
            0.22376895218804568
        ],
        [
            16,
            0.22241977124305268
        ],
        [
            17,
            0.22395136281224995
        ],
        [
            18,
            0.22253048735816972
        ],
        [
            19,
            0.2246839650417101
        ],
        [
            20,
            0.22184212575322962
        ],
        [
            21,
            0.22247830710734537
        ],
        [
            22,
            0.22436323574371433
        ],
        [
            23,
            0.22326911904546165
        ],
        [
            24,
            0.22243731508345074
        ],
        [
            25,
            0.22342589695893297
        ],
        [
            26,
            0.22451742883169615
        ],
        [
            27,
            0.2241566765632866
        ],
        [
            28,
            0.22408568743590385
        ],
        [
            29,
            0.2244562658088586
        ],
        [
            30,
            0.22429514849996043
        ],
        [
            31,
            0.22334679394828783
        ],
        [
            32,
            0.2227707977393569
        ],
        [
            33,
            0.22494417542953069
        ],
        [
            34,
            0.2234398586239188
        ],
        [
            35,
            0.2257104033264737
        ],
        [
            36,
            0.2227544599211321
        ],
        [
            37,
            0.2237135532824309
        ],
        [
            38,
            0.22316997753483192
        ],
        [
            39,
            0.22291356107136204
        ],
        [
            40,
            0.22436907462461964
        ],
        [
            41,
            0.22519671502348335
        ],
        [
            42,
            0.2242159136033676
        ],
        [
            43,
            0.22510668240634027
        ],
        [
            44,
            0.22496052956293267
        ],
        [
            45,
            0.22374189324941582
        ],
        [
            46,
            0.22386896715616145
        ],
        [
            47,
            0.224506059069957
        ],
        [
            48,
            0.22390038611849727
        ],
        [
            49,
            0.22388724386437012
        ],
        [
            50,
            0.222308332692851
        ],
        [
            51,
            0.22360864358915802
        ],
        [
            52,
            0.22249910789963012
        ],
        [
            53,
            0.2238097920888135
        ],
        [
            54,
            0.22433566539383928
        ],
        [
            55,
            0.22330914199096089
        ],
        [
            56,
            0.22340188201979264
        ],
        [
            57,
            0.22132493338160406
        ],
        [
            58,
            0.22377918054627197
        ],
        [
            59,
            0.22438208271840698
        ],
        [
            60,
            0.2231721346180396
        ],
        [
            61,
            0.22409455671342413
        ],
        [
            62,
            0.22487680117133527
        ],
        [
            63,
            0.22481402598777464
        ],
        [
            64,
            0.22352388633381093
        ],
        [
            65,
            0.2243554249169267
        ],
        [
            66,
            0.2247430794640434
        ],
        [
            67,
            0.22471371989116692
        ],
        [
            68,
            0.22225527937508602
        ],
        [
            69,
            0.22381084986558744
        ],
        [
            70,
            0.2240239433830442
        ],
        [
            71,
            0.2233855968357086
        ],
        [
            72,
            0.22526774311142508
        ],
        [
            73,
            0.2237249527958197
        ],
        [
            74,
            0.22271349380153885
        ],
        [
            75,
            0.22491698216486342
