{
    "test_acc": [
        [
            0,
            0.25
        ],
        [
            1,
            0.25
        ]
    ],
    "test_loss": [
        [
            0,
            0.6034975809088812
        ],
        [
            1,
            0.31605021850490705
        ]
    ],
    "train_loss": [
        [
            0,
            0.2441712256897949
        ]
    ],
    "epochs_completed": 0
}