{
    "test_acc": [
        [
            0,
            0.25
        ],
        [
            1,
            0.25
        ]
    ],
    "test_loss": [
        [
            0,
            0.35127291201585625
        ],
        [
            1,
            0.3331155160989753
        ]
    ],
    "train_loss": [
        [
            0,
            0.3072368132210923
        ]
    ],
    "epochs_completed": 0
}