{
    "test_acc": [
        [
            0,
            0.25
        ],
        [
            1,
            0.5
        ],
        [
            11,
            0.25
        ]
    ],
    "test_loss": [
        [
            0,
            1.8644213065559856
        ],
        [
            1,
            4.0826907998527755
        ],
        [
            11,
            26.532694910040377
        ]
    ],
    "train_loss": [
        [
            0,
            4.581164917714024
        ],
        [
            1,
            25.21604400060821
        ],
        [
            2,
            25.20563858558746
        ],
        [
            3,
            25.337577217149903
        ],
        [
            4,
            25.343386002200102
        ],
        [
            5,
            25.435666196587647
        ],
        [
            6,
            25.488945387433137
        ],
        [
            7,
            25.706738447505828
        ],
        [
            8,
            25.7227709771376
        ],
        [
            9,
            25.860982531706483
        ],
        [
            10,
            25.919763918087472
        ]
    ],
    "epochs_completed": 10
}