{
    "test_acc": [
        [
            0,
            0.375
        ],
        [
            1,
            0.375
        ]
    ],
    "test_loss": [
        [
            0,
            3.6752484908465184
        ],
        [
            1,
            2.4045777647089
        ]
    ],
    "train_loss": [
        [
            0,
            2.5741044755442393
        ]
    ],
    "apical_error": [],
    "intn_error": [],
    "ff_error": [],
    "fb_error": [],
    "epochs_completed": 0
}