{
    "test_acc": [
        [
            0,
            0.375
        ],
        [
            1,
            0.5
        ]
    ],
    "test_loss": [
        [
            0,
            4.190537330060404
        ],
        [
            1,
            0.37377177661336564
        ]
    ],
    "train_loss": [
        [
            0,
            2.7343445794476033
        ],
        [
            0,
            0.6341694540121565
        ],
        [
            0,
            1.4593807432507908
        ],
        [
            0,
            0.5087731316317656
        ],
        [
            0,
            0.2353397856032172
        ],
        [
            0,
            1.2772222279121932
        ],
        [
            0,
            0.29056314347242806
        ],
        [
            0,
            0.0998648127050849
        ],
        [
            0,
            0.5570990183512446
        ],
        [
            0,
            0.29907087511180563
        ],
        [
            0,
            0.5548403409607109
        ],
        [
            0,
            0.23057804921057942
        ],
        [
            0,
            0.20971576997704977
        ],
        [
            0,
            0.015058862411343465
        ],
        [
            0,
            0.19717802916405228
        ],
        [
            0,
            0.03264484075199584
        ],
        [
            0,
            0.020670980655083993
        ],
        [
            0,
            0.17082075110270986
        ],
        [
            0,
            0.10143735041766533
        ],
        [
            0,
            0.045461859803067085
        ],
        [
            0,
            0.18481049817972087
        ],
        [
            0,
            0.022158960186337864
        ],
        [
            0,
            0.17990748520790775
        ],
        [
            0,
            0.030923816171155805
        ]
    ],
    "epochs_completed": 0
}