{
    "test_acc": [
        [
            0,
            0.375
        ],
        [
            1,
            0.375
        ],
        [
            11,
            0.375
        ],
        [
            21,
            0.625
        ],
        [
            31,
            0.625
        ],
        [
            41,
            0.625
        ],
        [
            51,
            0.625
        ],
        [
            61,
            0.625
        ],
        [
            71,
            0.625
        ],
        [
            81,
            0.625
        ],
        [
            91,
            0.625
        ],
        [
            101,
            0.625
        ],
        [
            111,
            0.625
        ],
        [
            121,
            0.625
        ],
        [
            131,
            0.625
        ],
        [
            141,
            0.625
        ],
        [
            151,
            0.625
        ],
        [
            161,
            0.625
        ],
        [
            171,
            0.625
        ],
        [
            181,
            0.625
        ],
        [
            191,
            0.625
        ],
        [
            201,
            0.625
        ]
    ],
    "test_loss": [
        [
            0,
            3.902090761933649
        ],
        [
            1,
            0.491752709342047
        ],
        [
            11,
            0.24086158153081105
        ],
        [
            21,
            0.21581803316373344
        ],
        [
            31,
            0.19759324233227132
        ],
        [
            41,
            0.1923627812429535
        ],
        [
            51,
            0.18717863789352723
        ],
        [
            61,
            0.1806386230892062
        ],
        [
            71,
            0.18507398616088777
        ],
        [
            81,
            0.19277915857961608
        ],
        [
            91,
            0.17599056672401353
        ],
        [
            101,
            0.17753971262405058
        ],
        [
            111,
            0.1895938424056096
        ],
        [
            121,
            0.17577671254852584
        ],
        [
            131,
            0.18764925024287932
        ],
        [
            141,
            0.18062272341602875
        ],
        [
            151,
            0.1809326249973342
        ],
        [
            161,
            0.1728283135707484
        ],
        [
            171,
            0.1733033236245089
        ],
        [
            181,
            0.17390269496653318
        ],
        [
            191,
            0.17387832185550003
        ],
        [
            201,
            0.17286420377912623
        ]
    ],
    "train_loss": [
        [
            0,
            0.9967811290990163
        ],
        [
            1,
            0.2034658425978165
        ],
        [
            2,
            0.1645320298822702
        ],
        [
            3,
            0.14787652948548244
        ],
        [
            4,
            0.1287343048813632
        ],
        [
            5,
            0.11776437362293261
        ],
        [
            6,
            0.11317319373128469
        ],
        [
            7,
            0.10613801788461152
        ],
        [
            8,
            0.10146557721360235
        ],
        [
            9,
            0.08708543579968409
        ],
        [
            10,
            0.08949634967738673
        ],
        [
            11,
            0.08791562445948638
        ],
        [
            12,
            0.08585522308178432
        ],
        [
            13,
            0.08268714648800589
        ],
        [
            14,
            0.07861749717828195
        ],
        [
            15,
            0.07332857181494888
        ],
        [
            16,
            0.07423815943970218
        ],
        [
            17,
            0.0760537246649713
        ],
        [
            18,
            0.07144061161962746
        ],
        [
            19,
            0.07067801578561532
        ],
        [
            20,
            0.07079109535273818
        ],
        [
            21,
            0.07162639244899531
        ],
        [
            22,
            0.06777718493376832
        ],
        [
            23,
            0.06861524884600424
        ],
        [
            24,
            0.06338020167397419
        ],
        [
            25,
            0.0686242669363327
        ],
        [
            26,
            0.06368126186655487
        ],
        [
            27,
            0.06525430372543584
        ],
        [
            28,
            0.06111945053482476
        ],
        [
            29,
            0.06438926634718024
        ],
        [
            30,
            0.06367083161609648
        ],
        [
            31,
            0.06280363972923288
        ],
        [
            32,
            0.062051234722653455
        ],
        [
            33,
            0.06246297993724967
        ],
        [
            34,
            0.05995077284662404
        ],
        [
            35,
            0.060709400156382966
        ],
        [
            36,
            0.05988841529574049
        ],
        [
            37,
            0.0600460226363157
        ],
        [
            38,
            0.05672082072197091
        ],
        [
            39,
            0.05942246342097965
        ],
        [
            40,
            0.05448156718857383
        ],
        [
            41,
            0.05360213576047365
        ],
        [
            42,
            0.05789665223325339
        ],
        [
            43,
            0.055986284117202446
        ],
        [
            44,
            0.05424052474185339
        ],
        [
            45,
            0.05786737523804999
        ],
        [
            46,
            0.05723202354738036
        ],
        [
            47,
            0.05477583308947595
        ],
        [
            48,
            0.05647933393809453
        ],
        [
            49,
            0.05635294698753717
        ],
        [
            50,
            0.05302540678724197
        ],
        [
            51,
            0.05426467652384533
        ],
        [
            52,
            0.052087988306496934
        ],
        [
            53,
            0.054598908830965666
        ],
        [
            54,
            0.05092286527920727
        ],
        [
            55,
            0.055867888183347314
        ],
        [
            56,
            0.05143880434259827
        ],
        [
            57,
            0.053361097036137284
        ],
        [
            58,
            0.05142846775326215
        ],
        [
            59,
            0.053532119801186585
        ],
        [
            60,
            0.04830202560548014
        ],
        [
            61,
            0.05085850895135815
        ],
        [
            62,
            0.04423194909375938
        ],
        [
            63,
            0.052464292771313426
        ],
        [
            64,
            0.05305799372498405
        ],
        [
            65,
            0.052696841412468685
        ],
        [
            66,
            0.0517490921783233
        ],
        [
            67,
            0.05079719587784202
        ],
        [
            68,
            0.05460343716384882
        ],
        [
            69,
            0.048599036661573225
        ],
        [
            70,
            0.050316106950735594
        ],
        [
            71,
            0.04931584624640544
        ],
        [
            72,
            0.050640198759419275
        ],
        [
            73,
            0.05236470843956784
        ],
        [
            74,
            0.05245181014917
        ],
        [
            75,
