{
    "test_acc": [
        [
            0,
            0.375
        ],
        [
            1,
            0.25
        ]
    ],
    "test_loss": [
        [
            0,
            0.3502872443667192
        ],
        [
            1,
            0.33331234104207597
        ]
    ],
    "train_loss": [
        [
            0,
            0.3682720794375698
        ],
        [
            0,
            0.3292209309729251
        ],
        [
            0,
            0.3533444162507884
        ],
        [
            0,
            0.32677104901214693
        ],
        [
            0,
            0.33240931593124184
        ],
        [
            0,
            0.3261472914254459
        ],
        [
            0,
            0.3286574572712188
        ],
        [
            0,
            0.3255027160027362
        ],
        [
            0,
            0.3269473486100692
        ],
        [
            0,
            0.3264109661318085
        ],
        [
            0,
            0.32604204279649507
        ],
        [
            0,
            0.32555457385893627
        ],
        [
            0,
            0.3254891679968867
        ],
        [
            0,
            0.32562007487897077
        ],
        [
            0,
            0.32526842262415995
        ],
        [
            0,
            0.3254940713092889
        ],
        [
            0,
            0.32550251523102725
        ],
        [
            0,
            0.3253899691553045
        ],
        [
            0,
            0.325477559732395
        ],
        [
            0,
            0.32550164348170146
        ],
        [
            0,
            0.3254199309908405
        ],
        [
            0,
            0.3254242472007789
        ],
        [
            0,
            0.32535702926904236
        ],
        [
            0,
            0.32536777065318684
        ]
    ],
    "epochs_completed": 0
}