{
    "test_acc": [
        [
            0,
            0.375
        ],
        [
            1,
            0.375
        ],
        [
            11,
            0.375
        ],
        [
            21,
            0.375
        ],
        [
            31,
            0.625
        ]
    ],
    "test_loss": [
        [
            0,
            1.5935140031150143
        ],
        [
            1,
            0.38459981337054233
        ],
        [
            11,
            0.28256164933311334
        ],
        [
            21,
            0.22370493181101614
        ],
        [
            31,
            517.5857599109358
        ]
    ],
    "train_loss": [
        [
            0,
            0.8807218034119436
        ],
        [
            1,
            0.46388283670320224
        ],
        [
            2,
            0.2030203087027774
        ],
        [
            3,
            0.20722760111724745
        ],
        [
            4,
            0.17702977606633594
        ],
        [
            5,
            0.15421903301835513
        ],
        [
            6,
            0.17107034953203185
        ],
        [
            7,
            0.16834063376564767
        ],
        [
            8,
            0.14617063572125913
        ],
        [
            9,
            0.12448506311870859
        ],
        [
            10,
            0.14648897629822602
        ],
        [
            11,
            2.418540327279816
        ],
        [
            12,
            0.05889763655878818
        ],
        [
            13,
            0.06567815323011876
        ],
        [
            14,
            0.049836653397545734
        ],
        [
            15,
            0.0604013640960079
        ],
        [
            16,
            0.04767732742943753
        ],
        [
            17,
            0.05665983953268434
        ],
        [
            18,
            0.05586093254862531
        ],
        [
            19,
            0.05534758224215489
        ],
        [
            20,
            0.04274884354504216
        ],
        [
            21,
            93.76272898515738
        ],
        [
            22,
            155.82494094131127
        ],
        [
            23,
            201.40490046894612
        ],
        [
            24,
            249.74967379891686
        ],
        [
            25,
            292.7905686318253
        ],
        [
            26,
            334.4134035162885
        ],
        [
            27,
            377.5516516897337
        ],
        [
            28,
            416.39665669146365
        ],
        [
            29,
            464.533120865267
        ],
        [
            30,
            509.7102051533033
        ]
    ],
    "epochs_completed": 30
}