{
    "test_acc": [
        [
            0,
            0.125
        ],
        [
            1,
            0.125
        ]
    ],
    "test_loss": [
        [
            0,
            3.040815745074214
        ],
        [
            1,
            0.7471215186984941
        ]
    ],
    "train_loss": [
        [
            0,
            1.4361193531703187
        ],
        [
            1,
            0.2619792413169566
        ],
        [
            2,
            0.14014809871102044
        ],
        [
            3,
            0.07417524190026469
        ],
        [
            4,
            0.07149230617817966
        ],
        [
            5,
            0.08566706362555754
        ],
        [
            6,
            0.07078398819243933
        ]
    ],
    "apical_error": [
        [
            0,
            5.227624565179472
        ],
        [
            1,
            4.787748246165319
        ],
        [
            2,
            4.648467578187022
        ],
        [
            3,
            5.069366269655639
        ],
        [
            4,
            5.416084021396902
        ],
        [
            5,
            5.005268568795889
        ],
        [
            6,
            4.8897115436901775
        ]
    ],
    "intn_error": [
        [
            0,
            0.06474449795005038
        ],
        [
            1,
            0.04296843912790426
        ],
        [
            2,
            0.026696519236633454
        ],
        [
            3,
            0.005855350719091431
        ],
        [
            4,
            0.011564225395366135
        ],
        [
            5,
            0.007075024284926623
        ],
        [
            6,
            0.051750753927584874
        ]
    ],
    "ff_error": [],
    "fb_error": [],
    "epochs_completed": 7
}