{
    "test_acc": [
        [
            0,
            0.25
        ],
        [
            1,
            0.375
        ]
    ],
    "test_loss": [
        [
            0,
            0.4401735038933201
        ],
        [
            1,
            0.3176099905264359
        ]
    ],
    "train_loss": [
        [
            0,
            0.14880472176273482
        ]
    ],
    "epochs_completed": 0
}