{
    "test_acc": [
        [
            0,
            0.375
        ],
        [
            1,
            0.25
        ]
    ],
    "test_loss": [
        [
            0,
            0.7998570783611063
        ],
        [
            1,
            0.36404579297897566
        ]
    ],
    "train_loss": [
        [
            0,
            1.0133105503804263
        ]
    ],
    "epochs_completed": 0
}