{
    "test_acc": [
        [
            0,
            0.375
        ],
        [
            1,
            0.25
        ],
        [
            11,
            0.5
        ],
        [
            21,
            0.625
        ],
        [
            31,
            0.625
        ],
        [
            41,
            0.625
        ],
        [
            51,
            0.625
        ],
        [
            61,
            0.75
        ],
        [
            71,
            0.625
        ],
        [
            81,
            0.625
        ],
        [
            91,
            0.5
        ],
        [
            101,
            0.625
        ],
        [
            111,
            0.75
        ],
        [
            121,
            0.625
        ],
        [
            131,
            0.625
        ],
        [
            141,
            0.625
        ],
        [
            151,
            0.75
        ],
        [
            161,
            0.625
        ],
        [
            171,
            0.625
        ],
        [
            181,
            0.5
        ],
        [
            191,
            0.75
        ],
        [
            201,
            0.5
        ]
    ],
    "test_loss": [
        [
            0,
            0.7998570783611063
        ],
        [
            1,
            0.36404579297897566
        ],
        [
            11,
            0.21147073626205723
        ],
        [
            21,
            0.1666427765390109
        ],
        [
            31,
            0.1543540985827398
        ],
        [
            41,
            0.16986757971368824
        ],
        [
            51,
            0.16092500296999684
        ],
        [
            61,
            0.15831951974762026
        ],
        [
            71,
            0.16069683934177195
        ],
        [
            81,
            0.16389993247041895
        ],
        [
            91,
            0.17008782389084592
        ],
        [
            101,
            0.16126143296886658
        ],
        [
            111,
            0.1767982056790653
        ],
        [
            121,
            0.19307749036128893
        ],
        [
            131,
            0.18796231960448057
        ],
        [
            141,
            0.1643747077311486
        ],
        [
            151,
            0.16389127761099287
        ],
        [
            161,
            0.1785303120281475
        ],
        [
            171,
            0.19040867692696578
        ],
        [
            181,
            0.1705577680445813
        ],
        [
            191,
            0.18013803799865544
        ],
        [
            201,
            0.15955695863906175
        ]
    ],
    "train_loss": [
        [
            0,
            1.0133105503804263
        ],
        [
            1,
            0.39782576174994905
        ],
        [
            2,
            0.10986902245375825
        ],
        [
            3,
            0.09563164432070022
        ],
        [
            4,
            0.09983288326323163
        ],
        [
            5,
            0.09108510640733168
        ],
        [
            6,
            0.08897923719604954
        ],
        [
            7,
            0.08341100609943443
        ],
        [
            8,
            0.08276546224372776
        ],
        [
            9,
            0.07600804524571046
        ],
        [
            10,
            0.0737798361464902
        ],
        [
            11,
            0.05580644919250851
        ],
        [
            12,
            0.043446682451254055
        ],
        [
            13,
            0.04600971921291763
        ],
        [
            14,
            0.04384791200136346
        ],
        [
            15,
            0.04660052940568157
        ],
        [
            16,
            0.04578179419703837
        ],
        [
            17,
            0.04385514607062524
        ],
        [
            18,
            0.0480099344889293
        ],
        [
            19,
            0.04602942109927879
        ],
        [
            20,
            0.04436833300352964
        ],
        [
            21,
            0.07395289957958145
        ],
        [
            22,
            0.05469114024909336
        ],
        [
            23,
            0.048031206161351946
        ],
        [
            24,
            0.04825062648119016
        ],
        [
            25,
            0.04655349711319314
        ],
        [
            26,
            0.047724347275826084
        ],
        [
            27,
            0.04033058690307221
        ],
        [
            28,
            0.045563557125277154
        ],
        [
            29,
            0.04633085483924396
        ],
        [
            30,
            0.04603253887706787
        ],
        [
            31,
            0.0729005358774565
        ],
        [
            32,
            0.0488596304487064
        ],
        [
            33,
            0.044867865973886055
        ],
        [
            34,
            0.0475968822712781
        ],
        [
            35,
            0.0459613431296426
        ],
        [
            36,
            0.03993183203512048
        ],
        [
            37,
            0.0460220508965373
        ],
        [
            38,
            0.04453457283803961
        ],
        [
            39,
            0.03681962293715825
        ],
        [
            40,
            0.04096330698615268
        ],
        [
            41,
            0.06971831866821938
        ],
        [
            42,
            0.05027743316716801
        ],
        [
            43,
            0.0495296780756053
        ],
        [
            44,
            0.04906627127941268
        ],
        [
            45,
            0.04591991532910871
        ],
        [
            46,
            0.03752829184974046
        ],
        [
            47,
            0.04604499424086588
        ],
        [
            48,
            0.04713175172270478
        ],
        [
            49,
            0.04300354611818676
        ],
        [
            50,
            0.04359193877469117
        ],
        [
            51,
            0.07364881609827618
        ],
        [
            52,
            0.047757407607240565
        ],
        [
            53,
            0.04947712140664867
        ],
        [
            54,
            0.04446906214413423
        ],
        [
            55,
            0.03994265639248113
        ],
        [
            56,
            0.045771484282812434
        ],
        [
            57,
            0.04206353707756807
        ],
        [
            58,
            0.042458517611576874
        ],
        [
            59,
            0.041664631030707076
        ],
        [
            60,
            0.043284869431660426
        ],
        [
            61,
            0.05782102619631866
        ],
        [
            62,
            0.038019829587558784
        ],
        [
            63,
            0.03860568656604884
        ],
        [
            64,
            0.04040287016856443
        ],
        [
            65,
            0.03461710627946249
        ],
        [
            66,
            0.040940718720195106
        ],
        [
            67,
            0.0374808245615812
        ],
        [
            68,
            0.03929679023262739
        ],
        [
            69,
            0.04053342064710229
        ],
        [
            70,
            0.03678904090176427
        ],
        [
            71,
            0.05879819946452633
        ],
        [
            72,
            0.03828533870554141
        ],
        [
            73,
            0.03979475989733535
        ],
        [
            74,
            0.03906198584752262
        ],
        [
            75,
