{
    "test_acc": [
        [
            0,
            0.0
        ],
        [
            1,
            0.0
        ]
    ],
    "test_loss": [
        [
            0,
            224.13011194539104
        ],
        [
            1,
            32640.317707347356
        ]
    ],
    "train_loss": [
        [
            0,
            34521.66667658967
        ]
    ],
    "apical_error": [],
    "intn_error": [],
    "ff_error": [],
    "fb_error": [],
    "epochs_completed": 1
}