{
    "test_acc": [
        [
            0,
            0.375
        ],
        [
            1,
            0.25
        ],
        [
            11,
            0.375
        ],
        [
            21,
            0.25
        ],
        [
            31,
            0.625
        ],
        [
            41,
            0.625
        ],
        [
            51,
            0.625
        ],
        [
            61,
            0.5
        ],
        [
            71,
            0.625
        ],
        [
            81,
            0.5
        ],
        [
            91,
            0.5
        ],
        [
            101,
            0.5
        ],
        [
            111,
            0.625
        ],
        [
            121,
            0.375
        ],
        [
            131,
            0.625
        ],
        [
            141,
            0.5
        ],
        [
            151,
            0.5
        ],
        [
            161,
            0.5
        ],
        [
            171,
            0.5
        ],
        [
            181,
            0.5
        ],
        [
            191,
            0.375
        ],
        [
            201,
            0.375
        ]
    ],
    "test_loss": [
        [
            0,
            0.2948047275952023
        ],
        [
            1,
            0.3163611181198668
        ],
        [
            11,
            0.31315801184427605
        ],
        [
            21,
            0.3077666939470778
        ],
        [
            31,
            0.30246628790556
        ],
        [
            41,
            0.30183813516398755
        ],
        [
            51,
            0.29571780532056613
        ],
        [
            61,
            0.29758352891508333
        ],
        [
            71,
            0.2957965451395568
        ],
        [
            81,
            0.29641085522812083
        ],
        [
            91,
            0.3001205056142411
        ],
        [
            101,
            0.3008467889965041
        ],
        [
            111,
            0.2975710582553876
        ],
        [
            121,
            0.29665508824656206
        ],
        [
            131,
            0.3007372791146978
        ],
        [
            141,
            0.2983232831687465
        ],
        [
            151,
            0.297680072299972
        ],
        [
            161,
            0.30205352718554984
        ],
        [
            171,
            0.2984435700027901
        ],
        [
            181,
            0.30078108503715656
        ],
        [
            191,
            0.30366866746330123
        ],
        [
            201,
            0.30188145458865323
        ]
    ],
    "train_loss": [
        [
            0,
            0.2784505318244708
        ],
        [
            1,
            0.285059455733077
        ],
        [
            2,
            0.2664520985308751
        ],
        [
            3,
            0.2656452065102866
        ],
        [
            4,
            0.26987384052561236
        ],
        [
            5,
            0.2645916473577816
        ],
        [
            6,
            0.2649828546126392
        ],
        [
            7,
            0.26697863684725576
        ],
        [
            8,
            0.26450259117960856
        ],
        [
            9,
            0.262727417131537
        ],
        [
            10,
            0.2640455384486853
        ],
        [
            11,
            0.26588668244296243
        ],
        [
            12,
            0.26201129580477517
        ],
        [
            13,
            0.26304579483042834
        ],
        [
            14,
            0.26206832111460515
        ],
        [
            15,
            0.26015968758413077
        ],
        [
            16,
            0.26090536135501674
        ],
        [
            17,
            0.2579585265926418
        ],
        [
            18,
            0.2634696210957523
        ],
        [
            19,
            0.26114980452808806
        ],
        [
            20,
            0.26116518423786406
        ],
        [
            21,
            0.26760713086313626
        ],
        [
            22,
            0.2589387860270607
        ],
        [
            23,
            0.2595983336675278
        ],
        [
            24,
            0.25661280244827506
        ],
        [
            25,
            0.2567447614272347
        ],
        [
            26,
            0.2546701962950512
        ],
        [
            27,
            0.2596246970957669
        ],
        [
            28,
            0.2582771436734019
        ],
        [
            29,
            0.2573068492805837
        ],
        [
            30,
            0.25944030906213505
        ],
        [
            31,
            0.2619477257231328
        ],
        [
            32,
            0.2550670436305898
        ],
        [
            33,
            0.25235478887078694
        ],
        [
            34,
            0.25524842292514754
        ],
        [
            35,
            0.25564241548992245
        ],
        [
            36,
            0.25497768744555405
        ],
        [
            37,
            0.2552039546304173
        ],
        [
            38,
            0.2530061968949984
        ],
        [
            39,
            0.255327934097818
        ],
        [
            40,
            0.25255500685304383
        ],
        [
            41,
            0.25845240104894945
        ],
        [
            42,
            0.2520740063129066
        ],
        [
            43,
            0.25010533863412887
        ],
        [
            44,
            0.2520347288463298
        ],
        [
            45,
            0.252665417023254
        ],
        [
            46,
            0.25082802357924733
        ],
        [
            47,
            0.2520328759995409
        ],
        [
            48,
            0.24819519698208792
        ],
        [
            49,
            0.24730223267072518
        ],
        [
            50,
            0.24827356078292048
        ],
        [
            51,
            0.25686593790064965
        ],
        [
            52,
            0.2488403784861665
        ],
        [
            53,
            0.2517226288808696
        ],
        [
            54,
            0.2506655003282894
        ],
        [
            55,
            0.25064801621586186
        ],
        [
            56,
            0.24812174392637232
        ],
        [
            57,
            0.24970858463909495
        ],
        [
            58,
            0.24874486888047945
        ],
        [
            59,
            0.24912345032066488
        ],
        [
            60,
            0.25075173512187215
        ],
        [
            61,
            0.2576173928858667
        ],
        [
            62,
            0.24891390367283384
        ],
        [
            63,
            0.2512206779655621
        ],
        [
            64,
            0.2467333954338352
        ],
        [
            65,
            0.25194858522393376
        ],
        [
            66,
            0.24959928769483128
        ],
        [
            67,
            0.24749783911355727
        ],
        [
            68,
            0.2488361892034243
        ],
        [
            69,
            0.250202545110533
        ],
        [
            70,
            0.24919417707632416
        ],
        [
            71,
            0.2607032295757917
        ],
        [
            72,
            0.25221637474841
        ],
        [
            73,
            0.2545177020260451
        ],
        [
            74,
            0.24967897555407204
        ],
        [
            75,
            0.2517020109993922
        ],
        [
            76,
