{
    "test_acc": [
        [
            0,
            0.375
        ],
        [
            1,
            0.25
        ]
    ],
    "test_loss": [
        [
            0,
            0.2948047275952023
        ],
        [
            1,
            0.3163611181198668
        ]
    ],
    "train_loss": [
        [
            0,
            0.2784505318244708
        ]
    ],
    "epochs_completed": 0
}