{
    "test_acc": [
        [
            0,
            0.15
        ],
        [
            1,
            0.2
        ],
        [
            51,
            0.5
        ],
        [
            101,
            0.3
        ]
    ],
    "test_loss": [
        [
            0,
            12.38585348016894
        ],
        [
            1,
            6.789464436984301
        ],
        [
            51,
            2.6964875783936018
        ],
        [
            101,
            1.242364451070079
        ]
    ],
    "train_loss": [
        [
            0,
            5.461774361233676
        ],
        [
            1,
            2.702577700352102
        ],
        [
            2,
            5.438075432973533
        ],
        [
            3,
            4.780029972627973
        ],
        [
            4,
            2.7055965316950137
        ],
        [
            5,
            3.1702858223093653
        ],
        [
            6,
            2.0920038520343684
        ],
        [
            7,
            2.4300571984745414
        ],
        [
            8,
            2.3729489005584425
        ],
        [
            9,
            3.274202824032301
        ],
        [
            10,
            3.3740448220537274
        ],
        [
            11,
            2.236970844448189
        ],
        [
            12,
            3.1618746321049285
        ],
        [
            13,
            1.9040814431770565
        ],
        [
            14,
            2.413642438274519
        ],
        [
            15,
            2.1534047047235174
        ],
        [
            16,
            2.9088866001746703
        ],
        [
            17,
            4.03679126559303
        ],
        [
            18,
            3.5507731340572817
        ],
        [
            19,
            3.010162979030797
        ],
        [
            20,
            2.6841777933498885
        ],
        [
            21,
            2.443005224181525
        ],
        [
            22,
            2.523371219121753
        ],
        [
            23,
            2.476771910469807
        ],
        [
            24,
            3.0725837107087015
        ],
        [
            25,
            2.423120102422185
        ],
        [
            26,
            2.640853597068607
        ],
        [
            27,
            2.880432676744258
        ],
        [
            28,
            2.0504551206376247
        ],
        [
            29,
            2.2286492093353383
        ],
        [
            30,
            2.0926383931673787
        ],
        [
            31,
            2.0828987270287023
        ],
        [
            32,
            1.619227473028634
        ],
        [
            33,
            1.9736016075934248
        ],
        [
            34,
            2.028445033658905
        ],
        [
            35,
            1.826249656231989
        ],
        [
            36,
            2.5674878439957762
        ],
        [
            37,
            2.318762398170666
        ],
        [
            38,
            1.5064855860244553
        ],
        [
            39,
            1.495306435800514
        ],
        [
            40,
            1.433592511372278
        ],
        [
            41,
            2.3789220178833577
        ],
        [
            42,
            1.6905379381153218
        ],
        [
            43,
            1.8588056866492133
        ],
        [
            44,
            2.1026168967152925
        ],
        [
            45,
            1.3578427726004465
        ],
        [
            46,
            1.479879469648039
        ],
        [
            47,
            1.8377205265243992
        ],
        [
            48,
            2.1657166495904003
        ],
        [
            49,
            1.419648511973287
        ],
        [
            50,
            1.9554778096883876
        ],
        [
            51,
            1.5864390587454813
        ],
        [
            52,
            1.914990017462476
        ],
        [
            53,
            1.1698901221211289
        ],
        [
            54,
            2.045801478864507
        ],
        [
            55,
            1.1913222736211764
        ],
        [
            56,
            1.3762021364016126
        ],
        [
            57,
            1.390989299072814
        ],
        [
            58,
            1.2906562067649745
        ],
        [
            59,
            1.088012167559173
        ],
        [
            60,
            1.1142580084195917
        ],
        [
            61,
            1.4715064290272004
        ],
        [
            62,
            1.4862969002644086
        ],
        [
            63,
            1.8894017997186539
        ],
        [
            64,
            1.1931511225922489
        ],
        [
            65,
            0.9290134697753101
        ],
        [
            66,
            1.0089847041097646
        ],
        [
            67,
            1.369223632306611
        ],
        [
            68,
            1.1086701255310545
        ],
        [
            69,
            1.1051497093034717
        ],
        [
            70,
            0.9406110082771457
        ],
        [
            71,
            0.9120985604439721
        ],
        [
            72,
            1.2677613512015475
        ],
        [
            73,
            0.680324199784316
        ],
        [
            74,
            1.3737084278906833
        ],
        [
            75,
            0.8730202355087053
        ],
        [
            76,
            0.8730856561513823
        ],
        [
            77,
            0.8540718654696213
        ],
        [
            78,
            0.8155706733574043
        ],
        [
            79,
            0.6873149595665108
        ],
        [
            80,
            1.1543825424288394
        ],
        [
            81,
            0.7466404003161682
        ],
        [
            82,
            0.9534621289455749
        ],
        [
            83,
            0.9268228043106451
        ],
        [
            84,
            1.0142355346913532
        ],
        [
            85,
            0.7415253786013974
        ],
        [
            86,
            0.7996764292794896
        ],
        [
            87,
            0.6770506955814757
        ],
        [
            88,
            0.9720161022048969
        ],
        [
            89,
            0.6847538276745189
        ],
        [
            90,
            0.7536209360775414
        ],
        [
            91,
            0.9926986086568915
        ],
        [
            92,
            0.8495551866263856
        ],
        [
            93,
            0.7301594132147047
        ],
        [
            94,
            0.8878186048089421
        ],
        [
            95,
            0.9948347175913044
        ],
        [
            96,
            0.884671333298812
        ],
        [
            97,
            0.5651109798280792
        ],
        [
            98,
            0.6665142620014024
        ],
        [
            99,
            0.5496825117759715
        ],
        [
            100,
            0.6928858965619906
        ]
    ],
    "apical_error": [],
    "intn_error": [],
    "ff_error": [],
    "fb_error": [],
    "epochs_completed": 100
}