{
    "test_acc": [
        [
            0,
            0.25
        ],
        [
            1,
            0.25
        ]
    ],
    "test_loss": [
        [
            0,
            3.910109979680997
        ],
        [
            1,
            0.4703737700912737
        ]
    ],
    "train_loss": [
        [
            0,
            1.487617188680683
        ],
        [
            0,
            1.6668842159638027
        ],
        [
            0,
            1.122542327194349
        ],
        [
            0,
            1.2908333279368527
        ],
        [
            0,
            0.7759441748676474
        ],
        [
            0,
            0.44782250224827075
        ],
        [
            0,
            0.7492004754891988
        ],
        [
            0,
            1.214522897282162
        ],
        [
            0,
            0.32401307271255514
        ],
        [
            0,
            0.11625547738847997
        ],
        [
            0,
            0.2428445492005936
        ],
        [
            0,
            0.31173804240687186
        ],
        [
            0,
            0.21776031490388092
        ],
        [
            0,
            0.14277981584855373
        ],
        [
            0,
            0.11871221147629114
        ],
        [
            0,
            0.08746725586999508
        ],
        [
            0,
            0.05288016255978826
        ],
        [
            0,
            0.06443122492082654
        ],
        [
            0,
            0.09453739672170158
        ],
        [
            0,
            0.20496669221734867
        ],
        [
            0,
            0.47875780987391936
        ],
        [
            0,
            0.14490615000793028
        ],
        [
            0,
            0.3761167203179177
        ],
        [
            0,
            0.05356590255046745
        ]
    ],
    "epochs_completed": 0
}