{
    "sim_time": 0.3,
    "out_lag": 0.1,
    "latent_equilibrium": true,
    "eta": {
        "ip": [
            0.6666666666666667,
            0.0
        ],
        "pi": [
            0.0,
            0.0
        ],
        "up": [
            1.6666666666666667,
            0.33333333333333337
        ],
        "down": [
            0.0,
            0.0
        ]
    },
    "record_interval": 0.1
}