{
    "test_acc": [
        [
            0,
            0.375
        ],
        [
            1,
            0.375
        ],
        [
            11,
            0.25
        ],
        [
            21,
            0.5
        ],
        [
            31,
            0.625
        ],
        [
            41,
            0.625
        ],
        [
            51,
            0.625
        ],
        [
            61,
            0.625
        ],
        [
            71,
            0.625
        ],
        [
            81,
            0.625
        ],
        [
            91,
            0.625
        ],
        [
            101,
            0.75
        ],
        [
            111,
            0.625
        ],
        [
            121,
            0.625
        ],
        [
            131,
            0.75
        ],
        [
            141,
            0.625
        ],
        [
            151,
            0.875
        ],
        [
            161,
            1.0
        ],
        [
            171,
            0.625
        ],
        [
            181,
            1.0
        ],
        [
            191,
            0.875
        ],
        [
            201,
            1.0
        ]
    ],
    "test_loss": [
        [
            0,
            1.4325616399684062
        ],
        [
            1,
            0.33644850056317116
        ],
        [
            11,
            0.22980284457444372
        ],
        [
            21,
            0.1712222035282474
        ],
        [
            31,
            0.16000288954590264
        ],
        [
            41,
            0.1559104548665174
        ],
        [
            51,
            0.1536959873262787
        ],
        [
            61,
            0.16514977631889363
        ],
        [
            71,
            0.1490067397693619
        ],
        [
            81,
            0.1486596214649062
        ],
        [
            91,
            0.14856996589653562
        ],
        [
            101,
            0.14354330444266716
        ],
        [
            111,
            0.1431667497552472
        ],
        [
            121,
            0.14161862435518618
        ],
        [
            131,
            0.13791200860400346
        ],
        [
            141,
            0.14469742103059102
        ],
        [
            151,
            0.13228564913772148
        ],
        [
            161,
            0.12855940734231014
        ],
        [
            171,
            0.1347626737276808
        ],
        [
            181,
            0.12349642152215036
        ],
        [
            191,
            0.12254900365846788
        ],
        [
            201,
            0.11782001054512209
        ]
    ],
    "train_loss": [
        [
            0,
            0.3661333083896912
        ],
        [
            1,
            0.15539013293701207
        ],
        [
            2,
            0.13658531931271767
        ],
        [
            3,
            0.13214206708441814
        ],
        [
            4,
            0.11603400755854286
        ],
        [
            5,
            0.11800749017891739
        ],
        [
            6,
            0.10476574428229864
        ],
        [
            7,
            0.09572755130090642
        ],
        [
            8,
            0.08603750154627898
        ],
        [
            9,
            0.07705679361557252
        ],
        [
            10,
            0.0733853058063629
        ],
        [
            11,
            0.06989606767147728
        ],
        [
            12,
            0.06154114463773119
        ],
        [
            13,
            0.06487824370993893
        ],
        [
            14,
            0.0632681151075246
        ],
        [
            15,
            0.05830688576741427
        ],
        [
            16,
            0.05319843893839138
        ],
        [
            17,
            0.055885859939670435
        ],
        [
            18,
            0.05101930122542817
        ],
        [
            19,
            0.051862614571268416
        ],
        [
            20,
            0.045019325120425675
        ],
        [
            21,
            0.04956654685836187
        ],
        [
            22,
            0.04525707860959132
        ],
        [
            23,
            0.050337795283256305
        ],
        [
            24,
            0.047552745722701066
        ],
        [
            25,
            0.047900195814227685
        ],
        [
            26,
            0.04657513689049373
        ],
        [
            27,
            0.046319131814604
        ],
        [
            28,
            0.04092657387272978
        ],
        [
            29,
            0.048501620807973156
        ],
        [
            30,
            0.045900439364299245
        ],
        [
            31,
            0.043861630975693615
        ],
        [
            32,
            0.04681739384506698
        ],
        [
            33,
            0.0442602865718509
        ],
        [
            34,
            0.038706943059090025
        ],
        [
            35,
            0.04223383143120598
        ],
        [
            36,
            0.042906794510853684
        ],
        [
            37,
            0.04098375011675346
        ],
        [
            38,
            0.04233123812490689
        ],
        [
            39,
            0.04577485751641053
        ],
        [
            40,
            0.04264192562808453
        ],
        [
            41,
            0.04160932171173586
        ],
        [
            42,
            0.04300883793618141
        ],
        [
            43,
            0.03966806456860677
        ],
        [
            44,
            0.04070617462463167
        ],
        [
            45,
            0.0457530121755905
        ],
        [
            46,
            0.043327473845834075
        ],
        [
            47,
            0.040617797711169475
        ],
        [
            48,
            0.04049417436614385
        ],
        [
            49,
            0.03913880748920586
        ],
        [
            50,
            0.04112118989381233
        ],
        [
            51,
            0.041410644327308135
        ],
        [
            52,
            0.04374304498784043
        ],
        [
            53,
            0.042911249280732984
        ],
        [
            54,
            0.04163990239587546
        ],
        [
            55,
            0.04104861903634927
        ],
        [
            56,
            0.03962380232949632
        ],
        [
            57,
            0.04156003559955689
        ],
        [
            58,
            0.03594469236550102
        ],
        [
            59,
            0.03985042768862747
        ],
        [
            60,
            0.03606463972657331
        ],
        [
            61,
            0.042229463402520616
        ],
        [
            62,
            0.03694241049172175
        ],
        [
            63,
            0.03951709815839587
        ],
        [
            64,
            0.04102617922016863
        ],
        [
            65,
            0.040917901167518755
        ],
        [
            66,
            0.04189076317158191
        ],
        [
            67,
            0.040698558234748064
        ],
        [
            68,
            0.03928577017861256
        ],
        [
            69,
            0.03777608119901051
        ],
        [
            70,
            0.04053658033507942
        ],
        [
            71,
            0.03664905330684778
        ],
        [
            72,
            0.04046084951860062
        ],
        [
            73,
            0.03732163020361869
        ],
        [
            74,
            0.04086153474310902
        ],
        [
            75,
