{
    "test_acc": [
        [
            0,
            0.25
        ],
        [
            1,
            0.375
        ],
        [
            11,
            0.25
        ],
        [
            21,
            0.375
        ],
        [
            31,
            0.25
        ],
        [
            41,
            0.375
        ],
        [
            51,
            0.25
        ],
        [
            61,
            0.375
        ],
        [
            71,
            0.25
        ],
        [
            81,
            0.375
        ],
        [
            91,
            0.25
        ],
        [
            101,
            0.25
        ],
        [
            111,
            0.375
        ],
        [
            121,
            0.375
        ],
        [
            131,
            0.375
        ],
        [
            141,
            0.375
        ],
        [
            151,
            0.375
        ],
        [
            161,
            0.375
        ],
        [
            171,
            0.375
        ],
        [
            181,
            0.375
        ],
        [
            191,
            0.375
        ],
        [
            201,
            0.375
        ]
    ],
    "test_loss": [
        [
            0,
            0.32649877629644614
        ],
        [
            1,
            0.3339460529231446
        ],
        [
            11,
            0.3333022982097452
        ],
        [
            21,
            0.3332953831613935
        ],
        [
            31,
            0.33330089767327886
        ],
        [
            41,
            0.3332926133493258
        ],
        [
            51,
            0.33330082952462103
        ],
        [
            61,
            0.3332974740103138
        ],
        [
            71,
            0.3332999979845813
        ],
        [
            81,
            0.3332953535815717
        ],
        [
            91,
            0.3333015007940533
        ],
        [
            101,
            0.3332991964272772
        ],
        [
            111,
            0.33329542921955646
        ],
        [
            121,
            0.33329458031229875
        ],
        [
            131,
            0.3332945334207792
        ],
        [
            141,
            0.3332967946265083
        ],
        [
            151,
            0.33329734554381907
        ],
        [
            161,
            0.33329385379289234
        ],
        [
            171,
            0.3332977321586894
        ],
        [
            181,
            0.3332978499644971
        ],
        [
            191,
            0.3332989281276977
        ],
        [
            201,
            0.33329608657542387
        ]
    ],
    "train_loss": [
        [
            0,
            0.32683866195954175
        ],
        [
            1,
            0.3254519516038457
        ],
        [
            2,
            0.3254229836521177
        ],
        [
            3,
            0.32543085208165706
        ],
        [
            4,
            0.3254207823429504
        ],
        [
            5,
            0.3254218269509231
        ],
        [
            6,
            0.32542006229333204
        ],
        [
            7,
            0.32542340951632176
        ],
        [
            8,
            0.3254099974508691
        ],
        [
            9,
            0.3254178046032284
        ],
        [
            10,
            0.32542489467894575
        ],
        [
            11,
            0.3254280504908354
        ],
        [
            12,
            0.3254292164629076
        ],
        [
            13,
            0.32541699434489096
        ],
        [
            14,
            0.32542454565292034
        ],
        [
            15,
            0.3254277890703147
        ],
        [
            16,
            0.32542536859726406
        ],
        [
            17,
            0.3254245593246326
        ],
        [
            18,
            0.32542802928894676
        ],
        [
            19,
            0.3254247220481274
        ],
        [
            20,
            0.3254241417811548
        ],
        [
            21,
            0.3254320697337265
        ],
        [
            22,
            0.3254299548116524
        ],
        [
            23,
            0.32542578309049225
        ],
        [
            24,
            0.32543100308148787
        ],
        [
            25,
            0.3254178347803726
        ],
        [
            26,
            0.3254288862918957
        ],
        [
            27,
            0.32542083631509905
        ],
        [
            28,
            0.32542806273404984
        ],
        [
            29,
            0.32542541829919125
        ],
        [
            30,
            0.32542749852953007
        ],
        [
            31,
            0.32544107459014215
        ],
        [
            32,
            0.3254235318148437
        ],
        [
            33,
            0.32543669780413703
        ],
        [
            34,
            0.3254185079919197
        ],
        [
            35,
            0.3254236976540772
        ],
        [
            36,
            0.3254243951240919
        ],
        [
            37,
            0.32542405869703245
        ],
        [
            38,
            0.3254206641418244
        ],
        [
            39,
            0.32542844779419416
        ],
        [
            40,
            0.3254278245121054
        ],
        [
            41,
            0.3254311372337672
        ],
        [
            42,
            0.3254299000651908
        ],
        [
            43,
            0.32542215961664495
        ],
        [
            44,
            0.3254299169403974
        ],
        [
            45,
            0.3254204155620826
        ],
        [
            46,
            0.3254243578821467
        ],
        [
            47,
            0.32542261699932523
        ],
        [
            48,
            0.3254330574968838
        ],
        [
            49,
            0.3254289495182228
        ],
        [
            50,
            0.3254232604432396
        ],
        [
            51,
            0.32543413774668334
        ],
        [
            52,
            0.32542031748786104
        ],
        [
            53,
            0.3254100857423363
        ],
        [
            54,
            0.32542067507569933
        ],
        [
            55,
            0.32542462648313
        ],
        [
            56,
            0.3254260813496709
        ],
        [
            57,
            0.3254269621597478
        ],
        [
            58,
            0.32542023959747046
        ],
        [
            59,
            0.32541974100544674
        ],
        [
            60,
            0.32542332040961314
        ],
        [
            61,
            0.3254193891625485
        ],
        [
            62,
            0.32542867009563287
        ],
        [
            63,
            0.32542442427686796
        ],
        [
            64,
            0.32542160521052893
        ],
        [
            65,
            0.3254261533499454
        ],
        [
            66,
            0.32542459426407055
        ],
        [
            67,
            0.32542956299705983
        ],
        [
            68,
            0.3254207023195331
        ],
        [
            69,
            0.3254223485642042
        ],
        [
            70,
            0.3254259205913507
        ],
        [
            71,
            0.3254168330622976
        ],
        [
            72,
            0.32542828030849474
        ],
        [
            73,
            0.32541114402116195
        ],
        [
            74,
            0.32542828126293627
        ],
        [
            75,
            0.3254258451776023
        ],
        [
