{
    "test_acc": [
        [
            0,
            0.375
        ],
        [
            1,
            0.375
        ]
    ],
    "test_loss": [
        [
            0,
            1.7979779433969163
        ],
        [
            1,
            4.412610117665412
        ]
    ],
    "train_loss": [
        [
            0,
            6.585759863182671
        ]
    ],
    "epochs_completed": 0
}