{
    "test_acc": [
        [
            0,
            0.375
        ],
        [
            1,
            0.375
        ],
        [
            11,
            0.5
        ],
        [
            21,
            0.625
        ],
        [
            31,
            0.625
        ],
        [
            41,
            0.625
        ],
        [
            51,
            0.625
        ],
        [
            61,
            0.625
        ],
        [
            71,
            0.75
        ],
        [
            81,
            0.625
        ],
        [
            91,
            0.625
        ],
        [
            101,
            0.625
        ],
        [
            111,
            0.625
        ],
        [
            121,
            0.75
        ],
        [
            131,
            0.625
        ],
        [
            141,
            0.625
        ],
        [
            151,
            0.625
        ],
        [
            161,
            0.625
        ],
        [
            171,
            0.625
        ],
        [
            181,
            0.625
        ],
        [
            191,
            0.75
        ],
        [
            201,
            0.375
        ]
    ],
    "test_loss": [
        [
            0,
            1.7979779433969163
        ],
        [
            1,
            4.412610117665412
        ],
        [
            11,
            0.23055690203883228
        ],
        [
            21,
            0.22228894328647636
        ],
        [
            31,
            0.20639661988813596
        ],
        [
            41,
            0.17597650251242297
        ],
        [
            51,
            0.16538835866243368
        ],
        [
            61,
            0.16363631231546721
        ],
        [
            71,
            0.16587357901941235
        ],
        [
            81,
            0.16764420772297559
        ],
        [
            91,
            0.16724693890171952
        ],
        [
            101,
            0.1738408800888745
        ],
        [
            111,
            0.18638963560988644
        ],
        [
            121,
            0.19059877055950566
        ],
        [
            131,
            0.19915445183589148
        ],
        [
            141,
            0.18452703945073595
        ],
        [
            151,
            0.16989075521458014
        ],
        [
            161,
            0.16647584756347783
        ],
        [
            171,
            0.16470185823734845
        ],
        [
            181,
            0.1844289895692387
        ],
        [
            191,
            0.21848668172143332
        ],
        [
            201,
            0.29092607355642397
        ]
    ],
    "train_loss": [
        [
            0,
            6.585759863182671
        ],
        [
            1,
            18.601562654792122
        ],
        [
            2,
            16.53128228443126
        ],
        [
            3,
            14.62023408322726
        ],
        [
            4,
            12.584394864993357
        ],
        [
            5,
            10.44295209621591
        ],
        [
            6,
            8.166351451196073
        ],
        [
            7,
            5.621482106417145
        ],
        [
            8,
            2.5104129771530306
        ],
        [
            9,
            0.2502931224414357
        ],
        [
            10,
            0.09944385164729641
        ],
        [
            11,
            0.2959406402313412
        ],
        [
            12,
            0.09561849935558502
        ],
        [
            13,
            0.08926894694915964
        ],
        [
            14,
            0.09498033948047298
        ],
        [
            15,
            0.0944354703475326
        ],
        [
            16,
            0.09048686210813568
        ],
        [
            17,
            0.08770512210912478
        ],
        [
            18,
            0.08969284090783781
        ],
        [
            19,
            0.08929253211430933
        ],
        [
            20,
            0.08597643250014812
        ],
        [
            21,
            0.11190779198962642
        ],
        [
            22,
            0.08980934091652305
        ],
        [
            23,
            0.08496047799658168
        ],
        [
            24,
            0.08576051292598567
        ],
        [
            25,
            0.08213876427087723
        ],
        [
            26,
            0.07846986336958277
        ],
        [
            27,
            0.07666189479535761
        ],
        [
            28,
            0.07156099905815703
        ],
        [
            29,
            0.07893556097453924
        ],
        [
            30,
            0.0742989889739827
        ],
        [
            31,
            0.08890486185086038
        ],
        [
            32,
            0.06486361103551765
        ],
        [
            33,
            0.06778123448416837
        ],
        [
            34,
            0.06036027711418291
        ],
        [
            35,
            0.06689055911224905
        ],
        [
            36,
            0.06143543951551223
        ],
        [
            37,
            0.0625723143838283
        ],
        [
            38,
            0.06170622578970771
        ],
        [
            39,
            0.061028264557699684
        ],
        [
            40,
            0.055664494189933016
        ],
        [
            41,
            0.08209969231253855
        ],
        [
            42,
            0.06337006512776679
        ],
        [
            43,
            0.0621286392664633
        ],
        [
            44,
            0.06548918288439096
        ],
        [
            45,
            0.05471496141728571
        ],
        [
            46,
            0.05969537104943463
        ],
        [
            47,
            0.055560487968795313
        ],
        [
            48,
            0.05880209640317876
        ],
        [
            49,
            0.05992116486355963
        ],
        [
            50,
            0.05939646849992978
        ],
        [
            51,
            0.08139878592494688
        ],
        [
            52,
            0.05777049697177115
        ],
        [
            53,
            0.059398269087245686
        ],
        [
            54,
            0.05618879824161377
        ],
        [
            55,
            0.05676645218512705
        ],
        [
            56,
            0.05538465115952159
        ],
        [
            57,
            0.056627049159481586
        ],
        [
            58,
            0.05914649982349499
        ],
        [
            59,
            0.053795974131070214
        ],
        [
            60,
            0.05616193663747151
        ],
        [
            61,
            0.07272420778721875
        ],
        [
            62,
            0.05467608519012931
        ],
        [
            63,
            0.05130997800955916
        ],
        [
            64,
            0.05241857935536032
        ],
        [
            65,
            0.05021655788941401
        ],
        [
            66,
            0.05504235915839293
        ],
        [
            67,
            0.05668172952891217
        ],
        [
            68,
            0.05329821739483384
        ],
        [
            69,
            0.056110683182351594
        ],
        [
            70,
            0.055431412286677965
        ],
        [
            71,
            0.06665565121671772
        ],
        [
            72,
            0.05158716662609916
        ],
        [
            73,
            0.053116491445252545
        ],
        [
            74,
            0.04992596301949067
        ],
        [
            75,
