{
    "test_acc": [
        [
            0,
            0.5
        ],
        [
            1,
            0.25
        ]
    ],
    "test_loss": [
        [
            0,
            0.333687035667509
        ],
        [
            1,
            0.33281100834174987
        ]
    ],
    "train_loss": [
        [
            0,
            0.32529571182622324
        ]
    ],
    "epochs_completed": 0
}