{
    "test_acc": [
        [
            0,
            0.5
        ],
        [
            1,
            0.25
        ],
        [
            11,
            0.5
        ],
        [
            21,
            0.125
        ],
        [
            31,
            0.375
        ],
        [
            41,
            0.5
        ],
        [
            51,
            0.375
        ],
        [
            61,
            0.25
        ],
        [
            71,
            0.625
        ],
        [
            81,
            0.25
        ],
        [
            91,
            0.375
        ],
        [
            101,
            0.375
        ],
        [
            111,
            0.25
        ],
        [
            121,
            0.125
        ],
        [
            131,
            0.25
        ],
        [
            141,
            0.375
        ],
        [
            151,
            0.5
        ],
        [
            161,
            0.25
        ],
        [
            171,
            0.5
        ],
        [
            181,
            0.125
        ],
        [
            191,
            0.25
        ],
        [
            201,
            0.375
        ]
    ],
    "test_loss": [
        [
            0,
            0.333687035667509
        ],
        [
            1,
            0.33281100834174987
        ],
        [
            11,
            0.3326204069064962
        ],
        [
            21,
            0.3328470501183566
        ],
        [
            31,
            0.33260642483588726
        ],
        [
            41,
            0.3324290324972368
        ],
        [
            51,
            0.332597248144032
        ],
        [
            61,
            0.33248445443142854
        ],
        [
            71,
            0.332473363933646
        ],
        [
            81,
            0.3325053745376155
        ],
        [
            91,
            0.3324268446715458
        ],
        [
            101,
            0.3325575215784475
        ],
        [
            111,
            0.33255659098352763
        ],
        [
            121,
            0.33252825793361607
        ],
        [
            131,
            0.3324602798773679
        ],
        [
            141,
            0.33240284773616724
        ],
        [
            151,
            0.33240474712923507
        ],
        [
            161,
            0.3325679453676593
        ],
        [
            171,
            0.3325546350059102
        ],
        [
            181,
            0.33252450714913023
        ],
        [
            191,
            0.332593635616329
        ],
        [
            201,
            0.3325077066731446
        ]
    ],
    "train_loss": [
        [
            0,
            0.32529571182622324
        ],
        [
            1,
            0.3244723623045052
        ],
        [
            2,
            0.3246264715563218
        ],
        [
            3,
            0.3247695909474599
        ],
        [
            4,
            0.32476527430933383
        ],
        [
            5,
            0.3246442365303357
        ],
        [
            6,
            0.3247431777872694
        ],
        [
            7,
            0.3246333533107984
        ],
        [
            8,
            0.32461720568868113
        ],
        [
            9,
            0.3246965306100122
        ],
        [
            10,
            0.3246533423682659
        ],
        [
            11,
            0.3246858810576612
        ],
        [
            12,
            0.32473770993367507
        ],
        [
            13,
            0.32475803186245455
        ],
        [
            14,
            0.3247732114930852
        ],
        [
            15,
            0.324711967683446
        ],
        [
            16,
            0.3246184805161454
        ],
        [
            17,
            0.3248145681896654
        ],
        [
            18,
            0.3246687293066381
        ],
        [
            19,
            0.32455562214723055
        ],
        [
            20,
            0.32462798519028696
        ],
        [
            21,
            0.3250737077025991
        ],
        [
            22,
            0.3245935620217683
        ],
        [
            23,
            0.3246240413631665
        ],
        [
            24,
            0.32456888345817697
        ],
        [
            25,
            0.3247476996339052
        ],
        [
            26,
            0.32450853098966764
        ],
        [
            27,
            0.32473622707026745
        ],
        [
            28,
            0.32469335884544676
        ],
        [
            29,
            0.32470402217254685
        ],
        [
            30,
            0.3246030132518236
        ],
        [
            31,
            0.32489796143151267
        ],
        [
            32,
            0.32466332606095843
        ],
        [
            33,
            0.3247210263506272
        ],
        [
            34,
            0.32467207184820973
        ],
        [
            35,
            0.32468041043844603
        ],
        [
            36,
            0.3246160028644172
        ],
        [
            37,
            0.32478916126924257
        ],
        [
            38,
            0.32471514696438397
        ],
        [
            39,
            0.3247382047604317
        ],
        [
            40,
            0.32480034669877217
        ],
        [
            41,
            0.32485417073936435
        ],
        [
            42,
            0.3247062952318171
        ],
        [
            43,
            0.32478440249735563
        ],
        [
            44,
            0.3245660049165136
        ],
        [
            45,
            0.3245655317867238
        ],
        [
            46,
            0.32473283743404857
        ],
        [
            47,
            0.3245721351251161
        ],
        [
            48,
            0.32464904047767956
        ],
        [
            49,
            0.32468908598113017
        ],
        [
            50,
            0.3246605043848041
        ],
        [
            51,
            0.3250250618478852
        ],
        [
            52,
            0.32461992820933605
        ],
        [
            53,
            0.3247934354666678
        ],
        [
            54,
            0.32481278261537977
        ],
        [
            55,
            0.3246492317523527
        ],
        [
            56,
            0.324643681388113
        ],
        [
            57,
            0.3247606598486176
        ],
        [
            58,
            0.3247225746340026
        ],
        [
            59,
            0.3247866841517996
        ],
        [
            60,
            0.32463231922583685
        ],
        [
            61,
            0.32486255876125586
        ],
        [
            62,
            0.3246624957607405
        ],
        [
            63,
            0.32478356688919524
        ],
        [
            64,
            0.32470980817291717
        ],
        [
            65,
            0.3245714477024271
        ],
        [
            66,
            0.3246503185639214
        ],
        [
            67,
            0.32469510319361605
        ],
        [
            68,
            0.3246796184717171
        ],
        [
            69,
            0.32463147005925763
        ],
        [
            70,
            0.3246091563123477
        ],
        [
            71,
            0.32489319387804955
        ],
        [
            72,
            0.32475439844160764
        ],
        [
            73,
            0.3246437836562097
        ],
        [
            74,
            0.3246232524395911
        ],
        [
            75,
            0.32460055544560207
        ],
        [
            76,
