{
    "test_acc": [
        [
            0,
            0.375
        ],
        [
            1,
            0.25
        ],
        [
            11,
            0.5
        ],
        [
            21,
            0.375
        ],
        [
            31,
            0.375
        ],
        [
            41,
            0.375
        ],
        [
            51,
            0.375
        ],
        [
            61,
            0.375
        ],
        [
            71,
            0.375
        ],
        [
            81,
            0.375
        ],
        [
            91,
            0.375
        ],
        [
            101,
            0.375
        ],
        [
            111,
            0.25
        ],
        [
            121,
            0.125
        ],
        [
            131,
            0.5
        ],
        [
            141,
            0.5
        ],
        [
            151,
            0.375
        ],
        [
            161,
            0.25
        ],
        [
            171,
            0.5
        ],
        [
            181,
            0.25
        ],
        [
            191,
            0.25
        ],
        [
            201,
            0.375
        ]
    ],
    "test_loss": [
        [
            0,
            1.1212117830166437
        ],
        [
            1,
            0.3141930972763502
        ],
        [
            11,
            0.29729666802605903
        ],
        [
            21,
            0.29650722062263213
        ],
        [
            31,
            0.2947865878841361
        ],
        [
            41,
            0.2937888735342116
        ],
        [
            51,
            0.3038986181248964
        ],
        [
            61,
            0.30096524128833524
        ],
        [
            71,
            0.30236463675157105
        ],
        [
            81,
            0.2986453173415464
        ],
        [
            91,
            0.298287638326689
        ],
        [
            101,
            0.3039041682582021
        ],
        [
            111,
            0.3026307191587379
        ],
        [
            121,
            0.29856515806684664
        ],
        [
            131,
            0.29811188613295914
        ],
        [
            141,
            0.300038476781036
        ],
        [
            151,
            0.29845781123688137
        ],
        [
            161,
            0.3032003754028827
        ],
        [
            171,
            0.2988054357655169
        ],
        [
            181,
            0.3077663445776193
        ],
        [
            191,
            0.31157765922987213
        ],
        [
            201,
            0.30585681534577047
        ]
    ],
    "train_loss": [
        [
            0,
            0.23061285558367303
        ],
        [
            1,
            0.1844032342027084
        ],
        [
            2,
            0.17844959728934495
        ],
        [
            3,
            0.1758508446511491
        ],
        [
            4,
            0.17655269986198205
        ],
        [
            5,
            0.17774287553499934
        ],
        [
            6,
            0.16858455110949544
        ],
        [
            7,
            0.17524918668214484
        ],
        [
            8,
            0.17571972959691293
        ],
        [
            9,
            0.17291916097201562
        ],
        [
            10,
            0.17842237378637657
        ],
        [
            11,
            0.17960646071679073
        ],
        [
            12,
            0.1694048822141181
        ],
        [
            13,
            0.16754173675096307
        ],
        [
            14,
            0.16653095772696735
        ],
        [
            15,
            0.16710062010781243
        ],
        [
            16,
            0.1626329949051541
        ],
        [
            17,
            0.1707786171725131
        ],
        [
            18,
            0.17040325976376788
        ],
        [
            19,
            0.16919539853601376
        ],
        [
            20,
            0.17122926309210837
        ],
        [
            21,
            0.17784053414734377
        ],
        [
            22,
            0.1651032479548795
        ],
        [
            23,
            0.16778398594219404
        ],
        [
            24,
            0.16942256208979098
        ],
        [
            25,
            0.17072644073341162
        ],
        [
            26,
            0.16926197075775573
        ],
        [
            27,
            0.17268448846873138
        ],
        [
            28,
            0.16852284818236019
        ],
        [
            29,
            0.1712851585444072
        ],
        [
            30,
            0.17377388917903236
        ],
        [
            31,
            0.1795721950581628
        ],
        [
            32,
            0.17282770887930277
        ],
        [
            33,
            0.17005311354552366
        ],
        [
            34,
            0.16985996489881583
        ],
        [
            35,
            0.17235807121183866
        ],
        [
            36,
            0.16722678452329373
        ],
        [
            37,
            0.17218455625606635
        ],
        [
            38,
            0.16806523931477876
        ],
        [
            39,
            0.17265514943363428
        ],
        [
            40,
            0.16981769713037584
        ],
        [
            41,
            0.18133337946255942
        ],
        [
            42,
            0.17237797108212802
        ],
        [
            43,
            0.17303207398521273
        ],
        [
            44,
            0.1715557497127568
        ],
        [
            45,
            0.17003845700679907
        ],
        [
            46,
            0.17240943061026034
        ],
        [
            47,
            0.1707915394308174
        ],
        [
            48,
            0.17200753132696348
        ],
        [
            49,
            0.17267299645589917
        ],
        [
            50,
            0.17549773057037635
        ],
        [
            51,
            0.17954024351414755
        ],
        [
            52,
            0.16800903030051573
        ],
        [
            53,
            0.16860192480082328
        ],
        [
            54,
            0.17350888690829794
        ],
        [
            55,
            0.17074396811266931
        ],
        [
            56,
            0.16829268242710893
        ],
        [
            57,
            0.1681953413505315
        ],
        [
            58,
            0.1662302586315207
        ],
        [
            59,
            0.16969563428639256
        ],
        [
            60,
            0.16720163053920045
        ],
        [
            61,
            0.1735730074932796
        ],
        [
            62,
            0.1706867552675606
        ],
        [
            63,
            0.16623099247166603
        ],
        [
            64,
            0.1682994523435761
        ],
        [
            65,
            0.16769980112491947
        ],
        [
            66,
            0.16814666583344604
        ],
        [
            67,
            0.16866661711804407
        ],
        [
            68,
            0.16716868264024218
        ],
        [
            69,
            0.17002728199072795
        ],
        [
            70,
            0.1730500208326556
        ],
        [
            71,
            0.17979401252349012
        ],
        [
            72,
            0.16921942664506673
        ],
        [
            73,
            0.16872884138484992
        ],
        [
            74,
            0.1659993550693453
        ],
        [
            75,
            0.17169259085351515
