{
    "test_acc": [
        [
            0,
            0.375
        ],
        [
            1,
            0.25
        ]
    ],
    "test_loss": [
        [
            0,
            1.1212117830166437
        ],
        [
            1,
            0.3141930972763502
        ]
    ],
    "train_loss": [
        [
            0,
            0.23061285558367303
        ]
    ],
    "epochs_completed": 0
}