{
    "test_acc": [
        [
            0,
            0.25
        ],
        [
            1,
            0.25
        ]
    ],
    "test_loss": [
        [
            0,
            0.34037283077398406
        ],
        [
            1,
            0.3313387735203043
        ]
    ],
    "train_loss": [
        [
            0,
            0.32118411092573995
        ]
    ],
    "epochs_completed": 0
}