{
    "test_acc": [
        [
            0,
            0.25
        ],
        [
            1,
            0.25
        ],
        [
            11,
            0.375
        ],
        [
            21,
            0.125
        ],
        [
            31,
            0.375
        ],
        [
            41,
            0.125
        ],
        [
            51,
            0.25
        ],
        [
            61,
            0.5
        ],
        [
            71,
            0.375
        ],
        [
            81,
            0.25
        ],
        [
            91,
            0.5
        ],
        [
            101,
            0.375
        ],
        [
            111,
            0.375
        ],
        [
            121,
            0.25
        ],
        [
            131,
            0.25
        ],
        [
            141,
            0.375
        ],
        [
            151,
            0.375
        ],
        [
            161,
            0.25
        ],
        [
            171,
            0.375
        ],
        [
            181,
            0.25
        ],
        [
            191,
            0.375
        ],
        [
            201,
            0.25
        ]
    ],
    "test_loss": [
        [
            0,
            0.34037283077398406
        ],
        [
            1,
            0.3313387735203043
        ],
        [
            11,
            0.33025735032653436
        ],
        [
            21,
            0.33018216656014343
        ],
        [
            31,
            0.3305561260573005
        ],
        [
            41,
            0.33024753048129996
        ],
        [
            51,
            0.33068316048362395
        ],
        [
            61,
            0.33052977637238495
        ],
        [
            71,
            0.3305080644932149
        ],
        [
            81,
            0.33042450970722653
        ],
        [
            91,
            0.3300882274814599
        ],
        [
            101,
            0.3304533883332773
        ],
        [
            111,
            0.33049098510170477
        ],
        [
            121,
            0.3305602178407545
        ],
        [
            131,
            0.3304264232862439
        ],
        [
            141,
            0.33036075575306717
        ],
        [
            151,
            0.3300644136802494
        ],
        [
            161,
            0.33050460871695536
        ],
        [
            171,
            0.3304025583738799
        ],
        [
            181,
            0.3306513597425146
        ],
        [
            191,
            0.3302548086773592
        ],
        [
            201,
            0.3304398914233876
        ]
    ],
    "train_loss": [
        [
            0,
            0.32118411092573995
        ],
        [
            1,
            0.31455806686998483
        ],
        [
            2,
            0.3168932408392509
        ],
        [
            3,
            0.31718165457318853
        ],
        [
            4,
            0.3175430339377433
        ],
        [
            5,
            0.31725468966031173
        ],
        [
            6,
            0.3169196545899053
        ],
        [
            7,
            0.31709627663898377
        ],
        [
            8,
            0.31684036864072146
        ],
        [
            9,
            0.3169980058191239
        ],
        [
            10,
            0.31714413933224106
        ],
        [
            11,
            0.31738900582297885
        ],
        [
            12,
            0.3172401839766961
        ],
        [
            13,
            0.317075089685331
        ],
        [
            14,
            0.31684941503350755
        ],
        [
            15,
            0.31718669667659566
        ],
        [
            16,
            0.317073437536886
        ],
        [
            17,
            0.3171929918212301
        ],
        [
            18,
            0.31708064125282337
        ],
        [
            19,
            0.31707741312977294
        ],
        [
            20,
            0.31686829331326904
        ],
        [
            21,
            0.318001362430073
        ],
        [
            22,
            0.31716092128403006
        ],
        [
            23,
            0.3172591105957127
        ],
        [
            24,
            0.31699816987813717
        ],
        [
            25,
            0.3168111688697309
        ],
        [
            26,
            0.3169883229028389
        ],
        [
            27,
            0.3171021661369438
        ],
        [
            28,
            0.3171634472098324
        ],
        [
            29,
            0.3169424308493565
        ],
        [
            30,
            0.3170275988048152
        ],
        [
            31,
            0.3180462565306274
        ],
        [
            32,
            0.31728879886634975
        ],
        [
            33,
            0.31698894067093225
        ],
        [
            34,
            0.3170248630799944
        ],
        [
            35,
            0.3169990285699272
        ],
        [
            36,
            0.3170805638144963
        ],
        [
            37,
            0.31709480702138376
        ],
        [
            38,
            0.3171417856152899
        ],
        [
            39,
            0.31712124490305643
        ],
        [
            40,
            0.31711556715700967
        ],
        [
            41,
            0.3179207157635879
        ],
        [
            42,
            0.3172181607900235
        ],
        [
            43,
            0.3171256662090484
        ],
        [
            44,
            0.31700869583295166
        ],
        [
            45,
            0.3170297804754019
        ],
        [
            46,
            0.31704861319432687
        ],
        [
            47,
            0.3170316521836583
        ],
        [
            48,
            0.3171498015959373
        ],
        [
            49,
            0.31709247463625156
        ],
        [
            50,
            0.3170333349666947
        ],
        [
            51,
            0.31783749014572854
        ],
        [
            52,
            0.31709951883860216
        ],
        [
            53,
            0.31702404700347725
        ],
        [
            54,
            0.31713429618175765
        ],
        [
            55,
            0.31699908790088505
        ],
        [
            56,
            0.3170525254316377
        ],
        [
            57,
            0.3171383825707936
        ],
        [
            58,
            0.3170637104848046
        ],
        [
            59,
            0.3172085864496328
        ],
        [
            60,
            0.3170690703407684
        ],
        [
            61,
            0.31811546081806863
        ],
        [
            62,
            0.3172585902111531
        ],
        [
            63,
            0.3170060330504788
        ],
        [
            64,
            0.31703846052626816
        ],
        [
            65,
            0.31709900913461125
        ],
        [
            66,
            0.31708075991218115
        ],
        [
            67,
            0.31704323596424827
        ],
        [
            68,
            0.3170933097156481
        ],
        [
            69,
            0.3171113972399946
        ],
        [
            70,
            0.3170348912046172
        ],
        [
            71,
            0.31778343086891037
        ],
        [
            72,
            0.317035280230391
        ],
        [
            73,
            0.3170481914547834
        ],
        [
            74,
            0.317063198873798
        ],
        [
            75,
            0.3171962776029411
        ],
        [
