{
    "test_acc": [
        [
            0,
            0.25
        ],
        [
            1,
            0.5
        ]
    ],
    "test_loss": [
        [
            0,
            2.1914660613074117
        ],
        [
            1,
            0.2992509628288644
        ]
    ],
    "train_loss": [
        [
            0,
            0.16852148915642573
        ]
    ],
    "epochs_completed": 0
}