{
    "test_acc": [
        [
            0,
            0.25
        ],
        [
            1,
            0.5
        ],
        [
            11,
            0.625
        ],
        [
            21,
            0.75
        ],
        [
            31,
            0.625
        ],
        [
            41,
            0.625
        ],
        [
            51,
            0.625
        ],
        [
            61,
            0.625
        ],
        [
            71,
            0.625
        ],
        [
            81,
            0.75
        ],
        [
            91,
            0.75
        ],
        [
            101,
            0.625
        ],
        [
            111,
            0.625
        ],
        [
            121,
            0.625
        ],
        [
            131,
            0.625
        ],
        [
            141,
            0.75
        ],
        [
            151,
            0.375
        ],
        [
            161,
            0.75
        ],
        [
            171,
            0.5
        ],
        [
            181,
            0.75
        ],
        [
            191,
            0.75
        ],
        [
            201,
            0.625
        ]
    ],
    "test_loss": [
        [
            0,
            2.1914660613074117
        ],
        [
            1,
            0.2992509628288644
        ],
        [
            11,
            0.21528640595754023
        ],
        [
            21,
            0.16305466399957164
        ],
        [
            31,
            0.15569815570193007
        ],
        [
            41,
            0.15639543402447043
        ],
        [
            51,
            0.15909151103743213
        ],
        [
            61,
            0.1608851599987585
        ],
        [
            71,
            0.1637672170230301
        ],
        [
            81,
            0.1601431113139648
        ],
        [
            91,
            0.15757440045056367
        ],
        [
            101,
            0.1622676434419663
        ],
        [
            111,
            0.15619286308047864
        ],
        [
            121,
            0.1650061990555691
        ],
        [
            131,
            0.16118665776007327
        ],
        [
            141,
            0.15846176189843028
        ],
        [
            151,
            0.16782738490771967
        ],
        [
            161,
            0.16065341103802938
        ],
        [
            171,
            0.16367941382756993
        ],
        [
            181,
            0.1560554794411116
        ],
        [
            191,
            0.15895777918908766
        ],
        [
            201,
            0.1637965126107045
        ]
    ],
    "train_loss": [
        [
            0,
            0.16852148915642573
        ],
        [
            1,
            0.1367777826759176
        ],
        [
            2,
            0.10435258725501455
        ],
        [
            3,
            0.10329260975219616
        ],
        [
            4,
            0.09158476129313241
        ],
        [
            5,
            0.08867014894405321
        ],
        [
            6,
            0.09096112215442174
        ],
        [
            7,
            0.07475209966140421
        ],
        [
            8,
            0.08413454987985769
        ],
        [
            9,
            0.07814903802942424
        ],
        [
            10,
            0.0749925736025785
        ],
        [
            11,
            0.08860203805342264
        ],
        [
            12,
            0.048424772573405606
        ],
        [
            13,
            0.050339467048248654
        ],
        [
            14,
            0.05383617285151681
        ],
        [
            15,
            0.05088668644418146
        ],
        [
            16,
            0.051018363919694776
        ],
        [
            17,
            0.04796957511288463
        ],
        [
            18,
            0.04556212806309154
        ],
        [
            19,
            0.050072514068011574
        ],
        [
            20,
            0.04661295600151999
        ],
        [
            21,
            0.08592270273207053
        ],
        [
            22,
            0.06251971492316855
        ],
        [
            23,
            0.05627644410215538
        ],
        [
            24,
            0.056920143509043016
        ],
        [
            25,
            0.05185420064797844
        ],
        [
            26,
            0.054860007055904846
        ],
        [
            27,
            0.05135482569677561
        ],
        [
            28,
            0.04956608100420972
        ],
        [
            29,
            0.048326959968184646
        ],
        [
            30,
            0.05039043152184899
        ],
        [
            31,
            0.06529256642117585
        ],
        [
            32,
            0.054864170473290765
        ],
        [
            33,
            0.05147347424016518
        ],
        [
            34,
            0.0523024470840582
        ],
        [
            35,
            0.05031524832931026
        ],
        [
            36,
            0.048370581935661704
        ],
        [
            37,
            0.04643038155914966
        ],
        [
            38,
            0.035801935873953965
        ],
        [
            39,
            0.04931556021775988
        ],
        [
            40,
            0.04635793553754219
        ],
        [
            41,
            0.06829506003890667
        ],
        [
            42,
            0.052203051749548306
        ],
        [
            43,
            0.049276161355683024
        ],
        [
            44,
            0.04682154987365533
        ],
        [
            45,
            0.048650676437437985
        ],
        [
            46,
            0.046991817451597244
        ],
        [
            47,
            0.0470781972472773
        ],
        [
            48,
            0.04541581179412915
        ],
        [
            49,
            0.04184765076705271
        ],
        [
            50,
            0.04462878128872962
        ],
        [
            51,
            0.07120658120553351
        ],
        [
            52,
            0.049506379370205654
        ],
        [
            53,
            0.0520245676548917
        ],
        [
            54,
            0.0503120874324833
        ],
        [
            55,
            0.04557257067577832
        ],
        [
            56,
            0.048788012466571745
        ],
        [
            57,
            0.048336497114521614
        ],
        [
            58,
            0.045645443038261034
        ],
        [
            59,
            0.04672051954297272
        ],
        [
            60,
            0.045572597455244425
        ],
        [
            61,
            0.06728677511362924
        ],
        [
            62,
            0.04896859033990667
        ],
        [
            63,
            0.05034490789802502
        ],
        [
            64,
            0.04827615240717382
        ],
        [
            65,
            0.046961411736373714
        ],
        [
            66,
            0.044610419406242774
        ],
        [
            67,
            0.04237124680193347
        ],
        [
            68,
            0.04670857682269946
        ],
        [
            69,
            0.044238558756776264
        ],
        [
            70,
            0.04293050969572221
        ],
        [
            71,
            0.05772148179168934
        ],
        [
            72,
            0.04454279991990607
        ],
        [
            73,
            0.04444213298505128
        ],
        [
            74,
            0.043891605451099956
        ],
        [
