{
    "test_acc": [
        [
            0,
            0.25
        ],
        [
            1,
            0.25
        ],
        [
            11,
            0.375
        ],
        [
            21,
            0.375
        ],
        [
            31,
            0.375
        ],
        [
            41,
            0.375
        ],
        [
            51,
            0.5
        ],
        [
            61,
            0.375
        ]
    ],
    "test_loss": [
        [
            0,
            1.4468297289154428
        ],
        [
            1,
            23.274376351378024
        ],
        [
            11,
            1506.613177400831
        ],
        [
            21,
            3005.0857515901916
        ],
        [
            31,
            4142.760565793256
        ],
        [
            41,
            4926.259401187195
        ],
        [
            51,
            4566.209919786221
        ],
        [
            61,
            5913.284416497592
        ]
    ],
    "train_loss": [
        [
            0,
            13.796208893204202
        ],
        [
            1,
            31.773674533215573
        ],
        [
            2,
            69.59033862987381
        ],
        [
            3,
            147.05929691465252
        ],
        [
            4,
            262.46193982433556
        ],
        [
            5,
            421.508196218821
        ],
        [
            6,
            610.6165559904116
        ],
        [
            7,
            893.7155464472502
        ],
        [
            8,
            1059.405987227365
        ],
        [
            9,
            1189.828287836697
        ],
        [
            10,
            1518.5084306005544
        ],
        [
            11,
            1597.0819941862674
        ],
        [
            12,
            1805.3802232122353
        ],
        [
            13,
            1933.1448485370881
        ],
        [
            14,
            2352.1391708863644
        ],
        [
            15,
            2165.6522811866557
        ],
        [
            16,
            2454.3289940741083
        ],
        [
            17,
            2594.7986124245635
        ],
        [
            18,
            2965.250471507245
        ],
        [
            19,
            2987.028613354151
        ],
        [
            20,
            3060.977318384794
        ],
        [
            21,
            2976.880774719683
        ],
        [
            22,
            3251.8696081817293
        ],
        [
            23,
            3092.2224714640943
        ],
        [
            24,
            3288.566501404775
        ],
        [
            25,
            3313.4258720614184
        ],
        [
            26,
            3452.694939028604
        ],
        [
            27,
            3726.160759633729
        ],
        [
            28,
            3664.0893066132435
        ],
        [
            29,
            3649.357208914966
        ],
        [
            30,
            3787.1317051394694
        ],
        [
            31,
            4060.667880734521
        ],
        [
            32,
            3628.907338922801
        ],
        [
            33,
            3808.914758700881
        ],
        [
            34,
            4228.501321193875
        ],
        [
            35,
            4028.2549300382725
        ],
        [
            36,
            3905.7873101400824
        ],
        [
            37,
            3984.405174437617
        ],
        [
            38,
            4101.042205665461
        ],
        [
            39,
            4503.326228177269
        ],
        [
            40,
            4306.323140341178
        ],
        [
            41,
            4277.745272474708
        ],
        [
            42,
            4504.5175683631105
        ],
        [
            43,
            4246.296360985105
        ],
        [
            44,
            4433.603441693868
        ],
        [
            45,
            4572.869747860968
        ],
        [
            46,
            4507.05843242776
        ],
        [
            47,
            4992.864397357268
        ],
        [
            48,
            4818.955962253243
        ],
        [
            49,
            4847.058545819444
        ],
        [
            50,
            4583.176693857203
        ],
        [
            51,
            4788.07068275569
        ],
        [
            52,
            5393.088179769285
        ],
        [
            53,
            5466.865827620098
        ],
        [
            54,
            5133.385839704718
        ],
        [
            55,
            4407.867981152343
        ],
        [
            56,
            4513.732545072849
        ],
        [
            57,
            5580.402156710593
        ],
        [
            58,
            5915.030167194757
        ],
        [
            59,
            5471.745798323449
        ],
        [
            60,
            5297.996118085246
        ]
    ],