{
    "test_acc": [
        [
            0,
            0.25
        ],
        [
            1,
            0.375
        ]
    ],
    "test_loss": [
        [
            0,
            0.32649877629644614
        ],
        [
            1,
            0.3339460529231446
        ]
    ],
    "train_loss": [
        [
            0,
            0.32683866195954175
        ]
    ],
    "epochs_completed": 0
}