{
    "test_acc": [
        [
            0,
            0.25
        ],
        [
            1,
            0.375
        ]
    ],
    "test_loss": [
        [
            0,
            5.77538218390978
        ],
        [
            1,
            66.58490799158116
        ]
    ],
    "train_loss": [
        [
            0,
            48.32563357195455
        ]
    ],
    "apical_error": [
        [
            0,
            2.2611457977932847
        ]
    ],
    "intn_error": [
        [
            0,
            8.142008035498342e-07
        ]
    ],
    "ff_error": [],
    "fb_error": [],
    "epochs_completed": 0
}