{
    "test_acc": [
        [
            0,
            0.375
        ],
        [
            1,
            0.375
        ]
    ],
    "test_loss": [
        [
            0,
            0.8002582785539714
        ],
        [
            1,
            0.29318059786644335
        ]
    ],
    "train_loss": [
        [
            0,
            0.6205317819428124
        ],
        [
            0,
            0.5462583190528356
        ],
        [
            0,
            1.0663018912388031
        ],
        [
            0,
            0.37049507238487306
        ],
        [
            0,
            0.8828319998680412
        ],
        [
            0,
            0.38033570233555775
        ],
        [
            0,
            0.7525161003507984
        ],
        [
            0,
            0.21936489569909748
        ],
        [
            0,
            0.840397512024257
        ],
        [
            0,
            0.21169223824125716
        ],
        [
            0,
            0.4321054810931262
        ],
        [
            0,
            0.5356451411643922
        ],
        [
            0,
            0.14142863875987502
        ],
        [
            0,
            0.27336167487078944
        ],
        [
            0,
            0.24899717716997563
        ],
        [
            0,
            0.23126904241570348
        ],
        [
            0,
            0.22103361649039158
        ],
        [
            0,
            0.17934462443630605
        ],
        [
            0,
            0.2606244330396585
        ],
        [
            0,
            0.19193800240523964
        ],
        [
            0,
            0.14715773395258616
        ],
        [
            0,
            0.3412886656138941
        ],
        [
            0,
            0.305808366897067
        ],
        [
            0,
            0.038876625150544276
        ]
    ],
    "epochs_completed": 0
}