{
    "test_acc": [
        [
            0,
            0.25
        ],
        [
            1,
            0.375
        ],
        [
            11,
            0.375
        ],
        [
            21,
            0.625
        ],
        [
            31,
            0.625
        ],
        [
            41,
            0.75
        ],
        [
            51,
            0.75
        ],
        [
            61,
            0.5
        ],
        [
            71,
            0.625
        ],
        [
            81,
            0.5
        ],
        [
            91,
            0.625
        ],
        [
            101,
            0.75
        ],
        [
            111,
            0.625
        ],
        [
            121,
            0.5
        ],
        [
            131,
            0.75
        ],
        [
            141,
            0.375
        ],
        [
            151,
            0.625
        ],
        [
            161,
            0.625
        ],
        [
            171,
            0.75
        ],
        [
            181,
            0.625
        ],
        [
            191,
            0.625
        ],
        [
            201,
            0.625
        ]
    ],
    "test_loss": [
        [
            0,
            1.3685444995893592
        ],
        [
            1,
            1.9345560879454804
        ],
        [
            11,
            0.2406949918490801
        ],
        [
            21,
            0.19499458766899944
        ],
        [
            31,
            0.1784241769212087
        ],
        [
            41,
            0.16379965912553404
        ],
        [
            51,
            0.16163958903065587
        ],
        [
            61,
            0.16253234684901802
        ],
        [
            71,
            0.17398691082090842
        ],
        [
            81,
            0.16909721519257342
        ],
        [
            91,
            0.16600354642363538
        ],
        [
            101,
            0.16562349631922763
        ],
        [
            111,
            0.17287410200234288
        ],
        [
            121,
            0.19508201057416957
        ],
        [
            131,
            0.18654825021194074
        ],
        [
            141,
            0.1756400948103646
        ],
        [
            151,
            0.17139682128539918
        ],
        [
            161,
            0.17483019947502454
        ],
        [
            171,
            0.16492642280882785
        ],
        [
            181,
            0.1721153888568267
        ],
        [
            191,
            0.16131744587086286
        ],
        [
            201,
            0.16752687691840615
        ]
    ],
    "train_loss": [
        [
            0,
            3.6094871392638743
        ],
        [
            1,
            7.23871489731625
        ],
        [
            2,
            5.307927129866683
        ],
        [
            3,
            3.2053245808923876
        ],
        [
            4,
            0.852969452863662
        ],
        [
            5,
            0.1245868997782047
        ],
        [
            6,
            0.11470786272940299
        ],
        [
            7,
            0.10065458445849507
        ],
        [
            8,
            0.10199973958783377
        ],
        [
            9,
            0.09504077904389717
        ],
        [
            10,
            0.09037107039617269
        ],
        [
            11,
            0.14845961366212823
        ],
        [
            12,
            0.06245064103619357
        ],
        [
            13,
            0.060722924221333165
        ],
        [
            14,
            0.0648391172574391
        ],
        [
            15,
            0.0629076652243128
        ],
        [
            16,
            0.06540612719058982
        ],
        [
            17,
            0.06057116849625784
        ],
        [
            18,
            0.058346984441471995
        ],
        [
            19,
            0.06373355375335196
        ],
        [
            20,
            0.060343283477106234
        ],
        [
            21,
            0.06901346732894946
        ],
        [
            22,
            0.05557400212407693
        ],
        [
            23,
            0.04993906140416082
        ],
        [
            24,
            0.05150658428456109
        ],
        [
            25,
            0.051664373348004465
        ],
        [
            26,
            0.052161684685303356
        ],
        [
            27,
            0.050429709608387586
        ],
        [
            28,
            0.050835899412086764
        ],
        [
            29,
            0.05348104268133025
        ],
        [
            30,
            0.048254448677616746
        ],
        [
            31,
            0.07091133298244778
        ],
        [
            32,
            0.052030586505813464
        ],
        [
            33,
            0.04988750189037618
        ],
        [
            34,
            0.048287484099827464
        ],
        [
            35,
            0.04547844633345131
        ],
        [
            36,
            0.04981968453981991
        ],
        [
            37,
            0.04747192606375128
        ],
        [
            38,
            0.047424702350547514
        ],
        [
            39,
            0.04834384436412403
        ],
        [
            40,
            0.04774376991181284
        ],
        [
            41,
            0.069326706219065
        ],
        [
            42,
            0.0432933027516387
        ],
        [
            43,
            0.049091189241346915
        ],
        [
            44,
            0.046542009389251814
        ],
        [
            45,
            0.04797528069034204
        ],
        [
            46,
            0.045573234896507685
        ],
        [
            47,
            0.046243748046923806
        ],
        [
            48,
            0.04531291427304471
        ],
        [
            49,
            0.04377412641723538
        ],
        [
            50,
            0.046502830653242705
        ],
        [
            51,
            0.06249255746403006
        ],
        [
            52,
            0.045904847808699974
        ],
        [
            53,
            0.0464736600093634
        ],
        [
            54,
            0.04541720158790189
        ],
        [
            55,
            0.04532005597262274
        ],
        [
            56,
            0.04287629490879935
        ],
        [
            57,
            0.04275537446354155
        ],
        [
            58,
            0.038047171666895876
        ],
        [
            59,
            0.039059004285322226
        ],
        [
            60,
            0.043219306124465416
        ],
        [
            61,
            0.05689065787916572
        ],
        [
            62,
            0.041203983310986146
        ],
        [
            63,
            0.04158823101893954
        ],
        [
            64,
            0.04265903212192152
        ],
        [
            65,
            0.03547891710347314
        ],
        [
            66,
            0.04160650238345188
        ],
        [
            67,
            0.03991304851632942
        ],
        [
            68,
            0.041060310770017684
        ],
        [
            69,
            0.04009626919638174
        ],
        [
            70,
            0.038781984247744886
        ],
        [
            71,
            0.05843609039831151
        ],
        [
            72,
            0.032127842160182545
        ],
        [
            73,
            0.04287872187073311
        ],
        [
            74,
            0.03926586552665925
        ],
        [
            75,
