{
    "test_acc": [
        [
            0,
            0.25
        ],
        [
            1,
            0.375
        ]
    ],
    "test_loss": [
        [
            0,
            1.3685444995893592
        ],
        [
            1,
            1.9345560879454804
        ]
    ],
    "train_loss": [
        [
            0,
            3.6094871392638743
        ]
    ],
    "epochs_completed": 0
}