{
    "test_acc": [
        [
            0,
            0.375
        ],
        [
            1,
            0.375
        ]
    ],
    "test_loss": [
        [
            0,
            0.35465808376831565
        ],
        [
            1,
            0.33297669084873005
        ]
    ],
    "train_loss": [
        [
            0,
            0.29963030728876805
        ],
        [
            0,
            0.30638970405724697
        ],
        [
            0,
            0.3590008878599679
        ],
        [
            0,
            0.3183959537028238
        ],
        [
            0,
            0.3164267558410761
        ],
        [
            0,
            0.31288505134186123
        ],
        [
            0,
            0.3151367975059026
        ],
        [
            0,
            0.31303876851476203
        ],
        [
            0,
            0.3145900478374387
        ],
        [
            0,
            0.31510444563728485
        ],
        [
            0,
            0.31466160526129394
        ],
        [
            0,
            0.31356915546886893
        ],
        [
            0,
            0.314553336579899
        ],
        [
            0,
            0.3150712701311605
        ],
        [
            0,
            0.31434626866114956
        ],
        [
            0,
            0.3144939315492878
        ],
        [
            0,
            0.3145862843140479
        ],
        [
            0,
            0.3136235965505453
        ],
        [
            0,
            0.3137332493716329
        ],
        [
            0,
            0.313810685700337
        ],
        [
            0,
            0.315047620523453
        ],
        [
            0,
            0.31369984972899645
        ],
        [
            0,
            0.3146365084889338
        ],
        [
            0,
            0.31382997603689333
        ]
    ],
    "epochs_completed": 0
}