{
    "test_acc": [
        [
            0,
            0.375
        ],
        [
            1,
            0.25
        ],
        [
            11,
            0.25
        ],
        [
            21,
            0.375
        ],
        [
            31,
            0.25
        ],
        [
            41,
            0.625
        ],
        [
            51,
            0.25
        ],
        [
            61,
            0.625
        ],
        [
            71,
            0.625
        ],
        [
            81,
            0.375
        ],
        [
            91,
            0.375
        ],
        [
            101,
            0.75
        ],
        [
            111,
            0.625
        ],
        [
            121,
            0.375
        ],
        [
            131,
            0.375
        ],
        [
            141,
            0.5
        ],
        [
            151,
            0.5
        ],
        [
            161,
            0.5
        ],
        [
            171,
            0.375
        ],
        [
            181,
            0.5
        ],
        [
            191,
            0.375
        ],
        [
            201,
            0.625
        ]
    ],
    "test_loss": [
        [
            0,
            0.37995666766705605
        ],
        [
            1,
            0.3116202118756657
        ],
        [
            11,
            0.30602696062711754
        ],
        [
            21,
            0.30457454293931757
        ],
        [
            31,
            0.3051728201600638
        ],
        [
            41,
            0.30178921929645186
        ],
        [
            51,
            0.301110364110291
        ],
        [
            61,
            0.2976516012479603
        ],
        [
            71,
            0.2952611741441391
        ],
        [
            81,
            0.298991704671325
        ],
        [
            91,
            0.3005655192793189
        ],
        [
            101,
            0.2991510713240255
        ],
        [
            111,
            0.29826465690703063
        ],
        [
            121,
            0.2984786729819612
        ],
        [
            131,
            0.3002178826583033
        ],
        [
            141,
            0.3001805458543992
        ],
        [
            151,
            0.30137441280228816
        ],
        [
            161,
            0.29851178278232027
        ],
        [
            171,
            0.3025005110747467
        ],
        [
            181,
            0.29735290878338116
        ],
        [
            191,
            0.2995446766843278
        ],
        [
            201,
            0.29604947031459583
        ]
    ],
    "train_loss": [
        [
            0,
            0.2939643806935382
        ],
        [
            1,
            0.2657104268011277
        ],
        [
            2,
            0.261606013019593
        ],
        [
            3,
            0.26097713053908905
        ],
        [
            4,
            0.2620338719551343
        ],
        [
            5,
            0.2589862367921703
        ],
        [
            6,
            0.2606028499224931
        ],
        [
            7,
            0.26000371808104744
        ],
        [
            8,
            0.2595474341003114
        ],
        [
            9,
            0.2600419605872976
        ],
        [
            10,
            0.2598537067064919
        ],
        [
            11,
            0.26198845721086755
        ],
        [
            12,
            0.25776783808851755
        ],
        [
            13,
            0.25705874806676127
        ],
        [
            14,
            0.25701418267765275
        ],
        [
            15,
            0.25601691816679106
        ],
        [
            16,
            0.25862378585921225
        ],
        [
            17,
            0.2556862386838766
        ],
        [
            18,
            0.25865396819963704
        ],
        [
            19,
            0.2555938629698249
        ],
        [
            20,
            0.25932255844310964
        ],
        [
            21,
            0.2641884766087376
        ],
        [
            22,
            0.25749974811804915
        ],
        [
            23,
            0.2574991992009073
        ],
        [
            24,
            0.2565397769679993
        ],
        [
            25,
            0.2571779227772513
        ],
        [
            26,
            0.2568552253721366
        ],
        [
            27,
            0.2569862004032608
        ],
        [
            28,
            0.2567720696750321
        ],
        [
            29,
            0.25409613296575767
        ],
        [
            30,
            0.2576886587529979
        ],
        [
            31,
            0.2636302256194846
        ],
        [
            32,
            0.25488014403437487
        ],
        [
            33,
            0.2551229260098135
        ],
        [
            34,
            0.2534804896891442
        ],
        [
            35,
            0.25402332005353184
        ],
        [
            36,
            0.2578239943480099
        ],
        [
            37,
            0.2556670516979384
        ],
        [
            38,
            0.25421696648843906
        ],
        [
            39,
            0.25538235909576484
        ],
        [
            40,
            0.25379048690679995
        ],
        [
            41,
            0.25764710668978424
        ],
        [
            42,
            0.25300269645627727
        ],
        [
            43,
            0.2519017963328839
        ],
        [
            44,
            0.2526013415050193
        ],
        [
            45,
            0.2527076903291206
        ],
        [
            46,
            0.25156522174934964
        ],
        [
            47,
            0.25188078648282025
        ],
        [
            48,
            0.2513858216460241
        ],
        [
            49,
            0.2524741278821734
        ],
        [
            50,
            0.2504971267726663
        ],
        [
            51,
            0.25559285341050414
        ],
        [
            52,
            0.2500209241506118
        ],
        [
            53,
            0.24707159133998538
        ],
        [
            54,
            0.24816960467328852
        ],
        [
            55,
            0.249551591566598
        ],
        [
            56,
            0.24986331586355706
        ],
        [
            57,
            0.24634143169710862
        ],
        [
            58,
            0.24827340828627778
        ],
        [
            59,
            0.25045065744212586
        ],
        [
            60,
            0.2498480908818973
        ],
        [
            61,
            0.25988800171822035
        ],
        [
            62,
            0.24837266637256017
        ],
        [
            63,
            0.248651309848719
        ],
        [
            64,
            0.24725504220345393
        ],
        [
            65,
            0.25072641133577256
        ],
        [
            66,
            0.25052061088048116
        ],
        [
            67,
            0.2516568427008163
        ],
        [
            68,
            0.25182668812755293
        ],
        [
            69,
            0.24937229700213648
        ],
        [
            70,
            0.25120957179765674
        ],
        [
            71,
            0.2627589408737195
        ],
        [
            72,
            0.25294459046331247
        ],
        [
            73,
            0.25243860195069695
        ],
        [
            74,
            0.2527063460324895
        ],
        [
            75,
            0.25065901970431836
        ],
        [
