{
    "test_acc": [
        [
            0,
            0.375
        ],
        [
            1,
            0.25
        ]
    ],
    "test_loss": [
        [
            0,
            0.37995666766705605
        ],
        [
            1,
            0.3116202118756657
        ]
    ],
    "train_loss": [
        [
            0,
            0.2939643806935382
        ]
    ],
    "epochs_completed": 0
}