{
    "test_acc": [
        [
            0,
            0.375
        ],
        [
            1,
            0.0
        ]
    ],
    "test_loss": [
        [
            0,
            3.4671978829840837
        ],
        [
            1,
            0.5039386835777342
        ]
    ],
    "train_loss": [
        [
            0,
            1.2484808176836732
        ],
        [
            0,
            1.812308453583684
        ],
        [
            0,
            1.5482805498041643
        ],
        [
            0,
            1.5440517582128301
        ],
        [
            0,
            0.8593848940115157
        ],
        [
            0,
            0.34993197063757786
        ],
        [
            0,
            0.9987993539866604
        ],
        [
            0,
            0.1850592485032926
        ],
        [
            0,
            0.5427111253056622
        ],
        [
            0,
            0.41115535591198543
        ],
        [
            0,
            0.678031441334832
        ],
        [
            0,
            0.31404578349090784
        ],
        [
            0,
            0.2334788902868857
        ],
        [
            0,
            0.4341298683330934
        ],
        [
            0,
            0.24580483456051702
        ],
        [
            0,
            0.17765128936114558
        ],
        [
            0,
            0.08390873289947216
        ],
        [
            0,
            0.20710171338194205
        ],
        [
            0,
            0.30041047614078337
        ],
        [
            0,
            0.10790230694247256
        ],
        [
            0,
            0.516509467697064
        ],
        [
            0,
            0.17151273450702878
        ],
        [
            0,
            0.11819492324938648
        ],
        [
            0,
            0.5193796153859079
        ]
    ],
    "epochs_completed": 0
}