{
    "test_acc": [
        [
            0,
            0.5
        ],
        [
            1,
            0.5
        ],
        [
            11,
            0.25
        ]
    ],
    "test_loss": [
        [
            0,
            6.09001684882201
        ],
        [
            1,
            12.591467590191378
        ],
        [
            11,
            395.72072522123693
        ]
    ],
    "train_loss": [
        [
            0,
            9.433484092273119
        ],
        [
            1,
            11.457358772798896
        ],
        [
            2,
            12.539991599692037
        ],
        [
            3,
            17.03056897708045
        ],
        [
            4,
            27.44687148074134
        ],
        [
            5,
            62.70339882980672
        ],
        [
            6,
            141.9240530344159
        ],
        [
            7,
            174.75550720235117
        ],
        [
            8,
            210.16061829872456
        ],
        [
            9,
            233.14685581610487
        ],
        [
            10,
            295.13710820790817
        ]
    ],
    "apical_error": [],
    "intn_error": [],
    "ff_error": [],
    "fb_error": [],
    "epochs_completed": 10
}