{
    "test_acc": [
        [
            0,
            0.25
        ],
        [
            1,
            0.25
        ],
        [
            11,
            0.375
        ],
        [
            21,
            0.375
        ],
        [
            31,
            0.375
        ],
        [
            41,
            0.375
        ],
        [
            51,
            0.375
        ],
        [
            61,
            0.375
        ],
        [
            71,
            0.375
        ],
        [
            81,
            0.375
        ],
        [
            91,
            0.375
        ],
        [
            101,
            0.25
        ],
        [
            111,
            0.375
        ],
        [
            121,
            0.375
        ],
        [
            131,
            0.375
        ],
        [
            141,
            0.375
        ],
        [
            151,
            0.25
        ],
        [
            161,
            0.375
        ],
        [
            171,
            0.25
        ],
        [
            181,
            0.375
        ],
        [
            191,
            0.375
        ],
        [
            201,
            0.375
        ]
    ],
    "test_loss": [
        [
            0,
            0.35127291201585625
        ],
        [
            1,
            0.3331155160989753
        ],
        [
            11,
            0.33276307663478744
        ],
        [
            21,
            0.33270152445634493
        ],
        [
            31,
            0.3326645706947449
        ],
        [
            41,
            0.3327400470417554
        ],
        [
            51,
            0.3327759500390941
        ],
        [
            61,
            0.33272095294938875
        ],
        [
            71,
            0.33274049794022775
        ],
        [
            81,
            0.3327184574744746
        ],
        [
            91,
            0.3326598456211296
        ],
        [
            101,
            0.33277936876453795
        ],
        [
            111,
            0.3327000346934964
        ],
        [
            121,
            0.33273375802291594
        ],
        [
            131,
            0.3327363520854437
        ],
        [
            141,
            0.33265417264643354
        ],
        [
            151,
            0.3327915500813883
        ],
        [
            161,
            0.3327337699291808
        ],
        [
            171,
            0.332780954135597
        ],
        [
            181,
            0.33270101492454085
        ],
        [
            191,
            0.3326954332342651
        ],
        [
            201,
            0.3326691927393912
        ]
    ],
    "train_loss": [
        [
            0,
            0.3072368132210923
        ],
        [
            1,
            0.3054287772386743
        ],
        [
            2,
            0.3050854668020044
        ],
        [
            3,
            0.30526427259880723
        ],
        [
            4,
            0.30515122942308476
        ],
        [
            5,
            0.3051161664599612
        ],
        [
            6,
            0.30521741279384945
        ],
        [
            7,
            0.30517721473287684
        ],
        [
            8,
            0.30523092079263675
        ],
        [
            9,
            0.30521969608084826
        ],
        [
            10,
            0.3052059289336468
        ],
        [
            11,
            0.30521165526524036
        ],
        [
            12,
            0.3052026484484827
        ],
        [
            13,
            0.3051768642861623
        ],
        [
            14,
            0.3051117204916084
        ],
        [
            15,
            0.3049981621465659
        ],
        [
            16,
            0.30518995872323185
        ],
        [
            17,
            0.30521396583919563
        ],
        [
            18,
            0.30516823265663096
        ],
        [
            19,
            0.30527285357394346
        ],
        [
            20,
            0.30517838875703784
        ],
        [
            21,
            0.30520120767667513
        ],
        [
            22,
            0.3053254672702234
        ],
        [
            23,
            0.30524024923844323
        ],
        [
            24,
            0.30525219083892424
        ],
        [
            25,
            0.30517484799383904
        ],
        [
            26,
            0.30523148807796074
        ],
        [
            27,
            0.30514665761012183
        ],
        [
            28,
            0.30508982680632835
        ],
        [
            29,
            0.30508012922854033
        ],
        [
            30,
            0.3051968051107265
        ],
        [
            31,
            0.3053185584692842
        ],
        [
            32,
            0.30530906314052003
        ],
        [
            33,
            0.3050678122990415
        ],
        [
            34,
            0.30521405270337454
        ],
        [
            35,
            0.30516830575579973
        ],
        [
            36,
            0.30512347700843834
        ],
        [
            37,
            0.30480462808666403
        ],
        [
            38,
            0.30519725657389396
        ],
        [
            39,
            0.30514573654743454
        ],
        [
            40,
            0.3051462099895402
        ],
        [
            41,
            0.30529341263562687
        ],
        [
            42,
            0.3051879702376569
        ],
        [
            43,
            0.3051873913902851
        ],
        [
            44,
            0.3051182681370022
        ],
        [
            45,
            0.30521427643419563
        ],
        [
            46,
            0.305268339625739
        ],
        [
            47,
            0.3051664405396712
        ],
        [
            48,
            0.3052887015320067
        ],
        [
            49,
            0.30524673584886486
        ],
        [
            50,
            0.30519777725786984
        ],
        [
            51,
            0.30521537249607267
        ],
        [
            52,
            0.3051672610102865
        ],
        [
            53,
            0.30527029388085464
        ],
        [
            54,
            0.3051013545832529
        ],
        [
            55,
            0.30516463718917497
        ],
        [
            56,
            0.30520551773113763
        ],
        [
            57,
            0.30529426157679573
        ],
        [
            58,
            0.3052664655759651
        ],
        [
            59,
            0.30521271905624875
        ],
        [
            60,
            0.30524033924400457
        ],
        [
            61,
            0.3051722813832141
        ],
        [
            62,
            0.30525134908418233
        ],
        [
            63,
            0.3052662188566919
        ],
        [
            64,
            0.3051134149335309
        ],
        [
            65,
            0.30514289667884653
        ],
        [
            66,
            0.3051315788079914
        ],
        [
            67,
            0.30523912133241576
        ],
        [
            68,
            0.3052203785870094
        ],
        [
            69,
            0.30518931759568074
        ],
        [
            70,
            0.30513347478496994
        ],
        [
            71,
            0.3052228860067028
        ],
        [
            72,
            0.3051548738576802
        ],
        [
            73,
            0.3051990395350032
        ],
        [
            74,
            0.3051025795057907
        ],
        [
            75,
            0.30520431896747785
        ],
