{
    "test_acc": [
        [
            0,
            0.375
        ],
        [
            1,
            0.375
        ]
    ],
    "test_loss": [
        [
            0,
            3.902090761933649
        ],
        [
            1,
            0.491752709342047
        ]
    ],
    "train_loss": [
        [
            0,
            0.9967811290990163
        ]
    ],
    "epochs_completed": 0
}