{
    "test_acc": [
        [
            0,
            0.25
        ],
        [
            1,
            0.375
        ]
    ],
    "test_loss": [
        [
            0,
            0.6241175589768939
        ],
        [
            1,
            0.3302341379051269
        ]
    ],
    "train_loss": [
        [
            0,
            0.256165721959993
        ]
    ],
    "epochs_completed": 0
}