{
    "sim_time": 1,
    "out_lag": 0.5,
    "tau_delta": 1,
    "tau_m": 2,
    "latent_equilibrium": true,
    "eta": {
        "ip": [
            0.020000000000000004,
            0.0
        ],
        "pi": [
            0.0,
            0.0
        ],
        "up": [
            0.05,
            0.010000000000000002
        ],
        "down": [
            0.0,
            0.0
        ]
    },
    "record_interval": 0.1
}