{
    "test_acc": [
        [
            0,
            0.375
        ],
        [
            1,
            0.375
        ]
    ],
    "test_loss": [
        [
            0,
            0.27351012564880556
        ],
        [
            1,
            0.30352104661682244
        ]
    ],
    "train_loss": [
        [
            0,
            0.24167525562299966
        ],
        [
            0,
            0.25236077146144353
        ],
        [
            0,
            0.2023921366768023
        ],
        [
            0,
            0.1722637185849075
        ],
        [
            0,
            0.15982166801534228
        ],
        [
            0,
            0.20895606137549025
        ],
        [
            0,
            0.301650090689977
        ],
        [
            0,
            0.20964906899601113
        ],
        [
            0,
            0.2804038116276028
        ],
        [
            0,
            0.27013213709208356
        ],
        [
            0,
            0.17887534906315805
        ],
        [
            0,
            0.2456404217423219
        ],
        [
            0,
            0.21625160783909858
        ],
        [
            0,
            0.14518186215046577
        ],
        [
            0,
            0.19005946177283273
        ],
        [
            0,
            0.1473422123104001
        ],
        [
            0,
            0.2128034301409818
        ],
        [
            0,
            0.30794649052287776
        ],
        [
            0,
            0.169014876901756
        ],
        [
            0,
            0.2739108783911269
        ],
        [
            0,
            0.24487734120372506
        ],
        [
            0,
            0.13789600898484047
        ],
        [
            0,
            0.18560734528803735
        ],
        [
            0,
            0.2383427998772297
        ]
    ],
    "epochs_completed": 0
}