{
    "test_acc": [
        [
            0,
            0.375
        ],
        [
            1,
            0.5
        ],
        [
            11,
            0.5
        ],
        [
            21,
            0.625
        ],
        [
            31,
            0.625
        ],
        [
            41,
            0.625
        ],
        [
            51,
            0.5
        ],
        [
            61,
            0.625
        ],
        [
            71,
            0.625
        ],
        [
            81,
            0.625
        ],
        [
            91,
            0.375
        ],
        [
            101,
            0.875
        ],
        [
            111,
            0.875
        ],
        [
            121,
            0.75
        ],
        [
            131,
            0.75
        ],
        [
            141,
            0.75
        ],
        [
            151,
            0.75
        ],
        [
            161,
            1.0
        ],
        [
            171,
            0.75
        ],
        [
            181,
            1.0
        ],
        [
            191,
            1.0
        ],
        [
            201,
            0.875
        ]
    ],
    "test_loss": [
        [
            0,
            0.4856586193270993
        ],
        [
            1,
            0.30810445668509506
        ],
        [
            11,
            0.2923919034171241
        ],
        [
            21,
            0.22747042674234141
        ],
        [
            31,
            0.266564125059226
        ],
        [
            41,
            0.18852482829713396
        ],
        [
            51,
            0.2574543236996931
        ],
        [
            61,
            0.20071471721951484
        ],
        [
            71,
            0.19353596808736281
        ],
        [
            81,
            0.2100970394382199
        ],
        [
            91,
            0.2526451023044023
        ],
        [
            101,
            0.16644725535292226
        ],
        [
            111,
            0.16571983454795214
        ],
        [
            121,
            0.1869951808301564
        ],
        [
            131,
            0.17874838984373548
        ],
        [
            141,
            0.16882019553541297
        ],
        [
            151,
            0.16617062348453873
        ],
        [
            161,
            0.14246114620146108
        ],
        [
            171,
            0.17052662880466404
        ],
        [
            181,
            0.14837106501408992
        ],
        [
            191,
            0.1464157592770303
        ],
        [
            201,
            0.14779378831119272
        ]
    ],
    "train_loss": [
        [
            0,
            0.20548223308097432
        ],
        [
            1,
            0.17825664544287387
        ],
        [
            2,
            0.18184885632870526
        ],
        [
            3,
            0.16379786048915768
        ],
        [
            4,
            0.16019234136026939
        ],
        [
            5,
            0.16741046646480826
        ],
        [
            6,
            0.14717715824015254
        ],
        [
            7,
            0.14391897492556546
        ],
        [
            8,
            0.13893828474576744
        ],
        [
            9,
            0.12015885795326069
        ],
        [
            10,
            0.11486104333253333
        ],
        [
            11,
            0.09362378822347295
        ],
        [
            12,
            0.0937542011376184
        ],
        [
            13,
            0.06886826258726711
        ],
        [
            14,
            0.06779972860583147
        ],
        [
            15,
            0.07169149017462638
        ],
        [
            16,
            0.05934019633496629
        ],
        [
            17,
            0.051813100782402005
        ],
        [
            18,
            0.04940705186399879
        ],
        [
            19,
            0.048752247539397164
        ],
        [
            20,
            0.048204029252272074
        ],
        [
            21,
            0.04570007717265515
        ],
        [
            22,
            0.043525140657078965
        ],
        [
            23,
            0.04467376773013981
        ],
        [
            24,
            0.03310201730086585
        ],
        [
            25,
            0.04341176901210342
        ],
        [
            26,
            0.031462395881841736
        ],
        [
            27,
            0.040685252237923124
        ],
        [
            28,
            0.037476903902434265
        ],
        [
            29,
            0.034536145590480245
        ],
        [
            30,
            0.03505552878317345
        ],
        [
            31,
            0.034104288421589746
        ],
        [
            32,
            0.03364291219668943
        ],
        [
            33,
            0.032922043154124635
        ],
        [
            34,
            0.034630942351018365
        ],
        [
            35,
            0.03331215331962043
        ],
        [
            36,
            0.032534998406103376
        ],
        [
            37,
            0.031334858068565265
        ],
        [
            38,
            0.03138255874743514
        ],
        [
            39,
            0.03090124347098928
        ],
        [
            40,
            0.0314063165154767
        ],
        [
            41,
            0.034992019008369464
        ],
        [
            42,
            0.03348661824180297
        ],
        [
            43,
            0.031222204918528455
        ],
        [
            44,
            0.03167988712985393
        ],
        [
            45,
            0.031514043694159555
        ],
        [
            46,
            0.03502454789961082
        ],
        [
            47,
            0.0331092911687493
        ],
        [
            48,
            0.031662995430422086
        ],
        [
            49,
            0.03186249885122703
        ],
        [
            50,
            0.03326907313020557
        ],
        [
            51,
            0.03122144478568246
        ],
        [
            52,
            0.03262305732825533
        ],
        [
            53,
            0.03253625752057509
        ],
        [
            54,
            0.029529917080104513
        ],
        [
            55,
            0.0332515443312095
        ],
        [
            56,
            0.03312815566338261
        ],
        [
            57,
            0.02957663541548643
        ],
        [
            58,
            0.031098948024680162
        ],
        [
            59,
            0.032529494508998336
        ],
        [
            60,
            0.0331339526975498
        ],
        [
            61,
            0.03218882943198119
        ],
        [
            62,
            0.029681158913484395
        ],
        [
            63,
            0.030539149805624444
        ],
        [
            64,
            0.030652535294430672
        ],
        [
            65,
            0.02881831633617715
        ],
        [
            66,
            0.03122359209648275
        ],
        [
            67,
            0.029838306207756137
        ],
        [
            68,
            0.031822869838902826
        ],
        [
            69,
            0.030163339532226895
        ],
        [
            70,
            0.03028491116485339
        ],
        [
            71,
            0.03349497534022517
        ],
        [
            72,
            0.02972143523796435
        ],
        [
            73,
            0.029706231956812452
        ],
        [
            74,
            0.031112488048085207
        ],
        [
