{
    "test_acc": [
        [
            0,
            0.375
        ],
        [
            1,
            0.25
        ],
        [
            11,
            0.5
        ],
        [
            21,
            0.625
        ],
        [
            31,
            0.625
        ],
        [
            41,
            0.625
        ],
        [
            51,
            0.625
        ],
        [
            61,
            0.625
        ],
        [
            71,
            0.625
        ],
        [
            81,
            0.625
        ],
        [
            91,
            0.625
        ],
        [
            101,
            0.625
        ],
        [
            111,
            0.625
        ],
        [
            121,
            0.625
        ],
        [
            131,
            0.625
        ],
        [
            141,
            0.625
        ],
        [
            151,
            0.625
        ],
        [
            161,
            0.625
        ],
        [
            171,
            0.625
        ],
        [
            181,
            0.625
        ],
        [
            191,
            0.625
        ],
        [
            201,
            0.625
        ]
    ],
    "test_loss": [
        [
            0,
            0.3858571579282186
        ],
        [
            1,
            0.2658055837845753
        ],
        [
            11,
            0.2057362972989224
        ],
        [
            21,
            0.19166544858640644
        ],
        [
            31,
            0.1756071995103448
        ],
        [
            41,
            0.17413265149249946
        ],
        [
            51,
            0.16158738676136974
        ],
        [
            61,
            0.16263894226459807
        ],
        [
            71,
            0.1590722786084695
        ],
        [
            81,
            0.16196367707920412
        ],
        [
            91,
            0.15681026347480773
        ],
        [
            101,
            0.15673661254163662
        ],
        [
            111,
            0.1562531718397612
        ],
        [
            121,
            0.16034059028755504
        ],
        [
            131,
            0.16102924573997002
        ],
        [
            141,
            0.15991252157321692
        ],
        [
            151,
            0.16044883701019252
        ],
        [
            161,
            0.15636346890195277
        ],
        [
            171,
            0.15657249518223829
        ],
        [
            181,
            0.156658525670528
        ],
        [
            191,
            0.159618651423402
        ],
        [
            201,
            0.16651518629449683
        ]
    ],
    "train_loss": [
        [
            0,
            0.11124718783616848
        ],
        [
            1,
            0.09762901087059776
        ],
        [
            2,
            0.0876297446374925
        ],
        [
            3,
            0.09158551721541448
        ],
        [
            4,
            0.07728421292043224
        ],
        [
            5,
            0.08221084173526495
        ],
        [
            6,
            0.0870528989515628
        ],
        [
            7,
            0.07549509410690879
        ],
        [
            8,
            0.0796179917906905
        ],
        [
            9,
            0.07223867001408513
        ],
        [
            10,
            0.07494544137186242
        ],
        [
            11,
            0.0661784780834485
        ],
        [
            12,
            0.0713399795609362
        ],
        [
            13,
            0.07108760623006016
        ],
        [
            14,
            0.06894593894627264
        ],
        [
            15,
            0.06559001400933011
        ],
        [
            16,
            0.06509065344940557
        ],
        [
            17,
            0.06497255667570549
        ],
        [
            18,
            0.06311517294853213
        ],
        [
            19,
            0.06363107586708257
        ],
        [
            20,
            0.06126486483594567
        ],
        [
            21,
            0.0610750354705857
        ],
        [
            22,
            0.054989473788509935
        ],
        [
            23,
            0.05964141625419853
        ],
        [
            24,
            0.05775129017546527
        ],
        [
            25,
            0.05490454052217447
        ],
        [
            26,
            0.05682066420665705
        ],
        [
            27,
            0.050530903549156715
        ],
        [
            28,
            0.056067368674520314
        ],
        [
            29,
            0.05577965627938903
        ],
        [
            30,
            0.05543093072486374
        ],
        [
            31,
            0.05008927642612112
        ],
        [
            32,
            0.054804464843644735
        ],
        [
            33,
            0.050218917390661276
        ],
        [
            34,
            0.05311814628176742
        ],
        [
            35,
            0.051162992655381885
        ],
        [
            36,
            0.04988890568763821
        ],
        [
            37,
            0.0471138084273971
        ],
        [
            38,
            0.051945186167738154
        ],
        [
            39,
            0.04451538665340072
        ],
        [
            40,
            0.04973118462744921
        ],
        [
            41,
            0.0516863620745771
        ],
        [
            42,
            0.050879423536997766
        ],
        [
            43,
            0.048218474780381125
        ],
        [
            44,
            0.0488117151368957
        ],
        [
            45,
            0.04668384235737876
        ],
        [
            46,
            0.041800279006182876
        ],
        [
            47,
            0.04801800210907314
        ],
        [
            48,
            0.048850645737521736
        ],
        [
            49,
            0.04454432765618755
        ],
        [
            50,
            0.050047898735556685
        ],
        [
            51,
            0.04771907847613748
        ],
        [
            52,
            0.04765682294794277
        ],
        [
            53,
            0.0422198686490059
        ],
        [
            54,
            0.04848519554806797
        ],
        [
            55,
            0.04084225935719098
        ],
        [
            56,
            0.04632190162802393
        ],
        [
            57,
            0.04481342076979017
        ],
        [
            58,
            0.04579199804774122
        ],
        [
            59,
            0.040718732490978966
        ],
        [
            60,
            0.04582944559552354
        ],
        [
            61,
            0.0439520369266625
        ],
        [
            62,
            0.04649065378646853
        ],
        [
            63,
            0.04749933140931433
        ],
        [
            64,
            0.0446501072937396
        ],
        [
            65,
            0.04383497984891561
        ],
        [
            66,
            0.04728571895958369
        ],
        [
            67,
            0.04460932772187238
        ],
        [
            68,
            0.04714844515510169
        ],
        [
            69,
            0.04604986359114941
        ],
        [
            70,
            0.043584220485583546
        ],
        [
            71,
            0.0478519424260678
        ],
        [
            72,
            0.04796298930265629
        ],
        [
            73,
            0.04611112854284604
        ],
        [
            74,
            0.03907068460498257
        ],
        [
            75,
