{
    "test_acc": [
        [
            0,
            0.375
        ],
        [
            1,
            0.25
        ]
    ],
    "test_loss": [
        [
            0,
            0.3858571579282186
        ],
        [
            1,
            0.2658055837845753
        ]
    ],
    "train_loss": [
        [
            0,
            0.11124718783616848
        ]
    ],
    "epochs_completed": 0
}