{
    "test_acc": [
        [
            0,
            0.25
        ],
        [
            1,
            0.5
        ]
    ],
    "test_loss": [
        [
            0,
            3.4338503858220935
        ],
        [
            1,
            0.34378149666162067
        ]
    ],
    "train_loss": [
        [
            0,
            0.9747396092250514
        ]
    ],
    "epochs_completed": 0
}