{
    "test_acc": [
        [
            0,
            0.25
        ],
        [
            1,
            0.5
        ],
        [
            11,
            0.625
        ],
        [
            21,
            0.625
        ],
        [
            31,
            0.625
        ],
        [
            41,
            0.625
        ],
        [
            51,
            0.875
        ],
        [
            61,
            0.875
        ],
        [
            71,
            1.0
        ],
        [
            81,
            1.0
        ],
        [
            91,
            1.0
        ],
        [
            101,
            1.0
        ],
        [
            111,
            1.0
        ],
        [
            121,
            1.0
        ],
        [
            131,
            1.0
        ],
        [
            141,
            1.0
        ],
        [
            151,
            1.0
        ],
        [
            161,
            0.75
        ],
        [
            171,
            0.75
        ],
        [
            181,
            0.875
        ],
        [
            191,
            1.0
        ],
        [
            201,
            1.0
        ]
    ],
    "test_loss": [
        [
            0,
            3.4338503858220935
        ],
        [
            1,
            0.34378149666162067
        ],
        [
            11,
            0.19064605798511128
        ],
        [
            21,
            0.1740857561181685
        ],
        [
            31,
            0.1367167188690239
        ],
        [
            41,
            0.13538983254507891
        ],
        [
            51,
            0.13228870743735796
        ],
        [
            61,
            0.1109576794410676
        ],
        [
            71,
            0.09267777153865772
        ],
        [
            81,
            0.06108620038296107
        ],
        [
            91,
            0.045287296821035695
        ],
        [
            101,
            0.04432799469090202
        ],
        [
            111,
            0.045544657736856384
        ],
        [
            121,
            0.049028574254412496
        ],
        [
            131,
            0.05778368970317441
        ],
        [
            141,
            0.07399798327974118
        ],
        [
            151,
            0.09955062765437941
        ],
        [
            161,
            0.11389934196209542
        ],
        [
            171,
            0.12324576952614362
        ],
        [
            181,
            0.1259535686788077
        ],
        [
            191,
            0.12153052226387624
        ],
        [
            201,
            0.13930260716797088
        ]
    ],
    "train_loss": [
        [
            0,
            0.9747396092250514
        ],
        [
            1,
            0.22836886369171258
        ],
        [
            2,
            0.11406426612988123
        ],
        [
            3,
            0.10411687829368
        ],
        [
            4,
            0.09550595209572355
        ],
        [
            5,
            0.08237667886633156
        ],
        [
            6,
            0.07940038960183175
        ],
        [
            7,
            0.07451689029827609
        ],
        [
            8,
            0.07099672314920416
        ],
        [
            9,
            0.06288018692500134
        ],
        [
            10,
            0.06165186487781746
        ],
        [
            11,
            0.0698993867860117
        ],
        [
            12,
            0.05529059164496821
        ],
        [
            13,
            0.05172244582825162
        ],
        [
            14,
            0.0501858016504893
        ],
        [
            15,
            0.048144086118265005
        ],
        [
            16,
            0.04784205370172612
        ],
        [
            17,
            0.04619710822811996
        ],
        [
            18,
            0.04398297762374864
        ],
        [
            19,
            0.04645039751111546
        ],
        [
            20,
            0.0364122476300469
        ],
        [
            21,
            0.09099506677256493
        ],
        [
            22,
            0.06533796886154374
        ],
        [
            23,
            0.05823604272340437
        ],
        [
            24,
            0.0576967215359401
        ],
        [
            25,
            0.055340841545296636
        ],
        [
            26,
            0.052430033906853635
        ],
        [
            27,
            0.04993364554096058
        ],
        [
            28,
            0.0476761992479677
        ],
        [
            29,
            0.04793226390632865
        ],
        [
            30,
            0.044808661091312485
        ],
        [
            31,
            0.06587110015129097
        ],
        [
            32,
            0.046703248991315706
        ],
        [
            33,
            0.04391200066521087
        ],
        [
            34,
            0.04584672205430648
        ],
        [
            35,
            0.04629809416710059
        ],
        [
            36,
            0.04180053048098278
        ],
        [
            37,
            0.04488028696377098
        ],
        [
            38,
            0.044839915159575174
        ],
        [
            39,
            0.042381666271703165
        ],
        [
            40,
            0.042830891956762374
        ],
        [
            41,
            0.06026849704423718
        ],
        [
            42,
            0.044627374970391265
        ],
        [
            43,
            0.045655278296316715
        ],
        [
            44,
            0.04141113873145726
        ],
        [
            45,
            0.04455672187037058
        ],
        [
            46,
            0.040570096519862604
        ],
        [
            47,
            0.041030132038903884
        ],
        [
            48,
            0.040971842900491294
        ],
        [
            49,
            0.040792307601626776
        ],
        [
            50,
            0.03808733654490239
        ],
        [
            51,
            0.05351521001787368
        ],
        [
            52,
            0.038825554295678195
        ],
        [
            53,
            0.03339184911967304
        ],
        [
            54,
            0.030451380775043252
        ],
        [
            55,
            0.03358914398352222
        ],
        [
            56,
            0.032485109786836344
        ],
        [
            57,
            0.03133654732324346
        ],
        [
            58,
            0.028101603315898716
        ],
        [
            59,
            0.028655892590785756
        ],
        [
            60,
            0.028180433550625005
        ],
        [
            61,
            0.041175914505137974
        ],
        [
            62,
            0.024894204344484794
        ],
        [
            63,
            0.021680322929370305
        ],
        [
            64,
            0.020107685143370264
        ],
        [
            65,
            0.019243953918638628
        ],
        [
            66,
            0.016074026027314874
        ],
        [
            67,
            0.01851777118312197
        ],
        [
            68,
            0.017295736525209767
        ],
        [
            69,
            0.016163442240502948
        ],
        [
            70,
            0.015507681583946284
        ],
        [
            71,
            0.03584505126781153
        ],
        [
            72,
            0.013707633324852565
        ],
        [
            73,
            0.011135427874581627
        ],
        [
            74,
            0.009139469367629946
        ],
        [
