{
    "test_acc": [
        [
            0,
            0.25
        ],
        [
            1,
            0.375
        ],
        [
            11,
            0.25
        ],
        [
            21,
            0.375
        ],
        [
            31,
            0.25
        ],
        [
            41,
            0.375
        ],
        [
            51,
            0.375
        ],
        [
            61,
            0.375
        ],
        [
            71,
            0.25
        ],
        [
            81,
            0.5
        ],
        [
            91,
            0.5
        ],
        [
            101,
            0.375
        ],
        [
            111,
            0.375
        ],
        [
            121,
            0.25
        ],
        [
            131,
            0.5
        ],
        [
            141,
            0.375
        ],
        [
            151,
            0.375
        ],
        [
            161,
            0.375
        ],
        [
            171,
            0.375
        ],
        [
            181,
            0.375
        ],
        [
            191,
            0.375
        ],
        [
            201,
            0.375
        ]
    ],
    "test_loss": [
        [
            0,
            0.35382807055308607
        ],
        [
            1,
            0.3278126951715429
        ],
        [
            11,
            0.3282149428903714
        ],
        [
            21,
            0.3278850196670591
        ],
        [
            31,
            0.3286215670367832
        ],
        [
            41,
            0.3280857098998269
        ],
        [
            51,
            0.3283247003818512
        ],
        [
            61,
            0.3283321336436438
        ],
        [
            71,
            0.3282973419054698
        ],
        [
            81,
            0.32731531289302485
        ],
        [
            91,
            0.3272201036376667
        ],
        [
            101,
            0.327699268790112
        ],
        [
            111,
            0.3267816067168054
        ],
        [
            121,
            0.3285055912603845
        ],
        [
            131,
            0.32780023441683226
        ],
        [
            141,
            0.3286992465941334
        ],
        [
            151,
            0.331271712223035
        ],
        [
            161,
            0.3318175657859695
        ],
        [
            171,
            0.3316146753372104
        ],
        [
            181,
            0.3315053011586078
        ],
        [
            191,
            0.3326338248713455
        ],
        [
            201,
            0.33314500299158806
        ]
    ],
    "train_loss": [
        [
            0,
            0.3218219924632419
        ],
        [
            1,
            0.31674782448303196
        ],
        [
            2,
            0.31560942461074454
        ],
        [
            3,
            0.31427213285380784
        ],
        [
            4,
            0.31649829776387467
        ],
        [
            5,
            0.3158027719232677
        ],
        [
            6,
            0.31637299805700625
        ],
        [
            7,
            0.31600905852853756
        ],
        [
            8,
            0.31624738587850976
        ],
        [
            9,
            0.31605774295286865
        ],
        [
            10,
            0.315326904622018
        ],
        [
            11,
            0.31570285052434954
        ],
        [
            12,
            0.3158679620967059
        ],
        [
            13,
            0.31574317733243523
        ],
        [
            14,
            0.31587026154247516
        ],
        [
            15,
            0.31559984082601406
        ],
        [
            16,
            0.31560366116235994
        ],
        [
            17,
            0.3158622097897147
        ],
        [
            18,
            0.31603973540612745
        ],
        [
            19,
            0.31637254876399895
        ],
        [
            20,
            0.3154822761584094
        ],
        [
            21,
            0.31632440141729207
        ],
        [
            22,
            0.315734966020578
        ],
        [
            23,
            0.31578061818237174
        ],
        [
            24,
            0.3150166501994555
        ],
        [
            25,
            0.3154797942538081
        ],
        [
            26,
            0.31549921072460435
        ],
        [
            27,
            0.3146029522517417
        ],
        [
            28,
            0.31539577649203127
        ],
        [
            29,
            0.31475649666409516
        ],
        [
            30,
            0.31647912161310426
        ],
        [
            31,
            0.3150180151052355
        ],
        [
            32,
            0.3167781459626005
        ],
        [
            33,
            0.31540683148662935
        ],
        [
            34,
            0.31553055296285526
        ],
        [
            35,
            0.3150963213774384
        ],
        [
            36,
            0.3160588045061843
        ],
        [
            37,
            0.31558784746830737
        ],
        [
            38,
            0.31550810648003275
        ],
        [
            39,
            0.3146298800966724
        ],
        [
            40,
            0.3152331521141097
        ],
        [
            41,
            0.31571991367237123
        ],
        [
            42,
            0.31523632575150706
        ],
        [
            43,
            0.3159210030903358
        ],
        [
            44,
            0.31571370684761463
        ],
        [
            45,
            0.31580830509939073
        ],
        [
            46,
            0.3152214952430484
        ],
        [
            47,
            0.3152069329910383
        ],
        [
            48,
            0.31460921234617456
        ],
        [
            49,
            0.3147795264268392
        ],
        [
            50,
            0.3142607762531063
        ],
        [
            51,
            0.3162661828225793
        ],
        [
            52,
            0.31486796636779807
        ],
        [
            53,
            0.31554755696174447
        ],
        [
            54,
            0.3154579196192826
        ],
        [
            55,
            0.31583786209075104
        ],
        [
            56,
            0.3152788402007014
        ],
        [
            57,
            0.3154541929620565
        ],
        [
            58,
            0.3145858812649393
        ],
        [
            59,
            0.31586874099286893
        ],
        [
            60,
            0.3150011343634375
        ],
        [
            61,
            0.31582056920484586
        ],
        [
            62,
            0.31544144662038626
        ],
        [
            63,
            0.31492275015143684
        ],
        [
            64,
            0.31432917198833493
        ],
        [
            65,
            0.31573062945811553
        ],
        [
            66,
            0.31447117046087886
        ],
        [
            67,
            0.31551194238489993
        ],
        [
            68,
            0.3148713042405816
        ],
        [
            69,
            0.3147303768404101
        ],
        [
            70,
            0.31537914020156715
        ],
        [
            71,
            0.31478966639427913
        ],
        [
            72,
            0.31558713291488266
        ],
        [
            73,
            0.31483167008484064
        ],
        [
            74,
            0.31539978819679665
        ],
        [
            75,
            0.3145716708525297
        ],
        [
