{
    "test_acc": [
        [
            0,
            0.5
        ],
        [
            1,
            0.125
        ]
    ],
    "test_loss": [
        [
            0,
            2.506435162640603
        ],
        [
            1,
            0.35360777474772165
        ]
    ],
    "train_loss": [
        [
            0,
            0.6206798230521676
        ]
    ],
    "epochs_completed": 0
}