{
    "test_acc": [
        [
            0,
            0.5
        ],
        [
            1,
            0.125
        ],
        [
            11,
            0.625
        ],
        [
            21,
            0.625
        ],
        [
            31,
            0.75
        ],
        [
            41,
            0.625
        ],
        [
            51,
            0.625
        ],
        [
            61,
            0.625
        ],
        [
            71,
            0.75
        ],
        [
            81,
            0.625
        ],
        [
            91,
            0.75
        ],
        [
            101,
            1.0
        ],
        [
            111,
            1.0
        ],
        [
            121,
            1.0
        ],
        [
            131,
            1.0
        ],
        [
            141,
            1.0
        ],
        [
            151,
            1.0
        ],
        [
            161,
            1.0
        ],
        [
            171,
            1.0
        ],
        [
            181,
            1.0
        ],
        [
            191,
            1.0
        ],
        [
            201,
            1.0
        ]
    ],
    "test_loss": [
        [
            0,
            2.506435162640603
        ],
        [
            1,
            0.35360777474772165
        ],
        [
            11,
            0.24056272864493583
        ],
        [
            21,
            0.1988371071660646
        ],
        [
            31,
            0.13711923248410893
        ],
        [
            41,
            0.18447565638963637
        ],
        [
            51,
            0.17979387681622194
        ],
        [
            61,
            0.17310985619735844
        ],
        [
            71,
            0.13069509468047497
        ],
        [
            81,
            0.13414194246969208
        ],
        [
            91,
            0.12527880178748454
        ],
        [
            101,
            0.11450786902788403
        ],
        [
            111,
            0.08482501672767029
        ],
        [
            121,
            0.08686525887125947
        ],
        [
            131,
            0.06984667723230177
        ],
        [
            141,
            0.06160560519965026
        ],
        [
            151,
            0.07142919986506008
        ],
        [
            161,
            0.07090350258449174
        ],
        [
            171,
            0.085407397588943
        ],
        [
            181,
            0.07216670482633178
        ],
        [
            191,
            0.09395042177789655
        ],
        [
            201,
            0.0632447716854318
        ]
    ],
    "train_loss": [
        [
            0,
            0.6206798230521676
        ],
        [
            1,
            0.17031316872343968
        ],
        [
            2,
            0.15445169068539652
        ],
        [
            3,
            0.14979123460754082
        ],
        [
            4,
            0.12447543265593547
        ],
        [
            5,
            0.12249928734823483
        ],
        [
            6,
            0.10587109470991725
        ],
        [
            7,
            0.10487359512971924
        ],
        [
            8,
            0.09695226103735845
        ],
        [
            9,
            0.08396169180651418
        ],
        [
            10,
            0.07538340983904283
        ],
        [
            11,
            0.07309933961430877
        ],
        [
            12,
            0.06690671489325913
        ],
        [
            13,
            0.05918379249279008
        ],
        [
            14,
            0.05297424142437628
        ],
        [
            15,
            0.038398286181322606
        ],
        [
            16,
            0.04129451311676526
        ],
        [
            17,
            0.02965135314815362
        ],
        [
            18,
            0.03536356670106875
        ],
        [
            19,
            0.026924560958719992
        ],
        [
            20,
            0.024439578037336998
        ],
        [
            21,
            0.02363511329695615
        ],
        [
            22,
            0.022890381714889867
        ],
        [
            23,
            0.02019792625045126
        ],
        [
            24,
            0.020931791957883875
        ],
        [
            25,
            0.021463580209436253
        ],
        [
            26,
            0.01931221262223771
        ],
        [
            27,
            0.016123296372381413
        ],
        [
            28,
            0.015529941888296254
        ],
        [
            29,
            0.014852549315858407
        ],
        [
            30,
            0.01176677191244018
        ],
        [
            31,
            0.013475953491779597
        ],
        [
            32,
            0.014269234325435268
        ],
        [
            33,
            0.008671179573809766
        ],
        [
            34,
            0.010044762702624761
        ],
        [
            35,
            0.007298622541665745
        ],
        [
            36,
            0.008607590097450669
        ],
        [
            37,
            0.008607676875324469
        ],
        [
            38,
            0.0076557990599105605
        ],
        [
            39,
            0.007379896776588561
        ],
        [
            40,
            0.009016144976851728
        ],
        [
            41,
            0.007809626567173837
        ],
        [
            42,
            0.008006946899828624
        ],
        [
            43,
            0.007207127555486953
        ],
        [
            44,
            0.0061470003609065
        ],
        [
            45,
            0.006446338283763529
        ],
        [
            46,
            0.006767065310763566
        ],
        [
            47,
            0.0062681986156818345
        ],
        [
            48,
            0.0055613322313439
        ],
        [
            49,
            0.005936064019790737
        ],
        [
            50,
            0.006912986158721352
        ],
        [
            51,
            0.006925509801035942
        ],
        [
            52,
            0.006077809326425962
        ],
        [
            53,
            0.005909690277796153
        ],
        [
            54,
            0.0055344593589896724
        ],
        [
            55,
            0.005989189548120306
        ],
        [
            56,
            0.0051785323347701495
        ],
        [
            57,
            0.004837746651538336
        ],
        [
            58,
            0.005841388332156037
        ],
        [
            59,
            0.006024118727954407
        ],
        [
            60,
            0.005057019463253627
        ],
        [
            61,
            0.005526108909826854
        ],
        [
            62,
            0.0047054785437444435
        ],
        [
            63,
            0.004977951006243884
        ],
        [
            64,
            0.004458284374251084
        ],
        [
            65,
            0.004125517003167305
        ],
        [
            66,
            0.0050727549705733505
        ],
        [
            67,
            0.005287114966579075
        ],
        [
            68,
            0.005268385146456194
        ],
        [
            69,
            0.004688255869669905
        ],
        [
            70,
            0.004052188363090582
        ],
        [
            71,
            0.005111845141888234
        ],
        [
            72,
            0.004818636941885188
        ],
        [
            73,
            0.004747197438740167
        ],
        [
            74,
            0.005025861307248919
