{
    "test_acc": [
        [
            0,
            0.25
        ],
        [
            1,
            0.375
        ],
        [
            11,
            0.5
        ],
        [
            21,
            0.625
        ],
        [
            31,
            0.625
        ],
        [
            41,
            0.625
        ],
        [
            51,
            1.0
        ],
        [
            61,
            0.875
        ],
        [
            71,
            1.0
        ],
        [
            81,
            1.0
        ],
        [
            91,
            1.0
        ],
        [
            101,
            1.0
        ],
        [
            111,
            1.0
        ],
        [
            121,
            1.0
        ],
        [
            131,
            1.0
        ],
        [
            141,
            1.0
        ],
        [
            151,
            1.0
        ],
        [
            161,
            1.0
        ],
        [
            171,
            1.0
        ],
        [
            181,
            1.0
        ],
        [
            191,
            1.0
        ],
        [
            201,
            1.0
        ]
    ],
    "test_loss": [
        [
            0,
            0.4401735038933201
        ],
        [
            1,
            0.3176099905264359
        ],
        [
            11,
            0.22848222418440586
        ],
        [
            21,
            0.1779078611369745
        ],
        [
            31,
            0.14803345477694094
        ],
        [
            41,
            0.13742636700773436
        ],
        [
            51,
            0.12351070144141661
        ],
        [
            61,
            0.10482760303330182
        ],
        [
            71,
            0.08955135494243774
        ],
        [
            81,
            0.08230804246599094
        ],
        [
            91,
            0.07400031452145747
        ],
        [
            101,
            0.06890095000999136
        ],
        [
            111,
            0.0556143039756866
        ],
        [
            121,
            0.054541140084112885
        ],
        [
            131,
            0.04926838153292198
        ],
        [
            141,
            0.04965375830580379
        ],
        [
            151,
            0.05089498391609623
        ],
        [
            161,
            0.04383911853897841
        ],
        [
            171,
            0.04528217318301076
        ],
        [
            181,
            0.04291868808635517
        ],
        [
            191,
            0.04407657638728707
        ],
        [
            201,
            0.044209736171052144
        ]
    ],
    "train_loss": [
        [
            0,
            0.14880472176273482
        ],
        [
            1,
            0.13199495997681676
        ],
        [
            2,
            0.11959532279218828
        ],
        [
            3,
            0.10309249447089287
        ],
        [
            4,
            0.08861208532890245
        ],
        [
            5,
            0.096579693843784
        ],
        [
            6,
            0.08037673240528609
        ],
        [
            7,
            0.08009673114807808
        ],
        [
            8,
            0.07189047380400633
        ],
        [
            9,
            0.07386900927760949
        ],
        [
            10,
            0.061016896244777526
        ],
        [
            11,
            0.06498507664793189
        ],
        [
            12,
            0.06234401916870335
        ],
        [
            13,
            0.05520421427620432
        ],
        [
            14,
            0.04853177574774018
        ],
        [
            15,
            0.05656181820936229
        ],
        [
            16,
            0.048651817016180564
        ],
        [
            17,
            0.05151511275132014
        ],
        [
            18,
            0.04718609710618643
        ],
        [
            19,
            0.04803672023470131
        ],
        [
            20,
            0.04300647062760809
        ],
        [
            21,
            0.0450373955384491
        ],
        [
            22,
            0.03655967857813774
        ],
        [
            23,
            0.0427824120952236
        ],
        [
            24,
            0.04216629412287606
        ],
        [
            25,
            0.037444095138246654
        ],
        [
            26,
            0.039057922184904954
        ],
        [
            27,
            0.03351523332632694
        ],
        [
            28,
            0.02701837651598131
        ],
        [
            29,
            0.03315914702218784
        ],
        [
            30,
            0.028888597303956636
        ],
        [
            31,
            0.029838552969472302
        ],
        [
            32,
            0.030364216942404612
        ],
        [
            33,
            0.028144320829719845
        ],
        [
            34,
            0.02775103102809312
        ],
        [
            35,
            0.02951512306687816
        ],
        [
            36,
            0.029713576208460716
        ],
        [
            37,
            0.023224090670360062
        ],
        [
            38,
            0.026762537550648825
        ],
        [
            39,
            0.025239409330617874
        ],
        [
            40,
            0.02459439550415926
        ],
        [
            41,
            0.02393044673688499
        ],
        [
            42,
            0.02492805531969358
        ],
        [
            43,
            0.020270099255153495
        ],
        [
            44,
            0.022648083653796603
        ],
        [
            45,
            0.021444577750733062
        ],
        [
            46,
            0.021966107735968535
        ],
        [
            47,
            0.02106468407258801
        ],
        [
            48,
            0.022080075665770235
        ],
        [
            49,
            0.017369032974652723
        ],
        [
            50,
            0.020180307207229686
        ],
        [
            51,
            0.014329084896622915
        ],
        [
            52,
            0.01733624269001152
        ],
        [
            53,
            0.01726035577566069
        ],
        [
            54,
            0.017198364907300066
        ],
        [
            55,
            0.015918841804076666
        ],
        [
            56,
            0.01304577170838758
        ],
        [
            57,
            0.015975918287247173
        ],
        [
            58,
            0.013878211250282374
        ],
        [
            59,
            0.014382256699035112
        ],
        [
            60,
            0.012606187737806413
        ],
        [
            61,
            0.01293989168779465
        ],
        [
            62,
            0.011231455646181178
        ],
        [
            63,
            0.012171461358835997
        ],
        [
            64,
            0.011389951575994865
        ],
        [
            65,
            0.009823680827459805
        ],
        [
            66,
            0.009876637425007044
        ],
        [
            67,
            0.009503230629329935
        ],
        [
            68,
            0.009528179803798036
        ],
        [
            69,
            0.008033858045475321
        ],
        [
            70,
            0.008886042133805049
        ],
        [
            71,
            0.008204607604540245
        ],
        [
            72,
            0.007640899827928042
        ],
        [
            73,
            0.00778431875019221
        ],
        [
            74,
            0.006419490664848572
        ],
        [
