{
    "test_acc": [
        [
            0,
            0.25
        ],
        [
            1,
            0.5
        ]
    ],
    "test_loss": [
        [
            0,
            0.5232409299333807
        ],
        [
            1,
            0.29201142202242886
        ]
    ],
    "train_loss": [
        [
            0,
            0.1922889433423153
        ]
    ],
    "epochs_completed": 0
}