{
    "test_acc": [
        [
            0,
            0.125
        ],
        [
            1,
            0.25
        ],
        [
            11,
            0.375
        ],
        [
            21,
            0.5
        ],
        [
            31,
            0.625
        ],
        [
            41,
            0.625
        ],
        [
            51,
            0.5
        ],
        [
            61,
            0.5
        ],
        [
            71,
            0.5
        ],
        [
            81,
            0.5
        ],
        [
            91,
            0.625
        ],
        [
            101,
            0.625
        ],
        [
            111,
            0.625
        ],
        [
            121,
            0.5
        ],
        [
            131,
            0.625
        ],
        [
            141,
            0.875
        ],
        [
            151,
            0.875
        ],
        [
            161,
            1.0
        ],
        [
            171,
            1.0
        ],
        [
            181,
            1.0
        ],
        [
            191,
            1.0
        ],
        [
            201,
            1.0
        ]
    ],
    "test_loss": [
        [
            0,
            0.5334797221795413
        ],
        [
            1,
            0.34956578943625516
        ],
        [
            11,
            0.29746112033062294
        ],
        [
            21,
            0.25104066890409393
        ],
        [
            31,
            0.23329338233357294
        ],
        [
            41,
            0.25432857111048157
        ],
        [
            51,
            0.23508122508347445
        ],
        [
            61,
            0.22764677811551917
        ],
        [
            71,
            0.24289732359547905
        ],
        [
            81,
            0.2306756570868964
        ],
        [
            91,
            0.21169787701330572
        ],
        [
            101,
            0.2076119890760842
        ],
        [
            111,
            0.23011768316596276
        ],
        [
            121,
            0.203305632347897
        ],
        [
            131,
            0.20337752902769735
        ],
        [
            141,
            0.19447278165216236
        ],
        [
            151,
            0.1972877134847411
        ],
        [
            161,
            0.18944724842888339
        ],
        [
            171,
            0.17370355643299962
        ],
        [
            181,
            0.17149239917673226
        ],
        [
            191,
            0.18775172849138655
        ],
        [
            201,
            0.18079636065701876
        ]
    ],
    "train_loss": [
        [
            0,
            0.2490040604052007
        ],
        [
            1,
            0.24018123479596873
        ],
        [
            2,
            0.22708244245282852
        ],
        [
            3,
            0.2193365455776675
        ],
        [
            4,
            0.22571433670209073
        ],
        [
            5,
            0.20663983391420956
        ],
        [
            6,
            0.22055434255316855
        ],
        [
            7,
            0.19477052777471038
        ],
        [
            8,
            0.198920553738678
        ],
        [
            9,
            0.19564266008231512
        ],
        [
            10,
            0.1761223990975097
        ],
        [
            11,
            0.1604018325738856
        ],
        [
            12,
            0.1633244289231461
        ],
        [
            13,
            0.16198963511356304
        ],
        [
            14,
            0.15442225694758005
        ],
        [
            15,
            0.1432221985202232
        ],
        [
            16,
            0.139105581458367
        ],
        [
            17,
            0.1488579433957258
        ],
        [
            18,
            0.11981349572155753
        ],
        [
            19,
            0.13800016323899733
        ],
        [
            20,
            0.1293157777028421
        ],
        [
            21,
            0.12343782147849514
        ],
        [
            22,
            0.13078978660023988
        ],
        [
            23,
            0.13343560498287158
        ],
        [
            24,
            0.1262855250603636
        ],
        [
            25,
            0.11898314365719158
        ],
        [
            26,
            0.12835331580498918
        ],
        [
            27,
            0.12432212984609163
        ],
        [
            28,
            0.13684093154530885
        ],
        [
            29,
            0.12187017112739244
        ],
        [
            30,
            0.13003816710587068
        ],
        [
            31,
            0.1254399124916196
        ],
        [
            32,
            0.13366480281672452
        ],
        [
            33,
            0.11828233001590287
        ],
        [
            34,
            0.1372545227220138
        ],
        [
            35,
            0.12676503885866142
        ],
        [
            36,
            0.1293579809438461
        ],
        [
            37,
            0.1308650019968974
        ],
        [
            38,
            0.13503478238399017
        ],
        [
            39,
            0.12453997192193261
        ],
        [
            40,
            0.11940442951187162
        ],
        [
            41,
            0.12246968783989419
        ],
        [
            42,
            0.1197156546654206
        ],
        [
            43,
            0.13330440372633598
        ],
        [
            44,
            0.1296585999420848
        ],
        [
            45,
            0.13656084812175331
        ],
        [
            46,
            0.1331909285766937
        ],
        [
            47,
            0.13720976904535873
        ],
        [
            48,
            0.13632260595149373
        ],
        [
            49,
            0.12490344637615158
        ],
        [
            50,
            0.13798456909451406
        ],
        [
            51,
            0.1293113986683855
        ],
        [
            52,
            0.13344524974551913
        ],
        [
            53,
            0.12277899589599585
        ],
        [
            54,
            0.11940485446730938
        ],
        [
            55,
            0.11396683275450674
        ],
        [
            56,
            0.13458995467109391
        ],
        [
            57,
            0.11832740592194334
        ],
        [
            58,
            0.12737590184649158
        ],
        [
            59,
            0.1162105895665058
        ],
        [
            60,
            0.14119481405347545
        ],
        [
            61,
            0.12328549717466435
        ],
        [
            62,
            0.12481585600738725
        ],
        [
            63,
            0.12580518880832817
        ],
        [
            64,
            0.11303048940625114
        ],
        [
            65,
            0.12505852438681175
        ],
        [
            66,
            0.14055585567196918
        ],
        [
            67,
            0.12120163561706972
        ],
        [
            68,
            0.12588859346146938
        ],
        [
            69,
            0.125510741044403
        ],
        [
            70,
            0.1349349859729921
        ],
        [
            71,
            0.13666295081642388
        ],
        [
            72,
            0.13628772637623687
        ],
        [
            73,
            0.12655359007435654
        ],
        [
            74,
            0.13328547728736684
        ],
        [
            75,
            0.1250771460419489
        ],
