{
    "test_acc": [
        [
            0,
            0.125
        ],
        [
            1,
            0.25
        ]
    ],
    "test_loss": [
        [
            0,
            0.5334797221795413
        ],
        [
            1,
            0.34956578943625516
        ]
    ],
    "train_loss": [
        [
            0,
            0.2490040604052007
        ]
    ],
    "epochs_completed": 0
}