{
    "test_acc": [
        [
            0,
            0.25
        ],
        [
            1,
            0.375
        ],
        [
            11,
            0.5
        ],
        [
            21,
            0.625
        ],
        [
            31,
            0.5
        ],
        [
            41,
            0.75
        ],
        [
            51,
            0.75
        ],
        [
            61,
            0.75
        ],
        [
            71,
            0.875
        ],
        [
            81,
            0.875
        ],
        [
            91,
            1.0
        ],
        [
            101,
            1.0
        ],
        [
            111,
            1.0
        ],
        [
            121,
            1.0
        ],
        [
            131,
            0.875
        ],
        [
            141,
            0.875
        ],
        [
            151,
            1.0
        ],
        [
            161,
            0.875
        ],
        [
            171,
            0.875
        ],
        [
            181,
            0.875
        ],
        [
            191,
            0.875
        ],
        [
            201,
            0.875
        ]
    ],
    "test_loss": [
        [
            0,
            1.6740323502205
        ],
        [
            1,
            0.31566228291647724
        ],
        [
            11,
            0.244860814483652
        ],
        [
            21,
            0.1603535978502006
        ],
        [
            31,
            0.15291146006787157
        ],
        [
            41,
            0.15106375328026897
        ],
        [
            51,
            0.1468143976593171
        ],
        [
            61,
            0.13130002034245197
        ],
        [
            71,
            0.12586656655670783
        ],
        [
            81,
            0.11703812580488795
        ],
        [
            91,
            0.08895062925731073
        ],
        [
            101,
            0.06546331577858312
        ],
        [
            111,
            0.061773012005439734
        ],
        [
            121,
            0.08263432934418521
        ],
        [
            131,
            0.10505089059194544
        ],
        [
            141,
            0.09876466305265394
        ],
        [
            151,
            0.09998828973212169
        ],
        [
            161,
            0.10058693258248205
        ],
        [
            171,
            0.10326027018056652
        ],
        [
            181,
            0.12727832057978816
        ],
        [
            191,
            0.15006564823192053
        ],
        [
            201,
            0.16654212265473578
        ]
    ],
    "train_loss": [
        [
            0,
            0.35280246587094516
        ],
        [
            1,
            0.27319157421438517
        ],
        [
            2,
            0.145034508613524
        ],
        [
            3,
            0.14119511827606715
        ],
        [
            4,
            0.13789532268759308
        ],
        [
            5,
            0.13168806200129413
        ],
        [
            6,
            0.11932755926554872
        ],
        [
            7,
            0.11486298926477084
        ],
        [
            8,
            0.11365391837125234
        ],
        [
            9,
            0.09750864855249608
        ],
        [
            10,
            0.09854964910310406
        ],
        [
            11,
            0.08390865912501351
        ],
        [
            12,
            0.06891298707618337
        ],
        [
            13,
            0.06132902837162071
        ],
        [
            14,
            0.060581946231991084
        ],
        [
            15,
            0.05836765079217357
        ],
        [
            16,
            0.052128605720773456
        ],
        [
            17,
            0.05691360186173169
        ],
        [
            18,
            0.05157385925070865
        ],
        [
            19,
            0.05165962131973332
        ],
        [
            20,
            0.05210695603902222
        ],
        [
            21,
            0.1227254953782461
        ],
        [
            22,
            0.0843233188352951
        ],
        [
            23,
            0.06973409362430376
        ],
        [
            24,
            0.06164067798901076
        ],
        [
            25,
            0.060342287099034504
        ],
        [
            26,
            0.054580880014085294
        ],
        [
            27,
            0.05279127537188277
        ],
        [
            28,
            0.05292561167471126
        ],
        [
            29,
            0.05027853434098453
        ],
        [
            30,
            0.04892990146990941
        ],
        [
            31,
            0.0707743932597898
        ],
        [
            32,
            0.05183647741337347
        ],
        [
            33,
            0.05044339762370683
        ],
        [
            34,
            0.0499154630979425
        ],
        [
            35,
            0.05025965870816219
        ],
        [
            36,
            0.046130227422609894
        ],
        [
            37,
            0.047541315818996434
        ],
        [
            38,
            0.04748783878246693
        ],
        [
            39,
            0.04694571413402909
        ],
        [
            40,
            0.04240883683012636
        ],
        [
            41,
            0.06866517726053369
        ],
        [
            42,
            0.04750155169525271
        ],
        [
            43,
            0.04907612577409998
        ],
        [
            44,
            0.04983960890693249
        ],
        [
            45,
            0.04837932006039939
        ],
        [
            46,
            0.04717271583691013
        ],
        [
            47,
            0.03979996117192162
        ],
        [
            48,
            0.047937840257481816
        ],
        [
            49,
            0.041233531065405914
        ],
        [
            50,
            0.042679301116148004
        ],
        [
            51,
            0.06774512326399015
        ],
        [
            52,
            0.04633290173403232
        ],
        [
            53,
            0.04398551693606085
        ],
        [
            54,
            0.041094410833654636
        ],
        [
            55,
            0.04210718897624203
        ],
        [
            56,
            0.03823899932747655
        ],
        [
            57,
            0.039803257344290445
        ],
        [
            58,
            0.03894374884953531
        ],
        [
            59,
            0.0389500254815686
        ],
        [
            60,
            0.03588889302911327
        ],
        [
            61,
            0.05298426973585168
        ],
        [
            62,
            0.031170784745312083
        ],
        [
            63,
            0.030346791346124866
        ],
        [
            64,
            0.03260845560203389
        ],
        [
            65,
            0.031077414574784096
        ],
        [
            66,
            0.02994479830244388
        ],
        [
            67,
            0.030026723595718518
        ],
        [
            68,
            0.030106594316986316
        ],
        [
            69,
            0.029333766904473594
        ],
        [
            70,
            0.03002750522013407
        ],
        [
            71,
            0.04681187302946604
        ],
        [
            72,
            0.02855776887687506
        ],
        [
            73,
            0.026491573716731425
        ],
        [
            74,
            0.02691336276477345
        ],
        [
            75,
