{
    "test_acc": [
        [
            0,
            0.25
        ],
        [
            1,
            0.375
        ]
    ],
    "test_loss": [
        [
            0,
            1.6740323502205
        ],
        [
            1,
            0.31566228291647724
        ]
    ],
    "train_loss": [
        [
            0,
            0.35280246587094516
        ]
    ],
    "epochs_completed": 0
}