{
    "test_acc": [
        [
            0,
            0.25
        ],
        [
            1,
            0.5
        ]
    ],
    "test_loss": [
        [
            0,
            1.8644213065559856
        ],
        [
            1,
            4.0826907998527755
        ]
    ],
    "train_loss": [
        [
            0,
            4.581164917714024
        ]
    ],
    "epochs_completed": 0
}