{
    "test_acc": [
        [
            0,
            0.125
        ],
        [
            1,
            0.125
        ],
        [
            11,
            0.375
        ],
        [
            21,
            0.625
        ],
        [
            31,
            0.625
        ],
        [
            41,
            0.625
        ],
        [
            51,
            0.625
        ],
        [
            61,
            0.625
        ],
        [
            71,
            0.625
        ],
        [
            81,
            0.75
        ],
        [
            91,
            0.625
        ],
        [
            101,
            1.0
        ],
        [
            111,
            0.625
        ],
        [
            121,
            1.0
        ],
        [
            131,
            1.0
        ],
        [
            141,
            1.0
        ],
        [
            151,
            1.0
        ],
        [
            161,
            1.0
        ],
        [
            171,
            1.0
        ],
        [
            181,
            1.0
        ],
        [
            191,
            1.0
        ],
        [
            201,
            1.0
        ]
    ],
    "test_loss": [
        [
            0,
            2.78681932163327
        ],
        [
            1,
            0.47232992225461834
        ],
        [
            11,
            0.24598236944081833
        ],
        [
            21,
            0.2013211177076575
        ],
        [
            31,
            0.1527052974571299
        ],
        [
            41,
            0.15407083549813982
        ],
        [
            51,
            0.16427103078972805
        ],
        [
            61,
            0.16895115389036408
        ],
        [
            71,
            0.15129006556396873
        ],
        [
            81,
            0.12978299366886145
        ],
        [
            91,
            0.13948416440784356
        ],
        [
            101,
            0.09692722252061531
        ],
        [
            111,
            0.10164129298171531
        ],
        [
            121,
            0.07301904824386302
        ],
        [
            131,
            0.09860234823872763
        ],
        [
            141,
            0.07765254392611023
        ],
        [
            151,
            0.05595135837067394
        ],
        [
            161,
            0.04284041233821237
        ],
        [
            171,
            0.07952040689992178
        ],
        [
            181,
            0.053162321650251004
        ],
        [
            191,
            0.041772460255100424
        ],
        [
            201,
            0.041707898750245664
        ]
    ],
    "train_loss": [
        [
            0,
            0.7225390877476716
        ],
        [
            1,
            0.24133741546691645
        ],
        [
            2,
            0.2334265110428154
        ],
        [
            3,
            0.20723318553962108
        ],
        [
            4,
            0.19241905025044737
        ],
        [
            5,
            0.1639250147178519
        ],
        [
            6,
            0.15681572157981474
        ],
        [
            7,
            0.14059736301619583
        ],
        [
            8,
            0.1161015969046868
        ],
        [
            9,
            0.08690012042212814
        ],
        [
            10,
            0.08130920602388787
        ],
        [
            11,
            0.08303658022079691
        ],
        [
            12,
            0.0765023633364045
        ],
        [
            13,
            0.06517350324576772
        ],
        [
            14,
            0.05516660834102605
        ],
        [
            15,
            0.05649164470467268
        ],
        [
            16,
            0.04825054887048389
        ],
        [
            17,
            0.050772764728892715
        ],
        [
            18,
            0.04559631624968044
        ],
        [
            19,
            0.04294657439041926
        ],
        [
            20,
            0.04097589196451501
        ],
        [
            21,
            0.043163041656588096
        ],
        [
            22,
            0.03848607078220811
        ],
        [
            23,
            0.030062125845752363
        ],
        [
            24,
            0.03968684346872579
        ],
        [
            25,
            0.037883509880362404
        ],
        [
            26,
            0.03489073294977515
        ],
        [
            27,
            0.03569901599052006
        ],
        [
            28,
            0.0296962808204952
        ],
        [
            29,
            0.03187976919220006
        ],
        [
            30,
            0.029442842057648605
        ],
        [
            31,
            0.035969729496550244
        ],
        [
            32,
            0.024966830281850427
        ],
        [
            33,
            0.026365373467546235
        ],
        [
            34,
            0.017914487006294194
        ],
        [
            35,
            0.02470270087257485
        ],
        [
            36,
            0.02161704308641524
        ],
        [
            37,
            0.015696579061659128
        ],
        [
            38,
            0.017409767914268775
        ],
        [
            39,
            0.022349740352850145
        ],
        [
            40,
            0.014840799888204331
        ],
        [
            41,
            0.018894407770794732
        ],
        [
            42,
            0.019775805336354268
        ],
        [
            43,
            0.014501541874534988
        ],
        [
            44,
            0.018024501430247395
        ],
        [
            45,
            0.01676050544700606
        ],
        [
            46,
            0.010282090920785704
        ],
        [
            47,
            0.014355104052698513
        ],
        [
            48,
            0.014713228289964774
        ],
        [
            49,
            0.011464417757340898
        ],
        [
            50,
            0.01593555191287072
        ],
        [
            51,
            0.01041666070512095
        ],
        [
            52,
            0.010932280283776413
        ],
        [
            53,
            0.008644312821871697
        ],
        [
            54,
            0.009328376364508147
        ],
        [
            55,
            0.0096178212702257
        ],
        [
            56,
            0.006843376019831884
        ],
        [
            57,
            0.006700588509704082
        ],
        [
            58,
            0.00708314605712413
        ],
        [
            59,
            0.006593674259458966
        ],
        [
            60,
            0.005509547502527361
        ],
        [
            61,
            0.007232405825618377
        ],
        [
            62,
            0.0050860149193293035
        ],
        [
            63,
            0.004726740464915925
        ],
        [
            64,
            0.004063368585676005
        ],
        [
            65,
            0.005898968718445184
        ],
        [
            66,
            0.004713903140794115
        ],
        [
            67,
            0.0024748079487741533
        ],
        [
            68,
            0.005193547159842924
        ],
        [
            69,
            0.0037522705048634673
        ],
        [
            70,
            0.0032774768010468886
        ],
        [
            71,
            0.0030381395832041135
        ],
        [
            72,
            0.004035037825382198
        ],
        [
            73,
            0.0035620041504568073
        ],
        [
            74,
            0.002771370689086217
        ],
