{
    "test_acc": [
        [
            0,
            0.125
        ],
        [
            1,
            0.125
        ]
    ],
    "test_loss": [
        [
            0,
            2.78681932163327
        ],
        [
            1,
            0.47232992225461834
        ]
    ],
    "train_loss": [
        [
            0,
            0.7225390877476716
        ]
    ],
    "epochs_completed": 0
}