{
    "test_acc": [
        [
            0,
            0.5
        ],
        [
            1,
            0.25
        ]
    ],
    "test_loss": [
        [
            0,
            3.3361193359618486
        ],
        [
            1,
            0.3002797958735737
        ]
    ],
    "train_loss": [
        [
            0,
            0.4002239958200522
        ]
    ],
    "epochs_completed": 0
}