{
    "test_acc": [
        [
            0,
            0.5
        ],
        [
            1,
            0.25
        ],
        [
            11,
            0.75
        ],
        [
            21,
            0.625
        ],
        [
            31,
            0.625
        ],
        [
            41,
            0.625
        ],
        [
            51,
            0.625
        ],
        [
            61,
            0.625
        ],
        [
            71,
            0.875
        ],
        [
            81,
            0.625
        ],
        [
            91,
            0.625
        ],
        [
            101,
            0.625
        ],
        [
            111,
            0.625
        ],
        [
            121,
            0.625
        ],
        [
            131,
            0.625
        ],
        [
            141,
            0.625
        ],
        [
            151,
            0.625
        ],
        [
            161,
            0.625
        ],
        [
            171,
            0.625
        ],
        [
            181,
            0.625
        ],
        [
            191,
            0.625
        ],
        [
            201,
            0.625
        ]
    ],
    "test_loss": [
        [
            0,
            3.3361193359618486
        ],
        [
            1,
            0.3002797958735737
        ],
        [
            11,
            0.2548614815518452
        ],
        [
            21,
            0.2543132142413198
        ],
        [
            31,
            0.26227660608080183
        ],
        [
            41,
            0.24766801251912987
        ],
        [
            51,
            0.25205070624351467
        ],
        [
            61,
            0.23668935016803389
        ],
        [
            71,
            0.23457647227382644
        ],
        [
            81,
            0.22533224890767867
        ],
        [
            91,
            0.22815760490317902
        ],
        [
            101,
            0.22551412087911743
        ],
        [
            111,
            0.2259812626349129
        ],
        [
            121,
            0.23055651451226014
        ],
        [
            131,
            0.2330065424768304
        ],
        [
            141,
            0.23405693582148696
        ],
        [
            151,
            0.2399516469164686
        ],
        [
            161,
            0.25071122991626643
        ],
        [
            171,
            0.2556738020605601
        ],
        [
            181,
            0.26357771227239885
        ],
        [
            191,
            0.25708973257765294
        ],
        [
            201,
            0.2601529247148424
        ]
    ],
    "train_loss": [
        [
            0,
            0.4002239958200522
        ],
        [
            1,
            0.19127430633893752
        ],
        [
            2,
            0.11495548237328813
        ],
        [
            3,
            0.11322971923272922
        ],
        [
            4,
            0.10960748249891333
        ],
        [
            5,
            0.10701758416307379
        ],
        [
            6,
            0.11222556407941031
        ],
        [
            7,
            0.10854773795034611
        ],
        [
            8,
            0.10804489559330104
        ],
        [
            9,
            0.1093598129927398
        ],
        [
            10,
            0.1084571407930175
        ],
        [
            11,
            0.13889459374365223
        ],
        [
            12,
            0.12378283712553322
        ],
        [
            13,
            0.11716710396946887
        ],
        [
            14,
            0.11255575337776562
        ],
        [
            15,
            0.11448474289780763
        ],
        [
            16,
            0.10939653668000975
        ],
        [
            17,
            0.1142651921174086
        ],
        [
            18,
            0.11191251236862572
        ],
        [
            19,
            0.10918728665468942
        ],
        [
            20,
            0.10964628393124122
        ],
        [
            21,
            0.13102932490777455
        ],
        [
            22,
            0.10906621115769456
        ],
        [
            23,
            0.10998814898843841
        ],
        [
            24,
            0.10705336330705821
        ],
        [
            25,
            0.1071405354329777
        ],
        [
            26,
            0.11067778352772766
        ],
        [
            27,
            0.10416339613441845
        ],
        [
            28,
            0.1029542796880822
        ],
        [
            29,
            0.10241389216372476
        ],
        [
            30,
            0.10599450820183111
        ],
        [
            31,
            0.11797696157327808
        ],
        [
            32,
            0.10507397251086402
        ],
        [
            33,
            0.10108918344489977
        ],
        [
            34,
            0.09793271904743207
        ],
        [
            35,
            0.10181327661707422
        ],
        [
            36,
            0.10115926399029047
        ],
        [
            37,
            0.10331274028939741
        ],
        [
            38,
            0.10260231581461177
        ],
        [
            39,
            0.10295470547664183
        ],
        [
            40,
            0.1064577215011205
        ],
        [
            41,
            0.11705209690007357
        ],
        [
            42,
            0.10044265680712444
        ],
        [
            43,
            0.0964905934977406
        ],
        [
            44,
            0.09955666012594792
        ],
        [
            45,
            0.09799685071244751
        ],
        [
            46,
            0.09823035850519968
        ],
        [
            47,
            0.09636400421858514
        ],
        [
            48,
            0.10188824520985879
        ],
        [
            49,
            0.09640327114012853
        ],
        [
            50,
            0.09815729420941283
        ],
        [
            51,
            0.11018076042466114
        ],
        [
            52,
            0.09581656767111328
        ],
        [
            53,
            0.09179133725999922
        ],
        [
            54,
            0.09346717491263601
        ],
        [
            55,
            0.09014104010006585
        ],
        [
            56,
            0.09666296739566406
        ],
        [
            57,
            0.09666798473559186
        ],
        [
            58,
            0.09321872924222403
        ],
        [
            59,
            0.09330987560809467
        ],
        [
            60,
            0.09246669856373761
        ],
        [
            61,
            0.10523276316208875
        ],
        [
            62,
            0.09110848878940599
        ],
        [
            63,
            0.09214919799946568
        ],
        [
            64,
            0.0905521373810531
        ],
        [
            65,
            0.08934960110231689
        ],
        [
            66,
            0.092022557374332
        ],
        [
            67,
            0.08944873312664144
        ],
        [
            68,
            0.08810597350373163
        ],
        [
            69,
            0.09052528108316586
        ],
        [
            70,
            0.08910305148873914
        ],
        [
            71,
            0.09955374609672767
        ],
        [
            72,
            0.08702998903532165
        ],
        [
            73,
            0.08350356117295854
        ],
        [
            74,
            0.08776233011865109
        ],
        [
            75,
