{
    "test_acc": [
        [
            0,
            0.375
        ],
        [
            1,
            0.375
        ]
    ],
    "test_loss": [
        [
            0,
            1.5123826188345526
        ],
        [
            1,
            0.2602121572711061
        ]
    ],
    "train_loss": [
        [
            0,
            1.4678209836210627
        ],
        [
            0,
            1.2560538441717604
        ],
        [
            0,
            0.8126916262582915
        ],
        [
            0,
            0.8688766337593986
        ],
        [
            0,
            0.567446284879494
        ],
        [
            0,
            0.4424063615350054
        ],
        [
            0,
            0.5212969528086269
        ],
        [
            0,
            0.8206959483627356
        ],
        [
            0,
            0.3000017509558525
        ],
        [
            0,
            0.23577225553895284
        ],
        [
            0,
            0.1890278545006557
        ],
        [
            0,
            0.5491884692550817
        ],
        [
            0,
            0.0830804336361933
        ],
        [
            0,
            0.16522579162164494
        ],
        [
            0,
            0.059363324788076655
        ],
        [
            0,
            0.38719402827903115
        ],
        [
            0,
            0.18752372232529887
        ],
        [
            0,
            0.13521060414970112
        ],
        [
            0,
            0.15501808782322257
        ],
        [
            0,
            0.18960412301137453
        ],
        [
            0,
            0.034215273964643245
        ],
        [
            0,
            0.051092406816205305
        ],
        [
            0,
            0.025226801388995024
        ],
        [
            0,
            0.09311609072795164
        ]
    ],
    "epochs_completed": 0
}