{
    "test_acc": [
        [
            0,
            0.375
        ],
        [
            1,
            0.375
        ]
    ],
    "test_loss": [
        [
            0,
            0.5803902771725731
        ],
        [
            1,
            0.33044685499962656
        ]
    ],
    "train_loss": [
        [
            0,
            0.31351952667393307
        ]
    ],
    "epochs_completed": 0
}