{
    "test_acc": [
        [
            0,
            0.375
        ],
        [
            1,
            0.375
        ],
        [
            11,
            0.5
        ],
        [
            21,
            0.625
        ],
        [
            31,
            0.75
        ],
        [
            41,
            1.0
        ],
        [
            51,
            1.0
        ],
        [
            61,
            0.875
        ],
        [
            71,
            1.0
        ],
        [
            81,
            1.0
        ],
        [
            91,
            1.0
        ],
        [
            101,
            1.0
        ],
        [
            111,
            1.0
        ],
        [
            121,
            1.0
        ],
        [
            131,
            1.0
        ],
        [
            141,
            1.0
        ],
        [
            151,
            1.0
        ],
        [
            161,
            1.0
        ],
        [
            171,
            1.0
        ],
        [
            181,
            1.0
        ],
        [
            191,
            1.0
        ],
        [
            201,
            1.0
        ]
    ],
    "test_loss": [
        [
            0,
            2.1502523632589536
        ],
        [
            1,
            0.2690845608599529
        ],
        [
            11,
            0.20766531815453032
        ],
        [
            21,
            0.15252574928175566
        ],
        [
            31,
            0.13874715922058836
        ],
        [
            41,
            0.13027049479395508
        ],
        [
            51,
            0.1193629025609806
        ],
        [
            61,
            0.11622981399756618
        ],
        [
            71,
            0.10824426785309449
        ],
        [
            81,
            0.09488233093507567
        ],
        [
            91,
            0.08923783577342553
        ],
        [
            101,
            0.07751778508498845
        ],
        [
            111,
            0.06962247999513888
        ],
        [
            121,
            0.05941442057679876
        ],
        [
            131,
            0.058120579976758284
        ],
        [
            141,
            0.05184172380945732
        ],
        [
            151,
            0.048776411593754634
        ],
        [
            161,
            0.045989153330152514
        ],
        [
            171,
            0.0446323544136604
        ],
        [
            181,
            0.04626843020218308
        ],
        [
            191,
            0.044682857257871675
        ],
        [
            201,
            0.042861725293682804
        ]
    ],
    "train_loss": [
        [
            0,
            0.3134527675296122
        ],
        [
            1,
            0.11371750189654434
        ],
        [
            2,
            0.11778393940818903
        ],
        [
            3,
            0.10132491189338598
        ],
        [
            4,
            0.10053383379210427
        ],
        [
            5,
            0.08813409648696158
        ],
        [
            6,
            0.07846603107463561
        ],
        [
            7,
            0.07301735376086647
        ],
        [
            8,
            0.07417304622284175
        ],
        [
            9,
            0.06559551178779291
        ],
        [
            10,
            0.052715324671682405
        ],
        [
            11,
            0.0532566276604402
        ],
        [
            12,
            0.052303440377616695
        ],
        [
            13,
            0.04831354307658236
        ],
        [
            14,
            0.044592269534071166
        ],
        [
            15,
            0.04488961508573186
        ],
        [
            16,
            0.04465787268223979
        ],
        [
            17,
            0.04266456621584821
        ],
        [
            18,
            0.03618921121388439
        ],
        [
            19,
            0.040088694392297806
        ],
        [
            20,
            0.03807637112602967
        ],
        [
            21,
            0.037517327649788906
        ],
        [
            22,
            0.03958760739347313
        ],
        [
            23,
            0.03283707225327501
        ],
        [
            24,
            0.03691851903691717
        ],
        [
            25,
            0.03391274097965933
        ],
        [
            26,
            0.03453602903992679
        ],
        [
            27,
            0.034229176109010356
        ],
        [
            28,
            0.035417734173519254
        ],
        [
            29,
            0.03283514993528047
        ],
        [
            30,
            0.03138664942405122
        ],
        [
            31,
            0.031136266988473608
        ],
        [
            32,
            0.03122806891841362
        ],
        [
            33,
            0.0323871232605985
        ],
        [
            34,
            0.03275677965327232
        ],
        [
            35,
            0.02868886549273376
        ],
        [
            36,
            0.027878689448692873
        ],
        [
            37,
            0.030857444640633874
        ],
        [
            38,
            0.02630814930438354
        ],
        [
            39,
            0.02847490537479325
        ],
        [
            40,
            0.029388898814453834
        ],
        [
            41,
            0.025361182969116325
        ],
        [
            42,
            0.023293769663067832
        ],
        [
            43,
            0.01933085141783403
        ],
        [
            44,
            0.027610301295203032
        ],
        [
            45,
            0.02459060440676929
        ],
        [
            46,
            0.022870667027377566
        ],
        [
            47,
            0.02624390407067895
        ],
        [
            48,
            0.025007538769059107
        ],
        [
            49,
            0.020173263686143552
        ],
        [
            50,
            0.024093445885797454
        ],
        [
            51,
            0.023813981058366684
        ],
        [
            52,
            0.020289004383782467
        ],
        [
            53,
            0.020084732011059602
        ],
        [
            54,
            0.02011338486900789
        ],
        [
            55,
            0.0201085540603668
        ],
        [
            56,
            0.021174258985538447
        ],
        [
            57,
            0.01959242135318699
        ],
        [
            58,
            0.018501794854094682
        ],
        [
            59,
            0.01763687202271745
        ],
        [
            60,
            0.019253550345617196
        ],
        [
            61,
            0.01965080978694003
        ],
        [
            62,
            0.017078522622185736
        ],
        [
            63,
            0.01562074698462925
        ],
        [
            64,
            0.01854874384607692
        ],
        [
            65,
            0.016972929480207847
        ],
        [
            66,
            0.01694676742550871
        ],
        [
            67,
            0.016403812361396226
        ],
        [
            68,
            0.014394023431666575
        ],
        [
            69,
            0.016037524424196984
        ],
        [
            70,
            0.01374850265879376
        ],
        [
            71,
            0.014348980794847178
        ],
        [
            72,
            0.010775434522977384
        ],
        [
            73,
            0.012841936506103163
        ],
        [
            74,
            0.011392255754503736
        ],
        [
