{
    "test_acc": [
        [
            0,
            0.375
        ],
        [
            1,
            0.375
        ]
    ],
    "test_loss": [
        [
            0,
            2.1502523632589536
        ],
        [
            1,
            0.2690845608599529
        ]
    ],
    "train_loss": [
        [
            0,
            0.3134527675296122
        ]
    ],
    "epochs_completed": 0
}