{
    "test_acc": [
        [
            0,
            0.375
        ],
        [
            1,
            0.375
        ]
    ],
    "test_loss": [
        [
            0,
            0.7384670888916015
        ],
        [
            1,
            0.5031700927601265
        ]
    ],
    "train_loss": [
        [
            0,
            0.5448337860549981
        ],
        [
            1,
            0.3496477744213467
        ],
        [
            2,
            0.29650952422307947
        ],
        [
            3,
            0.28520436593135595
        ],
        [
            4,
            2.744512797948832e+68
        ]
    ],
    "apical_error": [],
    "intn_error": [],
    "ff_error": [],
    "fb_error": [],
    "epochs_completed": 5
}