{
    "test_acc": [
        [
            0,
            0.25
        ],
        [
            1,
            0.625
        ],
        [
            11,
            0.75
        ],
        [
            21,
            0.625
        ],
        [
            31,
            0.875
        ],
        [
            41,
            1.0
        ],
        [
            51,
            1.0
        ],
        [
            61,
            1.0
        ],
        [
            71,
            1.0
        ],
        [
            81,
            1.0
        ],
        [
            91,
            1.0
        ],
        [
            101,
            1.0
        ],
        [
            111,
            1.0
        ],
        [
            121,
            0.5
        ]
    ],
    "test_loss": [
        [
            0,
            0.5483439648723659
        ],
        [
            1,
            0.24933757291778186
        ],
        [
            11,
            0.18078227843306693
        ],
        [
            21,
            0.13660779044169746
        ],
        [
            31,
            0.10856332014619122
        ],
        [
            41,
            0.07479807037113134
        ],
        [
            51,
            0.03722398737391546
        ],
        [
            61,
            0.03474234757912901
        ],
        [
            71,
            0.02972342806216781
        ],
        [
            81,
            0.031186221090382014
        ],
        [
            91,
            0.053913023969017176
        ],
        [
            101,
            0.061008728314049895
        ],
        [
            111,
            0.08052597303083342
        ],
        [
            121,
            223.7548649718411
        ]
    ],
    "train_loss": [
        [
            0,
            0.10821383281976826
        ],
        [
            1,
            0.09232749760990815
        ],
        [
            2,
            0.08438152847876516
        ],
        [
            3,
            0.08546735249065777
        ],
        [
            4,
            0.08028951274749459
        ],
        [
            5,
            0.07847114966693776
        ],
        [
            6,
            0.07639760045981721
        ],
        [
            7,
            0.07237922467931796
        ],
        [
            8,
            0.06957895605118829
        ],
        [
            9,
            0.06626599392954535
        ],
        [
            10,
            0.06586184199066072
        ],
        [
            11,
            0.07058035729724306
        ],
        [
            12,
            0.051129991805696606
        ],
        [
            13,
            0.04798045374121047
        ],
        [
            14,
            0.04506812363490905
        ],
        [
            15,
            0.04593348271086497
        ],
        [
            16,
            0.042875157648556615
        ],
        [
            17,
            0.03813416264074466
        ],
        [
            18,
            0.04182056431939187
        ],
        [
            19,
            0.040326141439095714
        ],
        [
            20,
            0.03854609181874354
        ],
        [
            21,
            0.08123765596440363
        ],
        [
            22,
            0.044440858715640685
        ],
        [
            23,
            0.04238458673181944
        ],
        [
            24,
            0.036920220066236124
        ],
        [
            25,
            0.0324719023995578
        ],
        [
            26,
            0.03537395839290154
        ],
        [
            27,
            0.03194223288651207
        ],
        [
            28,
            0.026842151412827992
        ],
        [
            29,
            0.026989075528816495
        ],
        [
            30,
            0.0283452478887741
        ],
        [
            31,
            0.04541915503501606
        ],
        [
            32,
            0.017597147120296953
        ],
        [
            33,
            0.015807534172380015
        ],
        [
            34,
            0.013982051807885821
        ],
        [
            35,
            0.012134057784393895
        ],
        [
            36,
            0.011441039526991654
        ],
        [
            37,
            0.010678751968255096
        ],
        [
            38,
            0.008906421805079204
        ],
        [
            39,
            0.009522412980470083
        ],
        [
            40,
            0.008126974628720723
        ],
        [
            41,
            0.042120878550477296
        ],
        [
            42,
            0.004487290532469064
        ],
        [
            43,
            0.0035291420462563853
        ],
        [
            44,
            0.0028533302157604627
        ],
        [
            45,
            0.002771668036911558
        ],
        [
            46,
            0.0022863683762777793
        ],
        [
            47,
            0.0020946511184174754
        ],
        [
            48,
            0.0019903434157258954
        ],
        [
            49,
            0.0015926621271130854
        ],
        [
            50,
            0.001740771812164103
        ],
        [
            51,
            0.08787251606884888
        ],
        [
            52,
            0.020371947882966434
        ],
        [
            53,
            0.017570479811765082
        ],
        [
            54,
            0.016260281945936608
        ],
        [
            55,
            0.012911458049354606
        ],
        [
            56,
            0.012298727755732264
        ],
        [
            57,
            0.009744249652405645
        ],
        [
            58,
            0.008054266525707501
        ],
        [
            59,
            0.006757735638137592
        ],
        [
            60,
            0.006576797979799397
        ],
        [
            61,
            0.11769032547292689
        ],
        [
            62,
            0.012597760735392169
        ],
        [
            63,
            0.008730078901804194
        ],
        [
            64,
            0.009149812615732032
        ],
        [
            65,
            0.007863459482164048
        ],
        [
            66,
            0.007095864806054098
        ],
        [
            67,
            0.005800393756003688
        ],
        [
            68,
            0.004670701918771301
        ],
        [
            69,
            0.0032544014044556
        ],
        [
            70,
            0.004088420546830408
        ],
        [
            71,
            0.1911723168907414
        ],
        [
            72,
            0.003161758935042445
        ],
        [
            73,
            0.002251156778190195
        ],
        [
            74,
            0.002385239406978265
        ],
        [
            75,
            0.0022155057490545926
        ],
        [
            76,
            0.0018166146793791775
        ],
        [
            77,
            0.0019041137589114604
        ],
        [
            78,
            0.0014176036899930296
        ],
        [
            79,
            0.0010725752197887335
        ],
        [
            80,
            0.0013477601059362961
        ],
        [
            81,
            1.0045685639157984
        ],
        [
            82,
            0.0021503904855824578
        ],
        [
            83,
            0.0016398947456768807
        ],
        [
            84,
            0.0016494718736832284
        ],
        [
            85,
            0.001457480802866943
        ],
        [
            86,
            0.00124385017918643
        ],
        [
            87,
            0.0014181514019607608
        ],
        [
            88,
            0.0008767887006927437
        ],
        [
