{
    "test_acc": [
        [
            0,
            0.25
        ],
        [
            1,
            0.375
        ]
    ],
    "test_loss": [
        [
            0,
            0.8634282006365991
        ],
        [
            1,
            3.046266802190097
        ]
    ],
    "train_loss": [
        [
            0,
            3.5444194080561418
        ]
    ],
    "epochs_completed": 0
}