{
    "test_acc": [
        [
            0,
            0.375
        ],
        [
            1,
            0.125
        ],
        [
            11,
            0.5
        ],
        [
            21,
            0.625
        ],
        [
            31,
            0.625
        ],
        [
            41,
            0.625
        ],
        [
            51,
            0.375
        ]
    ],
    "test_loss": [
        [
            0,
            1.435473778826439
        ],
        [
            1,
            0.3345969730786109
        ],
        [
            11,
            0.25020395994247296
        ],
        [
            21,
            0.17585253743026857
        ],
        [
            31,
            0.15814279127015698
        ],
        [
            41,
            0.14336808298376444
        ],
        [
            51,
            1627.1436439376678
        ]
    ],
    "train_loss": [
        [
            0,
            0.21333295149520626
        ],
        [
            1,
            0.17990507571675987
        ],
        [
            2,
            0.14469013360438324
        ],
        [
            3,
            0.151362658854258
        ],
        [
            4,
            0.14331728435997557
        ],
        [
            5,
            0.13660659824778223
        ],
        [
            6,
            0.12256124031351302
        ],
        [
            7,
            0.11441967821665346
        ],
        [
            8,
            0.10306326458812017
        ],
        [
            9,
            0.10186343822682316
        ],
        [
            10,
            0.08177285040821829
        ],
        [
            11,
            0.2038426810052527
        ],
        [
            12,
            0.11959676062372747
        ],
        [
            13,
            0.07508082230130626
        ],
        [
            14,
            0.058987331462454
        ],
        [
            15,
            0.05162796752743245
        ],
        [
            16,
            0.04873232807859892
        ],
        [
            17,
            0.0395599787551501
        ],
        [
            18,
            0.04658795687042261
        ],
        [
            19,
            0.04025371568796164
        ],
        [
            20,
            0.03973941031204578
        ],
        [
            21,
            0.08598179312104437
        ],
        [
            22,
            0.030292364967053644
        ],
        [
            23,
            0.01459215237039344
        ],
        [
            24,
            0.012132670127012414
        ],
        [
            25,
            0.011746050880490059
        ],
        [
            26,
            0.013312980103552141
        ],
        [
            27,
            0.011014167117157669
        ],
        [
            28,
            0.011946530862378854
        ],
        [
            29,
            0.010687637662265987
        ],
        [
            30,
            0.008568740626648424
        ],
        [
            31,
            16.501127463746197
        ],
        [
            32,
            5.509777942471641
        ],
        [
            33,
            0.009489701402414043
        ],
        [
            34,
            0.005418021493998774
        ],
        [
            35,
            0.005804026532758699
        ],
        [
            36,
            0.0033451548758086183
        ],
        [
            37,
            0.004341354741760437
        ],
        [
            38,
            0.002781950684302056
        ],
        [
            39,
            0.0026401396110055553
        ],
        [
            40,
            0.00263785724747582
        ],
        [
            41,
            267.28521240221113
        ],
        [
            42,
            423.59786631788296
        ],
        [
            43,
            559.5680768088732
        ],
        [
            44,
            697.3335755019178
        ],
        [
            45,
            833.3422330715383
        ],
        [
            46,
            975.6136884040126
        ],
        [
            47,
            1121.7738722326364
        ],
        [
            48,
            1271.553915499263
        ],
        [
            49,
            1404.6309271263356
        ],
        [
            50,
            1546.7330788016482
        ]
    ],
    "epochs_completed": 50
}