{
    "test_acc": [
        [
            0,
            0.25
        ],
        [
            1,
            0.625
        ]
    ],
    "test_loss": [
        [
            0,
            0.5483439648723659
        ],
        [
            1,
            0.24933757291778186
        ]
    ],
    "train_loss": [
        [
            0,
            0.10821383281976826
        ]
    ],
    "epochs_completed": 0
}