{
    "test_acc": [
        [
            0,
            0.375
        ],
        [
            1,
            0.375
        ]
    ],
    "test_loss": [
        [
            0,
            0.384373088876237
        ],
        [
            1,
            0.31857310124458255
        ]
    ],
    "train_loss": [
        [
            0,
            0.17935151282139325
        ],
        [
            0,
            0.45491504437749414
        ],
        [
            0,
            0.5229057859726699
        ],
        [
            0,
            0.2300768719824151
        ],
        [
            0,
            0.26259187611449736
        ],
        [
            0,
            0.3685736695132978
        ],
        [
            0,
            0.37229166206648934
        ],
        [
            0,
            0.24090176487902518
        ],
        [
            0,
            0.34774607962258247
        ],
        [
            0,
            0.3038069526062402
        ],
        [
            0,
            0.3907664948252778
        ],
        [
            0,
            0.36942126630356004
        ],
        [
            0,
            0.2740621354697184
        ],
        [
            0,
            0.3791669692308826
        ],
        [
            0,
            0.2947008277461499
        ],
        [
            0,
            0.26191281540945305
        ],
        [
            0,
            0.3529722929821264
        ],
        [
            0,
            0.30320813728618856
        ],
        [
            0,
            0.28636448023572525
        ],
        [
            0,
            0.3274589027770071
        ],
        [
            0,
            0.26626765460136365
        ],
        [
            0,
            0.2587908050680115
        ],
        [
            0,
            0.3219691088839113
        ],
        [
            0,
            0.25179309983205783
        ]
    ],
    "epochs_completed": 0
}