{
    "test_acc": [
        [
            0,
            0.375
        ],
        [
            1,
            0.375
        ]
    ],
    "test_loss": [
        [
            0,
            1.2108522018264756
        ],
        [
            1,
            0.3437788768914357
        ]
    ],
    "train_loss": [
        [
            0,
            1.3355682600459946
        ],
        [
            0,
            1.093453440746734
        ],
        [
            0,
            0.031239695449540566
        ],
        [
            0,
            0.020352927769383116
        ],
        [
            0,
            0.5645156190286572
        ],
        [
            0,
            0.24962532161523435
        ],
        [
            0,
            0.3412836216438813
        ],
        [
            0,
            0.2874852881191987
        ],
        [
            0,
            0.0783631142870257
        ],
        [
            0,
            0.16320278941523547
        ],
        [
            0,
            0.22320481554263738
        ],
        [
            0,
            0.1419838974688718
        ],
        [
            0,
            0.16757218888147954
        ],
        [
            0,
            0.09877271875651655
        ],
        [
            0,
            0.05443870574562637
        ],
        [
            0,
            0.1276986952436645
        ],
        [
            0,
            0.15069782747470253
        ],
        [
            0,
            0.2844285705717456
        ],
        [
            0,
            0.16876063765201277
        ],
        [
            0,
            0.10672181424249416
        ],
        [
            0,
            0.11801568638639193
        ],
        [
            0,
            0.007429469073942503
        ],
        [
            0,
            0.23316194351152317
        ],
        [
            0,
            0.1544920728597953
        ]
    ],
    "epochs_completed": 0
}